-- MySQL dump 10.13  Distrib 9.3.0, for macos15.2 (arm64)
--
-- Host: 127.0.0.1    Database: hbps
-- ------------------------------------------------------
-- Server version	9.2.0

/*!40101 SET @OLD_CHARACTER_SET_CLIENT=@@CHARACTER_SET_CLIENT */;
/*!40101 SET @OLD_CHARACTER_SET_RESULTS=@@CHARACTER_SET_RESULTS */;
/*!40101 SET @OLD_COLLATION_CONNECTION=@@COLLATION_CONNECTION */;
/*!50503 SET NAMES utf8mb4 */;
/*!40103 SET @OLD_TIME_ZONE=@@TIME_ZONE */;
/*!40103 SET TIME_ZONE='+00:00' */;
/*!40014 SET @OLD_UNIQUE_CHECKS=@@UNIQUE_CHECKS, UNIQUE_CHECKS=0 */;
/*!40014 SET @OLD_FOREIGN_KEY_CHECKS=@@FOREIGN_KEY_CHECKS, FOREIGN_KEY_CHECKS=0 */;
/*!40101 SET @OLD_SQL_MODE=@@SQL_MODE, SQL_MODE='NO_AUTO_VALUE_ON_ZERO' */;
/*!40111 SET @OLD_SQL_NOTES=@@SQL_NOTES, SQL_NOTES=0 */;

--
-- Table structure for table `QRTZ_BLOB_TRIGGERS`
--

DROP TABLE IF EXISTS `QRTZ_BLOB_TRIGGERS`;
/*!40101 SET @saved_cs_client     = @@character_set_client */;
/*!50503 SET character_set_client = utf8mb4 */;
CREATE TABLE `QRTZ_BLOB_TRIGGERS` (
  `sched_name` varchar(120) NOT NULL COMMENT '调度名称',
  `trigger_name` varchar(200) NOT NULL COMMENT 'qrtz_triggers表trigger_name的外键',
  `trigger_group` varchar(200) NOT NULL COMMENT 'qrtz_triggers表trigger_group的外键',
  `blob_data` blob COMMENT '存放持久化Trigger对象',
  PRIMARY KEY (`sched_name`,`trigger_name`,`trigger_group`),
  CONSTRAINT `QRTZ_BLOB_TRIGGERS_ibfk_1` FOREIGN KEY (`sched_name`, `trigger_name`, `trigger_group`) REFERENCES `QRTZ_TRIGGERS` (`sched_name`, `trigger_name`, `trigger_group`)
) ENGINE=InnoDB DEFAULT CHARSET=utf8mb4 COLLATE=utf8mb4_0900_ai_ci COMMENT='Blob类型的触发器表';
/*!40101 SET character_set_client = @saved_cs_client */;

--
-- Dumping data for table `QRTZ_BLOB_TRIGGERS`
--

LOCK TABLES `QRTZ_BLOB_TRIGGERS` WRITE;
/*!40000 ALTER TABLE `QRTZ_BLOB_TRIGGERS` DISABLE KEYS */;
/*!40000 ALTER TABLE `QRTZ_BLOB_TRIGGERS` ENABLE KEYS */;
UNLOCK TABLES;

--
-- Table structure for table `QRTZ_CALENDARS`
--

DROP TABLE IF EXISTS `QRTZ_CALENDARS`;
/*!40101 SET @saved_cs_client     = @@character_set_client */;
/*!50503 SET character_set_client = utf8mb4 */;
CREATE TABLE `QRTZ_CALENDARS` (
  `sched_name` varchar(120) NOT NULL COMMENT '调度名称',
  `calendar_name` varchar(200) NOT NULL COMMENT '日历名称',
  `calendar` blob NOT NULL COMMENT '存放持久化calendar对象',
  PRIMARY KEY (`sched_name`,`calendar_name`)
) ENGINE=InnoDB DEFAULT CHARSET=utf8mb4 COLLATE=utf8mb4_0900_ai_ci COMMENT='日历信息表';
/*!40101 SET character_set_client = @saved_cs_client */;

--
-- Dumping data for table `QRTZ_CALENDARS`
--

LOCK TABLES `QRTZ_CALENDARS` WRITE;
/*!40000 ALTER TABLE `QRTZ_CALENDARS` DISABLE KEYS */;
/*!40000 ALTER TABLE `QRTZ_CALENDARS` ENABLE KEYS */;
UNLOCK TABLES;

--
-- Table structure for table `QRTZ_CRON_TRIGGERS`
--

DROP TABLE IF EXISTS `QRTZ_CRON_TRIGGERS`;
/*!40101 SET @saved_cs_client     = @@character_set_client */;
/*!50503 SET character_set_client = utf8mb4 */;
CREATE TABLE `QRTZ_CRON_TRIGGERS` (
  `sched_name` varchar(120) NOT NULL COMMENT '调度名称',
  `trigger_name` varchar(200) NOT NULL COMMENT 'qrtz_triggers表trigger_name的外键',
  `trigger_group` varchar(200) NOT NULL COMMENT 'qrtz_triggers表trigger_group的外键',
  `cron_expression` varchar(200) NOT NULL COMMENT 'cron表达式',
  `time_zone_id` varchar(80) DEFAULT NULL COMMENT '时区',
  PRIMARY KEY (`sched_name`,`trigger_name`,`trigger_group`),
  CONSTRAINT `QRTZ_CRON_TRIGGERS_ibfk_1` FOREIGN KEY (`sched_name`, `trigger_name`, `trigger_group`) REFERENCES `QRTZ_TRIGGERS` (`sched_name`, `trigger_name`, `trigger_group`)
) ENGINE=InnoDB DEFAULT CHARSET=utf8mb4 COLLATE=utf8mb4_0900_ai_ci COMMENT='Cron类型的触发器表';
/*!40101 SET character_set_client = @saved_cs_client */;

--
-- Dumping data for table `QRTZ_CRON_TRIGGERS`
--

LOCK TABLES `QRTZ_CRON_TRIGGERS` WRITE;
/*!40000 ALTER TABLE `QRTZ_CRON_TRIGGERS` DISABLE KEYS */;
/*!40000 ALTER TABLE `QRTZ_CRON_TRIGGERS` ENABLE KEYS */;
UNLOCK TABLES;

--
-- Table structure for table `QRTZ_FIRED_TRIGGERS`
--

DROP TABLE IF EXISTS `QRTZ_FIRED_TRIGGERS`;
/*!40101 SET @saved_cs_client     = @@character_set_client */;
/*!50503 SET character_set_client = utf8mb4 */;
CREATE TABLE `QRTZ_FIRED_TRIGGERS` (
  `sched_name` varchar(120) NOT NULL COMMENT '调度名称',
  `entry_id` varchar(95) NOT NULL COMMENT '调度器实例id',
  `trigger_name` varchar(200) NOT NULL COMMENT 'qrtz_triggers表trigger_name的外键',
  `trigger_group` varchar(200) NOT NULL COMMENT 'qrtz_triggers表trigger_group的外键',
  `instance_name` varchar(200) NOT NULL COMMENT '调度器实例名',
  `fired_time` bigint NOT NULL COMMENT '触发的时间',
  `sched_time` bigint NOT NULL COMMENT '定时器制定的时间',
  `priority` int NOT NULL COMMENT '优先级',
  `state` varchar(16) NOT NULL COMMENT '状态',
  `job_name` varchar(200) DEFAULT NULL COMMENT '任务名称',
  `job_group` varchar(200) DEFAULT NULL COMMENT '任务组名',
  `is_nonconcurrent` varchar(1) DEFAULT NULL COMMENT '是否并发',
  `requests_recovery` varchar(1) DEFAULT NULL COMMENT '是否接受恢复执行',
  PRIMARY KEY (`sched_name`,`entry_id`)
) ENGINE=InnoDB DEFAULT CHARSET=utf8mb4 COLLATE=utf8mb4_0900_ai_ci COMMENT='已触发的触发器表';
/*!40101 SET character_set_client = @saved_cs_client */;

--
-- Dumping data for table `QRTZ_FIRED_TRIGGERS`
--

LOCK TABLES `QRTZ_FIRED_TRIGGERS` WRITE;
/*!40000 ALTER TABLE `QRTZ_FIRED_TRIGGERS` DISABLE KEYS */;
/*!40000 ALTER TABLE `QRTZ_FIRED_TRIGGERS` ENABLE KEYS */;
UNLOCK TABLES;

--
-- Table structure for table `QRTZ_JOB_DETAILS`
--

DROP TABLE IF EXISTS `QRTZ_JOB_DETAILS`;
/*!40101 SET @saved_cs_client     = @@character_set_client */;
/*!50503 SET character_set_client = utf8mb4 */;
CREATE TABLE `QRTZ_JOB_DETAILS` (
  `sched_name` varchar(120) NOT NULL COMMENT '调度名称',
  `job_name` varchar(200) NOT NULL COMMENT '任务名称',
  `job_group` varchar(200) NOT NULL COMMENT '任务组名',
  `description` varchar(250) DEFAULT NULL COMMENT '相关介绍',
  `job_class_name` varchar(250) NOT NULL COMMENT '执行任务类名称',
  `is_durable` varchar(1) NOT NULL COMMENT '是否持久化',
  `is_nonconcurrent` varchar(1) NOT NULL COMMENT '是否并发',
  `is_update_data` varchar(1) NOT NULL COMMENT '是否更新数据',
  `requests_recovery` varchar(1) NOT NULL COMMENT '是否接受恢复执行',
  `job_data` blob COMMENT '存放持久化job对象',
  PRIMARY KEY (`sched_name`,`job_name`,`job_group`)
) ENGINE=InnoDB DEFAULT CHARSET=utf8mb4 COLLATE=utf8mb4_0900_ai_ci COMMENT='任务详细信息表';
/*!40101 SET character_set_client = @saved_cs_client */;

--
-- Dumping data for table `QRTZ_JOB_DETAILS`
--

LOCK TABLES `QRTZ_JOB_DETAILS` WRITE;
/*!40000 ALTER TABLE `QRTZ_JOB_DETAILS` DISABLE KEYS */;
/*!40000 ALTER TABLE `QRTZ_JOB_DETAILS` ENABLE KEYS */;
UNLOCK TABLES;

--
-- Table structure for table `QRTZ_LOCKS`
--

DROP TABLE IF EXISTS `QRTZ_LOCKS`;
/*!40101 SET @saved_cs_client     = @@character_set_client */;
/*!50503 SET character_set_client = utf8mb4 */;
CREATE TABLE `QRTZ_LOCKS` (
  `sched_name` varchar(120) NOT NULL COMMENT '调度名称',
  `lock_name` varchar(40) NOT NULL COMMENT '悲观锁名称',
  PRIMARY KEY (`sched_name`,`lock_name`)
) ENGINE=InnoDB DEFAULT CHARSET=utf8mb4 COLLATE=utf8mb4_0900_ai_ci COMMENT='存储的悲观锁信息表';
/*!40101 SET character_set_client = @saved_cs_client */;

--
-- Dumping data for table `QRTZ_LOCKS`
--

LOCK TABLES `QRTZ_LOCKS` WRITE;
/*!40000 ALTER TABLE `QRTZ_LOCKS` DISABLE KEYS */;
/*!40000 ALTER TABLE `QRTZ_LOCKS` ENABLE KEYS */;
UNLOCK TABLES;

--
-- Table structure for table `QRTZ_PAUSED_TRIGGER_GRPS`
--

DROP TABLE IF EXISTS `QRTZ_PAUSED_TRIGGER_GRPS`;
/*!40101 SET @saved_cs_client     = @@character_set_client */;
/*!50503 SET character_set_client = utf8mb4 */;
CREATE TABLE `QRTZ_PAUSED_TRIGGER_GRPS` (
  `sched_name` varchar(120) NOT NULL COMMENT '调度名称',
  `trigger_group` varchar(200) NOT NULL COMMENT 'qrtz_triggers表trigger_group的外键',
  PRIMARY KEY (`sched_name`,`trigger_group`)
) ENGINE=InnoDB DEFAULT CHARSET=utf8mb4 COLLATE=utf8mb4_0900_ai_ci COMMENT='暂停的触发器表';
/*!40101 SET character_set_client = @saved_cs_client */;

--
-- Dumping data for table `QRTZ_PAUSED_TRIGGER_GRPS`
--

LOCK TABLES `QRTZ_PAUSED_TRIGGER_GRPS` WRITE;
/*!40000 ALTER TABLE `QRTZ_PAUSED_TRIGGER_GRPS` DISABLE KEYS */;
/*!40000 ALTER TABLE `QRTZ_PAUSED_TRIGGER_GRPS` ENABLE KEYS */;
UNLOCK TABLES;

--
-- Table structure for table `QRTZ_SCHEDULER_STATE`
--

DROP TABLE IF EXISTS `QRTZ_SCHEDULER_STATE`;
/*!40101 SET @saved_cs_client     = @@character_set_client */;
/*!50503 SET character_set_client = utf8mb4 */;
CREATE TABLE `QRTZ_SCHEDULER_STATE` (
  `sched_name` varchar(120) NOT NULL COMMENT '调度名称',
  `instance_name` varchar(200) NOT NULL COMMENT '实例名称',
  `last_checkin_time` bigint NOT NULL COMMENT '上次检查时间',
  `checkin_interval` bigint NOT NULL COMMENT '检查间隔时间',
  PRIMARY KEY (`sched_name`,`instance_name`)
) ENGINE=InnoDB DEFAULT CHARSET=utf8mb4 COLLATE=utf8mb4_0900_ai_ci COMMENT='调度器状态表';
/*!40101 SET character_set_client = @saved_cs_client */;

--
-- Dumping data for table `QRTZ_SCHEDULER_STATE`
--

LOCK TABLES `QRTZ_SCHEDULER_STATE` WRITE;
/*!40000 ALTER TABLE `QRTZ_SCHEDULER_STATE` DISABLE KEYS */;
/*!40000 ALTER TABLE `QRTZ_SCHEDULER_STATE` ENABLE KEYS */;
UNLOCK TABLES;

--
-- Table structure for table `QRTZ_SIMPLE_TRIGGERS`
--

DROP TABLE IF EXISTS `QRTZ_SIMPLE_TRIGGERS`;
/*!40101 SET @saved_cs_client     = @@character_set_client */;
/*!50503 SET character_set_client = utf8mb4 */;
CREATE TABLE `QRTZ_SIMPLE_TRIGGERS` (
  `sched_name` varchar(120) NOT NULL COMMENT '调度名称',
  `trigger_name` varchar(200) NOT NULL COMMENT 'qrtz_triggers表trigger_name的外键',
  `trigger_group` varchar(200) NOT NULL COMMENT 'qrtz_triggers表trigger_group的外键',
  `repeat_count` bigint NOT NULL COMMENT '重复的次数统计',
  `repeat_interval` bigint NOT NULL COMMENT '重复的间隔时间',
  `times_triggered` bigint NOT NULL COMMENT '已经触发的次数',
  PRIMARY KEY (`sched_name`,`trigger_name`,`trigger_group`),
  CONSTRAINT `QRTZ_SIMPLE_TRIGGERS_ibfk_1` FOREIGN KEY (`sched_name`, `trigger_name`, `trigger_group`) REFERENCES `QRTZ_TRIGGERS` (`sched_name`, `trigger_name`, `trigger_group`)
) ENGINE=InnoDB DEFAULT CHARSET=utf8mb4 COLLATE=utf8mb4_0900_ai_ci COMMENT='简单触发器的信息表';
/*!40101 SET character_set_client = @saved_cs_client */;

--
-- Dumping data for table `QRTZ_SIMPLE_TRIGGERS`
--

LOCK TABLES `QRTZ_SIMPLE_TRIGGERS` WRITE;
/*!40000 ALTER TABLE `QRTZ_SIMPLE_TRIGGERS` DISABLE KEYS */;
/*!40000 ALTER TABLE `QRTZ_SIMPLE_TRIGGERS` ENABLE KEYS */;
UNLOCK TABLES;

--
-- Table structure for table `QRTZ_SIMPROP_TRIGGERS`
--

DROP TABLE IF EXISTS `QRTZ_SIMPROP_TRIGGERS`;
/*!40101 SET @saved_cs_client     = @@character_set_client */;
/*!50503 SET character_set_client = utf8mb4 */;
CREATE TABLE `QRTZ_SIMPROP_TRIGGERS` (
  `sched_name` varchar(120) NOT NULL COMMENT '调度名称',
  `trigger_name` varchar(200) NOT NULL COMMENT 'qrtz_triggers表trigger_name的外键',
  `trigger_group` varchar(200) NOT NULL COMMENT 'qrtz_triggers表trigger_group的外键',
  `str_prop_1` varchar(512) DEFAULT NULL COMMENT 'String类型的trigger的第一个参数',
  `str_prop_2` varchar(512) DEFAULT NULL COMMENT 'String类型的trigger的第二个参数',
  `str_prop_3` varchar(512) DEFAULT NULL COMMENT 'String类型的trigger的第三个参数',
  `int_prop_1` int DEFAULT NULL COMMENT 'int类型的trigger的第一个参数',
  `int_prop_2` int DEFAULT NULL COMMENT 'int类型的trigger的第二个参数',
  `long_prop_1` bigint DEFAULT NULL COMMENT 'long类型的trigger的第一个参数',
  `long_prop_2` bigint DEFAULT NULL COMMENT 'long类型的trigger的第二个参数',
  `dec_prop_1` decimal(13,4) DEFAULT NULL COMMENT 'decimal类型的trigger的第一个参数',
  `dec_prop_2` decimal(13,4) DEFAULT NULL COMMENT 'decimal类型的trigger的第二个参数',
  `bool_prop_1` varchar(1) DEFAULT NULL COMMENT 'Boolean类型的trigger的第一个参数',
  `bool_prop_2` varchar(1) DEFAULT NULL COMMENT 'Boolean类型的trigger的第二个参数',
  PRIMARY KEY (`sched_name`,`trigger_name`,`trigger_group`),
  CONSTRAINT `QRTZ_SIMPROP_TRIGGERS_ibfk_1` FOREIGN KEY (`sched_name`, `trigger_name`, `trigger_group`) REFERENCES `QRTZ_TRIGGERS` (`sched_name`, `trigger_name`, `trigger_group`)
) ENGINE=InnoDB DEFAULT CHARSET=utf8mb4 COLLATE=utf8mb4_0900_ai_ci COMMENT='同步机制的行锁表';
/*!40101 SET character_set_client = @saved_cs_client */;

--
-- Dumping data for table `QRTZ_SIMPROP_TRIGGERS`
--

LOCK TABLES `QRTZ_SIMPROP_TRIGGERS` WRITE;
/*!40000 ALTER TABLE `QRTZ_SIMPROP_TRIGGERS` DISABLE KEYS */;
/*!40000 ALTER TABLE `QRTZ_SIMPROP_TRIGGERS` ENABLE KEYS */;
UNLOCK TABLES;

--
-- Table structure for table `QRTZ_TRIGGERS`
--

DROP TABLE IF EXISTS `QRTZ_TRIGGERS`;
/*!40101 SET @saved_cs_client     = @@character_set_client */;
/*!50503 SET character_set_client = utf8mb4 */;
CREATE TABLE `QRTZ_TRIGGERS` (
  `sched_name` varchar(120) NOT NULL COMMENT '调度名称',
  `trigger_name` varchar(200) NOT NULL COMMENT '触发器的名字',
  `trigger_group` varchar(200) NOT NULL COMMENT '触发器所属组的名字',
  `job_name` varchar(200) NOT NULL COMMENT 'qrtz_job_details表job_name的外键',
  `job_group` varchar(200) NOT NULL COMMENT 'qrtz_job_details表job_group的外键',
  `description` varchar(250) DEFAULT NULL COMMENT '相关介绍',
  `next_fire_time` bigint DEFAULT NULL COMMENT '上一次触发时间（毫秒）',
  `prev_fire_time` bigint DEFAULT NULL COMMENT '下一次触发时间（默认为-1表示不触发）',
  `priority` int DEFAULT NULL COMMENT '优先级',
  `trigger_state` varchar(16) NOT NULL COMMENT '触发器状态',
  `trigger_type` varchar(8) NOT NULL COMMENT '触发器的类型',
  `start_time` bigint NOT NULL COMMENT '开始时间',
  `end_time` bigint DEFAULT NULL COMMENT '结束时间',
  `calendar_name` varchar(200) DEFAULT NULL COMMENT '日程表名称',
  `misfire_instr` smallint DEFAULT NULL COMMENT '补偿执行的策略',
  `job_data` blob COMMENT '存放持久化job对象',
  PRIMARY KEY (`sched_name`,`trigger_name`,`trigger_group`),
  KEY `sched_name` (`sched_name`,`job_name`,`job_group`),
  CONSTRAINT `QRTZ_TRIGGERS_ibfk_1` FOREIGN KEY (`sched_name`, `job_name`, `job_group`) REFERENCES `QRTZ_JOB_DETAILS` (`sched_name`, `job_name`, `job_group`)
) ENGINE=InnoDB DEFAULT CHARSET=utf8mb4 COLLATE=utf8mb4_0900_ai_ci COMMENT='触发器详细信息表';
/*!40101 SET character_set_client = @saved_cs_client */;

--
-- Dumping data for table `QRTZ_TRIGGERS`
--

LOCK TABLES `QRTZ_TRIGGERS` WRITE;
/*!40000 ALTER TABLE `QRTZ_TRIGGERS` DISABLE KEYS */;
/*!40000 ALTER TABLE `QRTZ_TRIGGERS` ENABLE KEYS */;
UNLOCK TABLES;

--
-- Table structure for table `address`
--

DROP TABLE IF EXISTS `address`;
/*!40101 SET @saved_cs_client     = @@character_set_client */;
/*!50503 SET character_set_client = utf8mb4 */;
CREATE TABLE `address` (
  `address_id` int NOT NULL AUTO_INCREMENT COMMENT '地址主键',
  `order_id` int NOT NULL COMMENT '关联订单ID',
  `address` varchar(255) NOT NULL COMMENT '详细地址',
  PRIMARY KEY (`address_id`),
  KEY `idx_address_order` (`order_id`),
  CONSTRAINT `fk_address_order` FOREIGN KEY (`order_id`) REFERENCES `order` (`order_id`)
) ENGINE=InnoDB DEFAULT CHARSET=utf8mb4 COLLATE=utf8mb4_0900_ai_ci COMMENT='存放用户地址信息';
/*!40101 SET character_set_client = @saved_cs_client */;

--
-- Dumping data for table `address`
--

LOCK TABLES `address` WRITE;
/*!40000 ALTER TABLE `address` DISABLE KEYS */;
/*!40000 ALTER TABLE `address` ENABLE KEYS */;
UNLOCK TABLES;

--
-- Table structure for table `cart`
--

DROP TABLE IF EXISTS `cart`;
/*!40101 SET @saved_cs_client     = @@character_set_client */;
/*!50503 SET character_set_client = utf8mb4 */;
CREATE TABLE `cart` (
  `cart_id` int NOT NULL AUTO_INCREMENT COMMENT '购物车ID',
  `user_id` bigint NOT NULL COMMENT '用户ID',
  `product_id` int NOT NULL COMMENT '商品ID',
  `quantity` int NOT NULL COMMENT '商品数量',
  `added_at` datetime DEFAULT CURRENT_TIMESTAMP COMMENT '添加时间',
  PRIMARY KEY (`cart_id`),
  KEY `user_id` (`user_id`),
  KEY `product_id` (`product_id`),
  CONSTRAINT `cart_ibfk_1` FOREIGN KEY (`user_id`) REFERENCES `sys_user` (`user_id`),
  CONSTRAINT `cart_ibfk_2` FOREIGN KEY (`product_id`) REFERENCES `product` (`product_id`)
) ENGINE=InnoDB AUTO_INCREMENT=16 DEFAULT CHARSET=utf8mb4 COLLATE=utf8mb4_0900_ai_ci COMMENT='购物车表';
/*!40101 SET character_set_client = @saved_cs_client */;

--
-- Dumping data for table `cart`
--

LOCK TABLES `cart` WRITE;
/*!40000 ALTER TABLE `cart` DISABLE KEYS */;
/*!40000 ALTER TABLE `cart` ENABLE KEYS */;
UNLOCK TABLES;

--
-- Table structure for table `gen_table`
--

DROP TABLE IF EXISTS `gen_table`;
/*!40101 SET @saved_cs_client     = @@character_set_client */;
/*!50503 SET character_set_client = utf8mb4 */;
CREATE TABLE `gen_table` (
  `table_id` bigint NOT NULL AUTO_INCREMENT COMMENT '编号',
  `table_name` varchar(200) DEFAULT '' COMMENT '表名称',
  `table_comment` varchar(500) DEFAULT '' COMMENT '表描述',
  `sub_table_name` varchar(64) DEFAULT NULL COMMENT '关联子表的表名',
  `sub_table_fk_name` varchar(64) DEFAULT NULL COMMENT '子表关联的外键名',
  `class_name` varchar(100) DEFAULT '' COMMENT '实体类名称',
  `tpl_category` varchar(200) DEFAULT 'crud' COMMENT '使用的模板（crud单表操作 tree树表操作）',
  `tpl_web_type` varchar(30) DEFAULT '' COMMENT '前端模板类型（element-ui模版 element-plus模版）',
  `package_name` varchar(100) DEFAULT NULL COMMENT '生成包路径',
  `module_name` varchar(30) DEFAULT NULL COMMENT '生成模块名',
  `business_name` varchar(30) DEFAULT NULL COMMENT '生成业务名',
  `function_name` varchar(50) DEFAULT NULL COMMENT '生成功能名',
  `function_author` varchar(50) DEFAULT NULL COMMENT '生成功能作者',
  `gen_type` char(1) DEFAULT '0' COMMENT '生成代码方式（0zip压缩包 1自定义路径）',
  `gen_path` varchar(200) DEFAULT '/' COMMENT '生成路径（不填默认项目路径）',
  `options` varchar(1000) DEFAULT NULL COMMENT '其它生成选项',
  `create_by` varchar(64) DEFAULT '' COMMENT '创建者',
  `create_time` datetime DEFAULT NULL COMMENT '创建时间',
  `update_by` varchar(64) DEFAULT '' COMMENT '更新者',
  `update_time` datetime DEFAULT NULL COMMENT '更新时间',
  `remark` varchar(500) DEFAULT NULL COMMENT '备注',
  PRIMARY KEY (`table_id`)
) ENGINE=InnoDB AUTO_INCREMENT=13 DEFAULT CHARSET=utf8mb4 COLLATE=utf8mb4_0900_ai_ci COMMENT='代码生成业务表';
/*!40101 SET character_set_client = @saved_cs_client */;

--
-- Dumping data for table `gen_table`
--

LOCK TABLES `gen_table` WRITE;
/*!40000 ALTER TABLE `gen_table` DISABLE KEYS */;
INSERT INTO `gen_table` VALUES (1,'cart','购物车表',NULL,NULL,'Cart','crud','element-ui','com.ruoyi.system','system','cart','购物车','hxx','0','/','{\"parentMenuId\":2000}','admin','2025-04-12 18:04:00','','2025-04-12 18:08:32',NULL),(2,'order','订单表',NULL,NULL,'Order','crud','element-ui','com.ruoyi.system','system','order','订单','hxx','0','/','{\"parentMenuId\":2000}','admin','2025-04-12 18:04:00','','2025-04-26 14:13:06',NULL),(3,'order_detail','订单详情表',NULL,NULL,'OrderDetail','crud','element-ui','com.ruoyi.system','system','detail','订单详情','hxx','0','/','{\"parentMenuId\":2000}','admin','2025-04-12 18:04:00','','2025-04-12 18:10:13',NULL),(4,'product','商品表',NULL,NULL,'Product','crud','element-ui','com.ruoyi.system','system','product','商品','hxx','0','/','{\"parentMenuId\":2000}','admin','2025-04-12 18:04:00','','2025-04-13 08:42:33',NULL),(5,'product_category','商品类别表',NULL,NULL,'ProductCategory','crud','element-ui','com.ruoyi.system','system','category','商品类别','hxx','0','/','{\"parentMenuId\":2000}','admin','2025-04-12 18:04:00','','2025-04-12 18:13:26',NULL),(6,'review','评论表',NULL,NULL,'Review','crud','element-ui','com.ruoyi.system','system','review','评论','hxx','0','/','{\"parentMenuId\":2000}','admin','2025-04-12 18:04:00','','2025-04-12 18:13:35',NULL),(7,'view_product_reviews','VIEW',NULL,NULL,'ViewProductReviews','crud','element-ui','com.ruoyi.system','system','reviews','评论详情','hxx','0','/','{\"parentMenuId\":2000}','admin','2025-04-13 14:15:28','','2025-04-13 14:16:21',NULL),(8,'address','存放用户地址信息',NULL,NULL,'Address','crud','element-ui','com.ruoyi.system','system','address','订单地址信息','hxx','0','/','{\"parentMenuId\":2000}','admin','2025-04-26 14:11:13','','2025-04-26 16:25:37',NULL),(9,'user_address','用户地址信息',NULL,NULL,'UserAddress','crud','element-ui','com.ruoyi.system','system','user_address','用户地址信息','hxx','0','/','{\"parentMenuId\":2000}','admin','2025-04-26 16:25:16','','2025-04-26 16:26:27',NULL),(10,'saller_order','销售员-订单关联表',NULL,NULL,'SallerOrder','crud','element-ui','com.ruoyi.system','system','saller_order','销售员-订单关联','hxx','0','/','{\"parentMenuId\":2000}','admin','2025-04-27 05:21:23','','2025-04-27 05:22:16',NULL),(11,'saller_product','销售员-产品关联表',NULL,NULL,'SallerProduct','crud','element-ui','com.ruoyi.system','system','saller_product','销售员-产品关联','hxx','0','/','{\"parentMenuId\":2000}','admin','2025-04-27 05:21:23','','2025-04-27 05:22:30',NULL),(12,'vw_product_with_user','VIEW',NULL,NULL,'VwProductWithUser','crud','element-ui','com.ruoyi.system','system','view_product_user','VIEW','hxx','0','/','{\"parentMenuId\":2000}','admin','2025-04-27 11:38:22','','2025-04-27 11:38:47',NULL);
/*!40000 ALTER TABLE `gen_table` ENABLE KEYS */;
UNLOCK TABLES;

--
-- Table structure for table `gen_table_column`
--

DROP TABLE IF EXISTS `gen_table_column`;
/*!40101 SET @saved_cs_client     = @@character_set_client */;
/*!50503 SET character_set_client = utf8mb4 */;
CREATE TABLE `gen_table_column` (
  `column_id` bigint NOT NULL AUTO_INCREMENT COMMENT '编号',
  `table_id` bigint DEFAULT NULL COMMENT '归属表编号',
  `column_name` varchar(200) DEFAULT NULL COMMENT '列名称',
  `column_comment` varchar(500) DEFAULT NULL COMMENT '列描述',
  `column_type` varchar(100) DEFAULT NULL COMMENT '列类型',
  `java_type` varchar(500) DEFAULT NULL COMMENT 'JAVA类型',
  `java_field` varchar(200) DEFAULT NULL COMMENT 'JAVA字段名',
  `is_pk` char(1) DEFAULT NULL COMMENT '是否主键（1是）',
  `is_increment` char(1) DEFAULT NULL COMMENT '是否自增（1是）',
  `is_required` char(1) DEFAULT NULL COMMENT '是否必填（1是）',
  `is_insert` char(1) DEFAULT NULL COMMENT '是否为插入字段（1是）',
  `is_edit` char(1) DEFAULT NULL COMMENT '是否编辑字段（1是）',
  `is_list` char(1) DEFAULT NULL COMMENT '是否列表字段（1是）',
  `is_query` char(1) DEFAULT NULL COMMENT '是否查询字段（1是）',
  `query_type` varchar(200) DEFAULT 'EQ' COMMENT '查询方式（等于、不等于、大于、小于、范围）',
  `html_type` varchar(200) DEFAULT NULL COMMENT '显示类型（文本框、文本域、下拉框、复选框、单选框、日期控件）',
  `dict_type` varchar(200) DEFAULT '' COMMENT '字典类型',
  `sort` int DEFAULT NULL COMMENT '排序',
  `create_by` varchar(64) DEFAULT '' COMMENT '创建者',
  `create_time` datetime DEFAULT NULL COMMENT '创建时间',
  `update_by` varchar(64) DEFAULT '' COMMENT '更新者',
  `update_time` datetime DEFAULT NULL COMMENT '更新时间',
  PRIMARY KEY (`column_id`)
) ENGINE=InnoDB AUTO_INCREMENT=71 DEFAULT CHARSET=utf8mb4 COLLATE=utf8mb4_0900_ai_ci COMMENT='代码生成业务表字段';
/*!40101 SET character_set_client = @saved_cs_client */;

--
-- Dumping data for table `gen_table_column`
--

LOCK TABLES `gen_table_column` WRITE;
/*!40000 ALTER TABLE `gen_table_column` DISABLE KEYS */;
INSERT INTO `gen_table_column` VALUES (1,1,'cart_id','购物车ID','int','Long','cartId','1','1','0','1',NULL,NULL,NULL,'EQ','input','',1,'admin','2025-04-12 18:04:00','','2025-04-12 18:08:32'),(2,1,'user_id','用户ID','bigint','Long','userId','0','0','1','1','1','1','1','EQ','input','',2,'admin','2025-04-12 18:04:00','','2025-04-12 18:08:32'),(3,1,'product_id','商品ID','int','Long','productId','0','0','1','1','1','1','1','EQ','input','',3,'admin','2025-04-12 18:04:00','','2025-04-12 18:08:32'),(4,1,'quantity','商品数量','int','Long','quantity','0','0','1','1','1','1','1','EQ','input','',4,'admin','2025-04-12 18:04:00','','2025-04-12 18:08:32'),(5,1,'added_at','添加时间','datetime','Date','addedAt','0','0','0','1','1','1','1','EQ','datetime','',5,'admin','2025-04-12 18:04:00','','2025-04-12 18:08:32'),(6,2,'order_id','订单ID','int','Long','orderId','1','1','0','1',NULL,NULL,NULL,'EQ','input','',1,'admin','2025-04-12 18:04:00','','2025-04-26 14:13:06'),(7,2,'user_id','用户ID','bigint','Long','userId','0','0','1','1','1','1','1','EQ','input','',2,'admin','2025-04-12 18:04:00','','2025-04-26 14:13:06'),(8,2,'total_amount','订单总金额','decimal(10,2)','BigDecimal','totalAmount','0','0','1','1','1','1','1','EQ','input','',3,'admin','2025-04-12 18:04:00','','2025-04-26 14:13:06'),(9,2,'status','订单状态（如待付款、已发货）','varchar(20)','String','status','0','0','1','1','1','1','1','EQ','radio','',4,'admin','2025-04-12 18:04:00','','2025-04-26 14:13:06'),(10,2,'payment_status','付款状态（0-未付款，1-已付款）','char(1)','String','paymentStatus','0','0','1','1','1','1','1','EQ','radio','',5,'admin','2025-04-12 18:04:00','','2025-04-26 14:13:06'),(11,2,'shipping_status','物流状态（如未发货、已签收）','varchar(20)','String','shippingStatus','0','0','1','1','1','1','1','EQ','radio','',6,'admin','2025-04-12 18:04:00','','2025-04-26 14:13:06'),(12,2,'created_at','创建时间','datetime','Date','createdAt','0','0','0','1','1','1','1','EQ','datetime','',7,'admin','2025-04-12 18:04:00','','2025-04-26 14:13:06'),(13,2,'updated_at','更新时间','datetime','Date','updatedAt','0','0','0','1','1','1','1','EQ','datetime','',8,'admin','2025-04-12 18:04:00','','2025-04-26 14:13:06'),(14,3,'detail_id','订单详情ID','int','Long','detailId','1','1','0','1',NULL,NULL,NULL,'EQ','input','',1,'admin','2025-04-12 18:04:00','','2025-04-12 18:10:13'),(15,3,'order_id','订单ID','int','Long','orderId','0','0','1','1','1','1','1','EQ','input','',2,'admin','2025-04-12 18:04:00','','2025-04-12 18:10:13'),(16,3,'product_id','商品ID','int','Long','productId','0','0','1','1','1','1','1','EQ','input','',3,'admin','2025-04-12 18:04:00','','2025-04-12 18:10:13'),(17,3,'quantity','商品数量','int','Long','quantity','0','0','1','1','1','1','1','EQ','input','',4,'admin','2025-04-12 18:04:00','','2025-04-12 18:10:13'),(18,3,'price','商品单价','decimal(10,2)','BigDecimal','price','0','0','1','1','1','1','1','EQ','input','',5,'admin','2025-04-12 18:04:00','','2025-04-12 18:10:13'),(19,4,'product_id','商品ID','int','Long','productId','1','1','0','1',NULL,NULL,NULL,'EQ','input','',1,'admin','2025-04-12 18:04:00','','2025-04-13 08:42:33'),(20,4,'category_id','商品类别ID','int','Long','categoryId','0','0','1','1','1','1','1','EQ','input','',2,'admin','2025-04-12 18:04:00','','2025-04-13 08:42:33'),(21,4,'name','商品名称','varchar(100)','String','name','0','0','1','1','1','1','1','LIKE','input','',3,'admin','2025-04-12 18:04:00','','2025-04-13 08:42:33'),(22,4,'description','商品描述','text','String','description','0','0','0','1','1','1','1','EQ','textarea','',4,'admin','2025-04-12 18:04:00','','2025-04-13 08:42:33'),(23,4,'price','商品价格','decimal(10,2)','BigDecimal','price','0','0','1','1','1','1','1','EQ','input','',5,'admin','2025-04-12 18:04:00','','2025-04-13 08:42:33'),(24,4,'quality_level','品质等级（1-优，2-良，3-中）','tinyint','Long','qualityLevel','0','0','1','1','1','1','1','EQ','input','',6,'admin','2025-04-12 18:04:00','','2025-04-13 08:42:33'),(25,4,'stock','库存数量','int','Long','stock','0','0','1','1','1','1','1','EQ','input','',7,'admin','2025-04-12 18:04:00','','2025-04-13 08:42:33'),(26,4,'image_url','商品图片URL','varchar(255)','String','imageUrl','0','0','0','1','1','1','1','EQ','input','',8,'admin','2025-04-12 18:04:00','','2025-04-13 08:42:33'),(27,4,'created_at','创建时间','datetime','Date','createdAt','0','0','0','1','1','1','1','EQ','datetime','',9,'admin','2025-04-12 18:04:00','','2025-04-13 08:42:33'),(28,4,'updated_at','更新时间','datetime','Date','updatedAt','0','0','0','1','1','1','1','EQ','datetime','',10,'admin','2025-04-12 18:04:00','','2025-04-13 08:42:33'),(29,5,'category_id','商品类别ID','int','Long','categoryId','1','1','0','1',NULL,NULL,NULL,'EQ','input','',1,'admin','2025-04-12 18:04:00','','2025-04-12 18:13:26'),(30,5,'name','商品类别名称','varchar(50)','String','name','0','0','1','1','1','1','1','LIKE','input','',2,'admin','2025-04-12 18:04:00','','2025-04-12 18:13:26'),(31,5,'created_at','创建时间','datetime','Date','createdAt','0','0','0','1','1','1','1','EQ','datetime','',3,'admin','2025-04-12 18:04:00','','2025-04-12 18:13:26'),(32,6,'review_id','评论ID','int','Long','reviewId','1','1','0','1',NULL,NULL,NULL,'EQ','input','',1,'admin','2025-04-12 18:04:00','','2025-04-12 18:13:35'),(33,6,'user_id','用户ID','bigint','Long','userId','0','0','1','1','1','1','1','EQ','input','',2,'admin','2025-04-12 18:04:00','','2025-04-12 18:13:35'),(34,6,'product_id','商品ID','int','Long','productId','0','0','1','1','1','1','1','EQ','input','',3,'admin','2025-04-12 18:04:00','','2025-04-12 18:13:35'),(35,6,'rating','评分（1-5）','int','Long','rating','0','0','1','1','1','1','1','EQ','input','',4,'admin','2025-04-12 18:04:00','','2025-04-12 18:13:35'),(36,6,'comment','评论内容','text','String','comment','0','0','0','1','1','1','1','EQ','textarea','',5,'admin','2025-04-12 18:04:00','','2025-04-12 18:13:35'),(37,6,'created_at','评论时间','datetime','Date','createdAt','0','0','0','1','1','1','1','EQ','datetime','',6,'admin','2025-04-12 18:04:00','','2025-04-12 18:13:35'),(38,4,'p_status','上下架状态','tinyint(1)','Integer','pStatus','0','0','1','1','1','1','1','EQ','radio','',11,'','2025-04-13 08:42:22','','2025-04-13 08:42:33'),(39,7,'review_id','评论ID','int','Long','reviewId','0','0','1','0','0','1','1','EQ','input','',1,'admin','2025-04-13 14:15:28','','2025-04-13 14:16:21'),(40,7,'user_id','用户ID','bigint','Long','userId','0','0','1','0','0','1','1','EQ','input','',2,'admin','2025-04-13 14:15:28','','2025-04-13 14:16:21'),(41,7,'nick_name','用户昵称','varchar(30)','String','nickName','0','0','0','0','0','1','1','LIKE','input','',3,'admin','2025-04-13 14:15:28','','2025-04-13 14:16:21'),(42,7,'product_id','商品ID','int','Long','productId','0','0','1','0','0','1','1','EQ','input','',4,'admin','2025-04-13 14:15:28','','2025-04-13 14:16:21'),(43,7,'rating','评分（1-5）','int','Long','rating','0','0','1','0','0','1','1','EQ','input','',5,'admin','2025-04-13 14:15:28','','2025-04-13 14:16:21'),(44,7,'comment','评论内容','text','String','comment','0','0','0','0','0','1','1','EQ','textarea','',6,'admin','2025-04-13 14:15:28','','2025-04-13 14:16:21'),(45,7,'created_at','评论时间','datetime','Date','createdAt','0','0','0','0','0','1','1','EQ','datetime','',7,'admin','2025-04-13 14:15:28','','2025-04-13 14:16:21'),(46,8,'address_id','地址主键','int','Long','addressId','1','1','0','1',NULL,NULL,NULL,'EQ','input','',1,'admin','2025-04-26 14:11:13','','2025-04-26 16:25:37'),(48,8,'order_id','关联订单ID','int','Long','orderId','0','0','1','1','1','1','1','EQ','input','',2,'admin','2025-04-26 14:11:13','','2025-04-26 16:25:37'),(49,8,'address','详细地址','varchar(255)','String','address','0','0','1','1','1','1','1','EQ','input','',3,'admin','2025-04-26 14:11:13','','2025-04-26 16:25:37'),(50,2,'address_id','地址ID，外键引用 address.address_id','int','Long','addressId','0','0','0','1','1','1','1','EQ','input','',9,'','2025-04-26 14:12:50','','2025-04-26 14:13:06'),(51,9,'address_id','地址主键','int','Long','addressId','1','1','0','1',NULL,NULL,NULL,'EQ','input','',1,'admin','2025-04-26 16:25:16','','2025-04-26 16:26:27'),(52,9,'user_id','关联用户ID','bigint','Long','userId','0','0','1','1','1','1','1','EQ','input','',2,'admin','2025-04-26 16:25:16','','2025-04-26 16:26:27'),(53,9,'address','详细地址','varchar(255)','String','address','0','0','1','1','1','1','1','EQ','input','',3,'admin','2025-04-26 16:25:16','','2025-04-26 16:26:27'),(54,10,'user_id','用户ID','bigint','Long','userId','0','0','1','1','1','1','1','EQ','input','',1,'admin','2025-04-27 05:21:23','','2025-04-27 05:22:16'),(55,10,'order_id','订单ID','bigint','Long','orderId','0','0','1','1','1','1','1','EQ','input','',2,'admin','2025-04-27 05:21:23','','2025-04-27 05:22:16'),(56,11,'user_id','用户ID','bigint','Long','userId','0','0','1','1','1','1','1','EQ','input','',1,'admin','2025-04-27 05:21:23','','2025-04-27 05:22:30'),(57,11,'product_id','产品ID','bigint','Long','productId','0','0','1','1','1','1','1','EQ','input','',2,'admin','2025-04-27 05:21:23','','2025-04-27 05:22:30'),(58,12,'product_id','商品ID','int','Long','productId','0','0','1','1','1','1','1','EQ','input','',1,'admin','2025-04-27 11:38:22','','2025-04-27 11:38:47'),(59,12,'category_id','商品类别ID','int','Long','categoryId','0','0','1','1','1','1','1','EQ','input','',2,'admin','2025-04-27 11:38:22','','2025-04-27 11:38:47'),(60,12,'name','商品名称','varchar(100)','String','name','0','0','1','1','1','1','1','LIKE','input','',3,'admin','2025-04-27 11:38:22','','2025-04-27 11:38:47'),(61,12,'description','商品描述','text','String','description','0','0','0','1','1','1','1','EQ','textarea','',4,'admin','2025-04-27 11:38:22','','2025-04-27 11:38:47'),(62,12,'price','商品价格','decimal(10,2)','BigDecimal','price','0','0','1','1','1','1','1','EQ','input','',5,'admin','2025-04-27 11:38:22','','2025-04-27 11:38:47'),(63,12,'quality_level','品质等级（1-优，2-良，3-中）','tinyint','Long','qualityLevel','0','0','1','1','1','1','1','EQ','input','',6,'admin','2025-04-27 11:38:22','','2025-04-27 11:38:47'),(64,12,'stock','库存数量','int','Long','stock','0','0','1','1','1','1','1','EQ','input','',7,'admin','2025-04-27 11:38:22','','2025-04-27 11:38:47'),(65,12,'image_url','商品图片URL','varchar(255)','String','imageUrl','0','0','0','1','1','1','1','EQ','input','',8,'admin','2025-04-27 11:38:22','','2025-04-27 11:38:47'),(66,12,'created_at','创建时间','datetime','Date','createdAt','0','0','0','1','1','1','1','EQ','datetime','',9,'admin','2025-04-27 11:38:22','','2025-04-27 11:38:47'),(67,12,'updated_at','更新时间','datetime','Date','updatedAt','0','0','0','1','1','1','1','EQ','datetime','',10,'admin','2025-04-27 11:38:22','','2025-04-27 11:38:47'),(68,12,'p_status','上下架状态','tinyint(1)','Integer','pStatus','0','0','1','1','1','1','1','EQ','radio','',11,'admin','2025-04-27 11:38:22','','2025-04-27 11:38:47'),(69,12,'user_id','用户ID','bigint','Long','userId','0','0','0','1','1','1','1','EQ','input','',12,'admin','2025-04-27 11:38:22','','2025-04-27 11:38:47'),(70,12,'nick_name','用户昵称','varchar(30)','String','nickName','0','0','0','1','1','1','1','LIKE','input','',13,'admin','2025-04-27 11:38:22','','2025-04-27 11:38:47');
/*!40000 ALTER TABLE `gen_table_column` ENABLE KEYS */;
UNLOCK TABLES;

--
-- Table structure for table `order`
--

DROP TABLE IF EXISTS `order`;
/*!40101 SET @saved_cs_client     = @@character_set_client */;
/*!50503 SET character_set_client = utf8mb4 */;
CREATE TABLE `order` (
  `order_id` int NOT NULL AUTO_INCREMENT COMMENT '订单ID',
  `user_id` bigint NOT NULL COMMENT '用户ID',
  `total_amount` decimal(10,2) NOT NULL DEFAULT '0.00' COMMENT '订单总金额',
  `status` varchar(20) NOT NULL DEFAULT '0' COMMENT '订单状态（如待付款、已发货）',
  `payment_status` char(1) NOT NULL DEFAULT '0' COMMENT '付款状态（0-未付款，1-已付款）',
  `shipping_status` varchar(20) NOT NULL DEFAULT '0' COMMENT '物流状态（如未发货、已签收）',
  `created_at` datetime DEFAULT CURRENT_TIMESTAMP COMMENT '创建时间',
  `updated_at` datetime DEFAULT CURRENT_TIMESTAMP ON UPDATE CURRENT_TIMESTAMP COMMENT '更新时间',
  `address_id` int DEFAULT NULL COMMENT '地址ID，外键引用 address.address_id',
  PRIMARY KEY (`order_id`),
  KEY `user_id` (`user_id`),
  CONSTRAINT `order_ibfk_1` FOREIGN KEY (`user_id`) REFERENCES `sys_user` (`user_id`)
) ENGINE=InnoDB AUTO_INCREMENT=77 DEFAULT CHARSET=utf8mb4 COLLATE=utf8mb4_0900_ai_ci COMMENT='订单表';
/*!40101 SET character_set_client = @saved_cs_client */;

--
-- Dumping data for table `order`
--

LOCK TABLES `order` WRITE;
/*!40000 ALTER TABLE `order` DISABLE KEYS */;
/*!40000 ALTER TABLE `order` ENABLE KEYS */;
UNLOCK TABLES;

--
-- Table structure for table `order_detail`
--

DROP TABLE IF EXISTS `order_detail`;
/*!40101 SET @saved_cs_client     = @@character_set_client */;
/*!50503 SET character_set_client = utf8mb4 */;
CREATE TABLE `order_detail` (
  `detail_id` int NOT NULL AUTO_INCREMENT COMMENT '订单详情ID',
  `order_id` int NOT NULL COMMENT '订单ID',
  `product_id` int NOT NULL COMMENT '商品ID',
  `quantity` int NOT NULL COMMENT '商品数量',
  `price` decimal(10,2) NOT NULL COMMENT '商品单价',
  PRIMARY KEY (`detail_id`),
  KEY `order_id` (`order_id`),
  KEY `product_id` (`product_id`),
  CONSTRAINT `order_detail_ibfk_1` FOREIGN KEY (`order_id`) REFERENCES `order` (`order_id`),
  CONSTRAINT `order_detail_ibfk_2` FOREIGN KEY (`product_id`) REFERENCES `product` (`product_id`)
) ENGINE=InnoDB AUTO_INCREMENT=96 DEFAULT CHARSET=utf8mb4 COLLATE=utf8mb4_0900_ai_ci COMMENT='订单详情表';
/*!40101 SET character_set_client = @saved_cs_client */;

--
-- Dumping data for table `order_detail`
--

LOCK TABLES `order_detail` WRITE;
/*!40000 ALTER TABLE `order_detail` DISABLE KEYS */;
/*!40000 ALTER TABLE `order_detail` ENABLE KEYS */;
UNLOCK TABLES;
/*!50003 SET @saved_cs_client      = @@character_set_client */ ;
/*!50003 SET @saved_cs_results     = @@character_set_results */ ;
/*!50003 SET @saved_col_connection = @@collation_connection */ ;
/*!50003 SET character_set_client  = utf8mb3 */ ;
/*!50003 SET character_set_results = utf8mb3 */ ;
/*!50003 SET collation_connection  = utf8mb3_general_ci */ ;
/*!50003 SET @saved_sql_mode       = @@sql_mode */ ;
/*!50003 SET sql_mode              = 'ONLY_FULL_GROUP_BY,STRICT_TRANS_TABLES,NO_ZERO_IN_DATE,NO_ZERO_DATE,ERROR_FOR_DIVISION_BY_ZERO,NO_ENGINE_SUBSTITUTION' */ ;
DELIMITER ;;
/*!50003 CREATE*/ /*!50017 DEFINER=`root`@`%`*/ /*!50003 TRIGGER `trg_after_insert_order_detail` AFTER INSERT ON `order_detail` FOR EACH ROW BEGIN
  UPDATE `product`
     SET `stock` = `stock` - NEW.`quantity`
   WHERE `product_id` = NEW.`product_id`;
END */;;
DELIMITER ;
/*!50003 SET sql_mode              = @saved_sql_mode */ ;
/*!50003 SET character_set_client  = @saved_cs_client */ ;
/*!50003 SET character_set_results = @saved_cs_results */ ;
/*!50003 SET collation_connection  = @saved_col_connection */ ;

--
-- Table structure for table `product`
--

DROP TABLE IF EXISTS `product`;
/*!40101 SET @saved_cs_client     = @@character_set_client */;
/*!50503 SET character_set_client = utf8mb4 */;
CREATE TABLE `product` (
  `product_id` int NOT NULL AUTO_INCREMENT COMMENT '商品ID',
  `category_id` int NOT NULL COMMENT '商品类别ID',
  `name` varchar(100) NOT NULL COMMENT '商品名称',
  `description` text COMMENT '商品描述',
  `price` decimal(10,2) NOT NULL COMMENT '商品价格',
  `quality_level` tinyint NOT NULL COMMENT '品质等级（1-优，2-良，3-中）',
  `stock` int NOT NULL DEFAULT '0' COMMENT '库存数量',
  `image_url` varchar(255) DEFAULT NULL COMMENT '商品图片URL',
  `created_at` datetime DEFAULT CURRENT_TIMESTAMP COMMENT '创建时间',
  `updated_at` datetime DEFAULT CURRENT_TIMESTAMP ON UPDATE CURRENT_TIMESTAMP COMMENT '更新时间',
  `p_status` tinyint(1) NOT NULL DEFAULT '1' COMMENT '上下架状态',
  PRIMARY KEY (`product_id`),
  KEY `category_id` (`category_id`),
  CONSTRAINT `product_ibfk_1` FOREIGN KEY (`category_id`) REFERENCES `product_category` (`category_id`)
) ENGINE=InnoDB AUTO_INCREMENT=28 DEFAULT CHARSET=utf8mb4 COLLATE=utf8mb4_0900_ai_ci COMMENT='商品表';
/*!40101 SET character_set_client = @saved_cs_client */;

--
-- Dumping data for table `product`
--

LOCK TABLES `product` WRITE;
/*!40000 ALTER TABLE `product` DISABLE KEYS */;
INSERT INTO `product` VALUES (20,1,'平山红富士苹果','产地：平山高岭果园\n\n简介：果园佳位于平山南部的高海拔坡地，土壤疏松、昼夜温差大；这里生长的红富士苹果外皮鲜红透亮、果肉脆甜多汁。单果约 200–250 克，富含维生素 C 与矿物纤维，不仅口感优异，还能帮助促进消化和提高免疫力。果园采用滴灌+有机覆盖技术，杜绝农残，保证每一颗苹果安全可追溯。',12.00,1,1000,'http://localhost:8080/profile/upload/2025/04/27/product-big-7-344x250_20250427231313A001.png','2025-04-27 15:13:16','2025-04-27 15:13:16',1),(21,2,'平山香蕉','	平山当地温室香蕉，人工控温种植，外皮光滑金黄，肉质细腻香甜，天然熟成，无催熟剂处理，入口绵软回甘。',20.00,2,2000,'http://localhost:8080/profile/upload/2025/04/27/xj1_20250427231428A002.png','2025-04-27 15:14:33','2025-04-27 15:14:33',1),(22,3,'平山橘子','平山精选温暖向阳地带栽培的橘子，外皮薄易剥，汁水充盈，甜味浓郁，富含维生素C，酸甜适中，清新爽口。',30.00,3,1800,'http://localhost:8080/profile/upload/2025/04/27/ju1_20250427231503A003.jpg','2025-04-27 15:15:04','2025-04-27 15:15:04',1),(23,6,'平山野生黑木耳（干货）','产地：平山大峡谷原始林\n\n简介：森森木耳深入平山大峡谷腹地，手工采撷原始林下生长的黑木耳。经传统寒风晾晒工艺，保持菌体完整和天然菌香。干木耳泡发后菌盖饱满、边缘卷曲、肉质厚实，口感爽滑有嚼劲。富含植物多糖与膳食纤维，具有润肠通便、降血脂和增强免疫的功效。',30.00,1,3000,'http://localhost:8080/profile/upload/2025/04/27/me2_20250427231843A004.jpg','2025-04-27 15:18:44','2025-04-27 15:18:44',1),(24,6,'平山有机鲜木耳','产地：平山林下菌床\n\n简介：森森木耳在平山清洁林下菌床内采用无公害配方栽培，全程监控湿度与光照。鲜木耳菌盖扁平、黑润发亮，质地柔软如棉，口感嫩滑。可用于蒜蓉清炒、菌菇火锅或与猪肉同炖。富含维生素 B 群和多种矿物质，是家庭滋补和餐桌健康的上佳食材。',20.00,2,20000,'http://localhost:8080/profile/upload/2025/04/27/me1_20250427231908A005.jpeg','2025-04-27 15:19:12','2025-04-27 15:19:12',1),(25,6,'平山即食木耳丝','产地：平山太行山脚\n\n简介：精选平山太行山脚优质鲜木耳，经高温杀菌、真空低温干燥并切丝包装，无需泡发，开袋即食。木耳丝色泽乌黑、纤维分明，口感清脆爽口。拌以香油、蒜泥和米醋，数分钟即可制成健康凉拌小菜。无添加防腐剂，方便携带，既可当日常零食，也适合外出旅行携带。\n\n',16.00,3,20,'http://localhost:8080/profile/upload/2025/04/27/me3_20250427231938A006.jpeg','2025-04-27 15:19:38','2025-04-27 15:19:38',1),(26,7,'山核桃仁','来自平山本地老树核桃，人工剥壳精选，仁粒饱满，油香四溢。富含天然蛋白质和不饱和脂肪酸，是健康营养的零食之选。',33.00,1,200,'http://localhost:8080/profile/upload/2025/04/27/ht1_20250427232227A007.jpeg','2025-04-27 15:22:27','2025-04-27 15:22:27',1),(27,8,'平山花椒','选用平山优质花椒，颗粒饱满，人工研磨，麻香四溢，一撮花椒面就能点燃菜肴的灵魂，适合炒菜、炖肉、凉拌多种用法。',12.00,2,200,'http://localhost:8080/profile/upload/2025/04/27/hj_20250427232314A008.jpeg','2025-04-27 15:23:22','2025-04-27 15:23:22',1);
/*!40000 ALTER TABLE `product` ENABLE KEYS */;
UNLOCK TABLES;

--
-- Table structure for table `product_category`
--

DROP TABLE IF EXISTS `product_category`;
/*!40101 SET @saved_cs_client     = @@character_set_client */;
/*!50503 SET character_set_client = utf8mb4 */;
CREATE TABLE `product_category` (
  `category_id` int NOT NULL AUTO_INCREMENT COMMENT '商品类别ID',
  `name` varchar(50) NOT NULL COMMENT '商品类别名称',
  `created_at` datetime DEFAULT CURRENT_TIMESTAMP COMMENT '创建时间',
  PRIMARY KEY (`category_id`)
) ENGINE=InnoDB AUTO_INCREMENT=9 DEFAULT CHARSET=utf8mb4 COLLATE=utf8mb4_0900_ai_ci COMMENT='商品类别表';
/*!40101 SET character_set_client = @saved_cs_client */;

--
-- Dumping data for table `product_category`
--

LOCK TABLES `product_category` WRITE;
/*!40000 ALTER TABLE `product_category` DISABLE KEYS */;
INSERT INTO `product_category` VALUES (1,'苹果','2025-04-13 04:21:07'),(2,'香蕉','2025-04-13 04:21:34'),(3,'橘子','2025-04-14 10:31:19'),(6,'木耳','2025-04-27 15:16:09'),(7,'核桃','2025-04-27 15:16:16'),(8,'花椒','2025-04-27 15:16:21');
/*!40000 ALTER TABLE `product_category` ENABLE KEYS */;
UNLOCK TABLES;

--
-- Table structure for table `review`
--

DROP TABLE IF EXISTS `review`;
/*!40101 SET @saved_cs_client     = @@character_set_client */;
/*!50503 SET character_set_client = utf8mb4 */;
CREATE TABLE `review` (
  `review_id` int NOT NULL AUTO_INCREMENT COMMENT '评论ID',
  `user_id` bigint NOT NULL COMMENT '用户ID',
  `product_id` int NOT NULL COMMENT '商品ID',
  `rating` int DEFAULT '5',
  `comment` text COMMENT '评论内容',
  `created_at` datetime DEFAULT CURRENT_TIMESTAMP COMMENT '评论时间',
  PRIMARY KEY (`review_id`),
  KEY `user_id` (`user_id`),
  KEY `product_id` (`product_id`),
  CONSTRAINT `review_ibfk_1` FOREIGN KEY (`user_id`) REFERENCES `sys_user` (`user_id`),
  CONSTRAINT `review_ibfk_2` FOREIGN KEY (`product_id`) REFERENCES `product` (`product_id`)
) ENGINE=InnoDB AUTO_INCREMENT=11 DEFAULT CHARSET=utf8mb4 COLLATE=utf8mb4_0900_ai_ci COMMENT='评论表';
/*!40101 SET character_set_client = @saved_cs_client */;

--
-- Dumping data for table `review`
--

LOCK TABLES `review` WRITE;
/*!40000 ALTER TABLE `review` DISABLE KEYS */;
/*!40000 ALTER TABLE `review` ENABLE KEYS */;
UNLOCK TABLES;

--
-- Table structure for table `saller_order`
--

DROP TABLE IF EXISTS `saller_order`;
/*!40101 SET @saved_cs_client     = @@character_set_client */;
/*!50503 SET character_set_client = utf8mb4 */;
CREATE TABLE `saller_order` (
  `user_id` bigint NOT NULL COMMENT '用户ID',
  `order_id` bigint NOT NULL COMMENT '订单ID'
) ENGINE=InnoDB DEFAULT CHARSET=utf8mb4 COLLATE=utf8mb4_0900_ai_ci COMMENT='销售员-订单关联表';
/*!40101 SET character_set_client = @saved_cs_client */;

--
-- Dumping data for table `saller_order`
--

LOCK TABLES `saller_order` WRITE;
/*!40000 ALTER TABLE `saller_order` DISABLE KEYS */;
INSERT INTO `saller_order` VALUES (102,72),(107,72),(102,75),(107,75);
/*!40000 ALTER TABLE `saller_order` ENABLE KEYS */;
UNLOCK TABLES;

--
-- Table structure for table `saller_product`
--

DROP TABLE IF EXISTS `saller_product`;
/*!40101 SET @saved_cs_client     = @@character_set_client */;
/*!50503 SET character_set_client = utf8mb4 */;
CREATE TABLE `saller_product` (
  `user_id` bigint NOT NULL COMMENT '用户ID',
  `product_id` bigint NOT NULL COMMENT '产品ID'
) ENGINE=InnoDB DEFAULT CHARSET=utf8mb4 COLLATE=utf8mb4_0900_ai_ci COMMENT='销售员-产品关联表';
/*!40101 SET character_set_client = @saved_cs_client */;

--
-- Dumping data for table `saller_product`
--

LOCK TABLES `saller_product` WRITE;
/*!40000 ALTER TABLE `saller_product` DISABLE KEYS */;
INSERT INTO `saller_product` VALUES (102,15),(102,16),(102,17),(102,18),(107,19),(102,20),(102,21),(102,22),(107,23),(107,24),(107,25),(108,26),(108,27);
/*!40000 ALTER TABLE `saller_product` ENABLE KEYS */;
UNLOCK TABLES;

--
-- Table structure for table `sys_config`
--

DROP TABLE IF EXISTS `sys_config`;
/*!40101 SET @saved_cs_client     = @@character_set_client */;
/*!50503 SET character_set_client = utf8mb4 */;
CREATE TABLE `sys_config` (
  `config_id` int NOT NULL AUTO_INCREMENT COMMENT '参数主键',
  `config_name` varchar(100) DEFAULT '' COMMENT '参数名称',
  `config_key` varchar(100) DEFAULT '' COMMENT '参数键名',
  `config_value` varchar(500) DEFAULT '' COMMENT '参数键值',
  `config_type` char(1) DEFAULT 'N' COMMENT '系统内置（Y是 N否）',
  `create_by` varchar(64) DEFAULT '' COMMENT '创建者',
  `create_time` datetime DEFAULT NULL COMMENT '创建时间',
  `update_by` varchar(64) DEFAULT '' COMMENT '更新者',
  `update_time` datetime DEFAULT NULL COMMENT '更新时间',
  `remark` varchar(500) DEFAULT NULL COMMENT '备注',
  PRIMARY KEY (`config_id`)
) ENGINE=InnoDB AUTO_INCREMENT=100 DEFAULT CHARSET=utf8mb4 COLLATE=utf8mb4_0900_ai_ci COMMENT='参数配置表';
/*!40101 SET character_set_client = @saved_cs_client */;

--
-- Dumping data for table `sys_config`
--

LOCK TABLES `sys_config` WRITE;
/*!40000 ALTER TABLE `sys_config` DISABLE KEYS */;
INSERT INTO `sys_config` VALUES (1,'主框架页-默认皮肤样式名称','sys.index.skinName','skin-blue','Y','admin','2025-04-12 17:51:02','',NULL,'蓝色 skin-blue、绿色 skin-green、紫色 skin-purple、红色 skin-red、黄色 skin-yellow'),(2,'用户管理-账号初始密码','sys.user.initPassword','123456','Y','admin','2025-04-12 17:51:02','',NULL,'初始化密码 123456'),(3,'主框架页-侧边栏主题','sys.index.sideTheme','theme-dark','Y','admin','2025-04-12 17:51:02','',NULL,'深色主题theme-dark，浅色主题theme-light'),(4,'账号自助-验证码开关','sys.account.captchaEnabled','true','Y','admin','2025-04-12 17:51:02','',NULL,'是否开启验证码功能（true开启，false关闭）'),(5,'账号自助-是否开启用户注册功能','sys.account.registerUser','true','Y','admin','2025-04-12 17:51:02','',NULL,'是否开启注册用户功能（true开启，false关闭）'),(6,'用户登录-黑名单列表','sys.login.blackIPList','','Y','admin','2025-04-12 17:51:02','',NULL,'设置登录IP黑名单限制，多个匹配项以;分隔，支持匹配（*通配、网段）');
/*!40000 ALTER TABLE `sys_config` ENABLE KEYS */;
UNLOCK TABLES;

--
-- Table structure for table `sys_dept`
--

DROP TABLE IF EXISTS `sys_dept`;
/*!40101 SET @saved_cs_client     = @@character_set_client */;
/*!50503 SET character_set_client = utf8mb4 */;
CREATE TABLE `sys_dept` (
  `dept_id` bigint NOT NULL AUTO_INCREMENT COMMENT '部门id',
  `parent_id` bigint DEFAULT '0' COMMENT '父部门id',
  `ancestors` varchar(50) DEFAULT '' COMMENT '祖级列表',
  `dept_name` varchar(30) DEFAULT '' COMMENT '部门名称',
  `order_num` int DEFAULT '0' COMMENT '显示顺序',
  `leader` varchar(20) DEFAULT NULL COMMENT '负责人',
  `phone` varchar(11) DEFAULT NULL COMMENT '联系电话',
  `email` varchar(50) DEFAULT NULL COMMENT '邮箱',
  `status` char(1) DEFAULT '0' COMMENT '部门状态（0正常 1停用）',
  `del_flag` char(1) DEFAULT '0' COMMENT '删除标志（0代表存在 2代表删除）',
  `create_by` varchar(64) DEFAULT '' COMMENT '创建者',
  `create_time` datetime DEFAULT NULL COMMENT '创建时间',
  `update_by` varchar(64) DEFAULT '' COMMENT '更新者',
  `update_time` datetime DEFAULT NULL COMMENT '更新时间',
  PRIMARY KEY (`dept_id`)
) ENGINE=InnoDB AUTO_INCREMENT=200 DEFAULT CHARSET=utf8mb4 COLLATE=utf8mb4_0900_ai_ci COMMENT='部门表';
/*!40101 SET character_set_client = @saved_cs_client */;

--
-- Dumping data for table `sys_dept`
--

LOCK TABLES `sys_dept` WRITE;
/*!40000 ALTER TABLE `sys_dept` DISABLE KEYS */;
INSERT INTO `sys_dept` VALUES (100,0,'0','平山公司',0,'hxx','15888888888','hxx@qq.com','0','0','admin','2025-04-12 17:51:01','admin','2025-04-14 15:42:44'),(101,100,'0,100','石家庄总公司',1,'hxx','15888888888','hxx@qq.com','0','0','admin','2025-04-12 17:51:01','admin','2025-04-14 15:42:57'),(102,100,'0,100','长沙分公司',2,'若依','15888888888','ry@qq.com','0','2','admin','2025-04-12 17:51:01','',NULL),(103,101,'0,100,101','开发部门',1,'hxx','15888888888','hxx@qq.com','0','0','admin','2025-04-12 17:51:01','admin','2025-04-14 15:43:25'),(104,101,'0,100,101','市场部门',2,'若依','15888888888','ry@qq.com','0','2','admin','2025-04-12 17:51:01','',NULL),(105,101,'0,100,101','测试部门',3,'若依','15888888888','ry@qq.com','0','2','admin','2025-04-12 17:51:01','',NULL),(106,101,'0,100,101','财务部门',4,'若依','15888888888','ry@qq.com','0','2','admin','2025-04-12 17:51:01','',NULL),(107,101,'0,100,101','运维部门',5,'若依','15888888888','ry@qq.com','0','2','admin','2025-04-12 17:51:01','',NULL),(108,102,'0,100,102','市场部门',1,'若依','15888888888','ry@qq.com','0','2','admin','2025-04-12 17:51:01','',NULL),(109,102,'0,100,102','财务部门',2,'若依','15888888888','ry@qq.com','0','2','admin','2025-04-12 17:51:01','',NULL);
/*!40000 ALTER TABLE `sys_dept` ENABLE KEYS */;
UNLOCK TABLES;

--
-- Table structure for table `sys_dict_data`
--

DROP TABLE IF EXISTS `sys_dict_data`;
/*!40101 SET @saved_cs_client     = @@character_set_client */;
/*!50503 SET character_set_client = utf8mb4 */;
CREATE TABLE `sys_dict_data` (
  `dict_code` bigint NOT NULL AUTO_INCREMENT COMMENT '字典编码',
  `dict_sort` int DEFAULT '0' COMMENT '字典排序',
  `dict_label` varchar(100) DEFAULT '' COMMENT '字典标签',
  `dict_value` varchar(100) DEFAULT '' COMMENT '字典键值',
  `dict_type` varchar(100) DEFAULT '' COMMENT '字典类型',
  `css_class` varchar(100) DEFAULT NULL COMMENT '样式属性（其他样式扩展）',
  `list_class` varchar(100) DEFAULT NULL COMMENT '表格回显样式',
  `is_default` char(1) DEFAULT 'N' COMMENT '是否默认（Y是 N否）',
  `status` char(1) DEFAULT '0' COMMENT '状态（0正常 1停用）',
  `create_by` varchar(64) DEFAULT '' COMMENT '创建者',
  `create_time` datetime DEFAULT NULL COMMENT '创建时间',
  `update_by` varchar(64) DEFAULT '' COMMENT '更新者',
  `update_time` datetime DEFAULT NULL COMMENT '更新时间',
  `remark` varchar(500) DEFAULT NULL COMMENT '备注',
  PRIMARY KEY (`dict_code`)
) ENGINE=InnoDB AUTO_INCREMENT=100 DEFAULT CHARSET=utf8mb4 COLLATE=utf8mb4_0900_ai_ci COMMENT='字典数据表';
/*!40101 SET character_set_client = @saved_cs_client */;

--
-- Dumping data for table `sys_dict_data`
--

LOCK TABLES `sys_dict_data` WRITE;
/*!40000 ALTER TABLE `sys_dict_data` DISABLE KEYS */;
INSERT INTO `sys_dict_data` VALUES (1,1,'男','0','sys_user_sex','','','Y','0','admin','2025-04-12 17:51:02','',NULL,'性别男'),(2,2,'女','1','sys_user_sex','','','N','0','admin','2025-04-12 17:51:02','',NULL,'性别女'),(3,3,'未知','2','sys_user_sex','','','N','0','admin','2025-04-12 17:51:02','',NULL,'性别未知'),(4,1,'显示','0','sys_show_hide','','primary','Y','0','admin','2025-04-12 17:51:02','',NULL,'显示菜单'),(5,2,'隐藏','1','sys_show_hide','','danger','N','0','admin','2025-04-12 17:51:02','',NULL,'隐藏菜单'),(6,1,'正常','0','sys_normal_disable','','primary','Y','0','admin','2025-04-12 17:51:02','',NULL,'正常状态'),(7,2,'停用','1','sys_normal_disable','','danger','N','0','admin','2025-04-12 17:51:02','',NULL,'停用状态'),(8,1,'正常','0','sys_job_status','','primary','Y','0','admin','2025-04-12 17:51:02','',NULL,'正常状态'),(9,2,'暂停','1','sys_job_status','','danger','N','0','admin','2025-04-12 17:51:02','',NULL,'停用状态'),(10,1,'默认','DEFAULT','sys_job_group','','','Y','0','admin','2025-04-12 17:51:02','',NULL,'默认分组'),(11,2,'系统','SYSTEM','sys_job_group','','','N','0','admin','2025-04-12 17:51:02','',NULL,'系统分组'),(12,1,'是','Y','sys_yes_no','','primary','Y','0','admin','2025-04-12 17:51:02','',NULL,'系统默认是'),(13,2,'否','N','sys_yes_no','','danger','N','0','admin','2025-04-12 17:51:02','',NULL,'系统默认否'),(14,1,'通知','1','sys_notice_type','','warning','Y','0','admin','2025-04-12 17:51:02','',NULL,'通知'),(15,2,'公告','2','sys_notice_type','','success','N','0','admin','2025-04-12 17:51:02','',NULL,'公告'),(16,1,'正常','0','sys_notice_status','','primary','Y','0','admin','2025-04-12 17:51:02','',NULL,'正常状态'),(17,2,'关闭','1','sys_notice_status','','danger','N','0','admin','2025-04-12 17:51:02','',NULL,'关闭状态'),(18,99,'其他','0','sys_oper_type','','info','N','0','admin','2025-04-12 17:51:02','',NULL,'其他操作'),(19,1,'新增','1','sys_oper_type','','info','N','0','admin','2025-04-12 17:51:02','',NULL,'新增操作'),(20,2,'修改','2','sys_oper_type','','info','N','0','admin','2025-04-12 17:51:02','',NULL,'修改操作'),(21,3,'删除','3','sys_oper_type','','danger','N','0','admin','2025-04-12 17:51:02','',NULL,'删除操作'),(22,4,'授权','4','sys_oper_type','','primary','N','0','admin','2025-04-12 17:51:02','',NULL,'授权操作'),(23,5,'导出','5','sys_oper_type','','warning','N','0','admin','2025-04-12 17:51:02','',NULL,'导出操作'),(24,6,'导入','6','sys_oper_type','','warning','N','0','admin','2025-04-12 17:51:02','',NULL,'导入操作'),(25,7,'强退','7','sys_oper_type','','danger','N','0','admin','2025-04-12 17:51:02','',NULL,'强退操作'),(26,8,'生成代码','8','sys_oper_type','','warning','N','0','admin','2025-04-12 17:51:02','',NULL,'生成操作'),(27,9,'清空数据','9','sys_oper_type','','danger','N','0','admin','2025-04-12 17:51:02','',NULL,'清空操作'),(28,1,'成功','0','sys_common_status','','primary','N','0','admin','2025-04-12 17:51:02','',NULL,'正常状态'),(29,2,'失败','1','sys_common_status','','danger','N','0','admin','2025-04-12 17:51:02','',NULL,'停用状态');
/*!40000 ALTER TABLE `sys_dict_data` ENABLE KEYS */;
UNLOCK TABLES;

--
-- Table structure for table `sys_dict_type`
--

DROP TABLE IF EXISTS `sys_dict_type`;
/*!40101 SET @saved_cs_client     = @@character_set_client */;
/*!50503 SET character_set_client = utf8mb4 */;
CREATE TABLE `sys_dict_type` (
  `dict_id` bigint NOT NULL AUTO_INCREMENT COMMENT '字典主键',
  `dict_name` varchar(100) DEFAULT '' COMMENT '字典名称',
  `dict_type` varchar(100) DEFAULT '' COMMENT '字典类型',
  `status` char(1) DEFAULT '0' COMMENT '状态（0正常 1停用）',
  `create_by` varchar(64) DEFAULT '' COMMENT '创建者',
  `create_time` datetime DEFAULT NULL COMMENT '创建时间',
  `update_by` varchar(64) DEFAULT '' COMMENT '更新者',
  `update_time` datetime DEFAULT NULL COMMENT '更新时间',
  `remark` varchar(500) DEFAULT NULL COMMENT '备注',
  PRIMARY KEY (`dict_id`),
  UNIQUE KEY `dict_type` (`dict_type`)
) ENGINE=InnoDB AUTO_INCREMENT=100 DEFAULT CHARSET=utf8mb4 COLLATE=utf8mb4_0900_ai_ci COMMENT='字典类型表';
/*!40101 SET character_set_client = @saved_cs_client */;

--
-- Dumping data for table `sys_dict_type`
--

LOCK TABLES `sys_dict_type` WRITE;
/*!40000 ALTER TABLE `sys_dict_type` DISABLE KEYS */;
INSERT INTO `sys_dict_type` VALUES (1,'用户性别','sys_user_sex','0','admin','2025-04-12 17:51:02','',NULL,'用户性别列表'),(2,'菜单状态','sys_show_hide','0','admin','2025-04-12 17:51:02','',NULL,'菜单状态列表'),(3,'系统开关','sys_normal_disable','0','admin','2025-04-12 17:51:02','',NULL,'系统开关列表'),(4,'任务状态','sys_job_status','0','admin','2025-04-12 17:51:02','',NULL,'任务状态列表'),(5,'任务分组','sys_job_group','0','admin','2025-04-12 17:51:02','',NULL,'任务分组列表'),(6,'系统是否','sys_yes_no','0','admin','2025-04-12 17:51:02','',NULL,'系统是否列表'),(7,'通知类型','sys_notice_type','0','admin','2025-04-12 17:51:02','',NULL,'通知类型列表'),(8,'通知状态','sys_notice_status','0','admin','2025-04-12 17:51:02','',NULL,'通知状态列表'),(9,'操作类型','sys_oper_type','0','admin','2025-04-12 17:51:02','',NULL,'操作类型列表'),(10,'系统状态','sys_common_status','0','admin','2025-04-12 17:51:02','',NULL,'登录状态列表');
/*!40000 ALTER TABLE `sys_dict_type` ENABLE KEYS */;
UNLOCK TABLES;

--
-- Table structure for table `sys_job`
--

DROP TABLE IF EXISTS `sys_job`;
/*!40101 SET @saved_cs_client     = @@character_set_client */;
/*!50503 SET character_set_client = utf8mb4 */;
CREATE TABLE `sys_job` (
  `job_id` bigint NOT NULL AUTO_INCREMENT COMMENT '任务ID',
  `job_name` varchar(64) NOT NULL DEFAULT '' COMMENT '任务名称',
  `job_group` varchar(64) NOT NULL DEFAULT 'DEFAULT' COMMENT '任务组名',
  `invoke_target` varchar(500) NOT NULL COMMENT '调用目标字符串',
  `cron_expression` varchar(255) DEFAULT '' COMMENT 'cron执行表达式',
  `misfire_policy` varchar(20) DEFAULT '3' COMMENT '计划执行错误策略（1立即执行 2执行一次 3放弃执行）',
  `concurrent` char(1) DEFAULT '1' COMMENT '是否并发执行（0允许 1禁止）',
  `status` char(1) DEFAULT '0' COMMENT '状态（0正常 1暂停）',
  `create_by` varchar(64) DEFAULT '' COMMENT '创建者',
  `create_time` datetime DEFAULT NULL COMMENT '创建时间',
  `update_by` varchar(64) DEFAULT '' COMMENT '更新者',
  `update_time` datetime DEFAULT NULL COMMENT '更新时间',
  `remark` varchar(500) DEFAULT '' COMMENT '备注信息',
  PRIMARY KEY (`job_id`,`job_name`,`job_group`)
) ENGINE=InnoDB AUTO_INCREMENT=100 DEFAULT CHARSET=utf8mb4 COLLATE=utf8mb4_0900_ai_ci COMMENT='定时任务调度表';
/*!40101 SET character_set_client = @saved_cs_client */;

--
-- Dumping data for table `sys_job`
--

LOCK TABLES `sys_job` WRITE;
/*!40000 ALTER TABLE `sys_job` DISABLE KEYS */;
INSERT INTO `sys_job` VALUES (1,'系统默认（无参）','DEFAULT','ryTask.ryNoParams','0/10 * * * * ?','3','1','1','admin','2025-04-12 17:51:02','',NULL,''),(2,'系统默认（有参）','DEFAULT','ryTask.ryParams(\'ry\')','0/15 * * * * ?','3','1','1','admin','2025-04-12 17:51:02','',NULL,''),(3,'系统默认（多参）','DEFAULT','ryTask.ryMultipleParams(\'ry\', true, 2000L, 316.50D, 100)','0/20 * * * * ?','3','1','1','admin','2025-04-12 17:51:02','',NULL,'');
/*!40000 ALTER TABLE `sys_job` ENABLE KEYS */;
UNLOCK TABLES;

--
-- Table structure for table `sys_job_log`
--

DROP TABLE IF EXISTS `sys_job_log`;
/*!40101 SET @saved_cs_client     = @@character_set_client */;
/*!50503 SET character_set_client = utf8mb4 */;
CREATE TABLE `sys_job_log` (
  `job_log_id` bigint NOT NULL AUTO_INCREMENT COMMENT '任务日志ID',
  `job_name` varchar(64) NOT NULL COMMENT '任务名称',
  `job_group` varchar(64) NOT NULL COMMENT '任务组名',
  `invoke_target` varchar(500) NOT NULL COMMENT '调用目标字符串',
  `job_message` varchar(500) DEFAULT NULL COMMENT '日志信息',
  `status` char(1) DEFAULT '0' COMMENT '执行状态（0正常 1失败）',
  `exception_info` varchar(2000) DEFAULT '' COMMENT '异常信息',
  `create_time` datetime DEFAULT NULL COMMENT '创建时间',
  PRIMARY KEY (`job_log_id`)
) ENGINE=InnoDB DEFAULT CHARSET=utf8mb4 COLLATE=utf8mb4_0900_ai_ci COMMENT='定时任务调度日志表';
/*!40101 SET character_set_client = @saved_cs_client */;

--
-- Dumping data for table `sys_job_log`
--

LOCK TABLES `sys_job_log` WRITE;
/*!40000 ALTER TABLE `sys_job_log` DISABLE KEYS */;
/*!40000 ALTER TABLE `sys_job_log` ENABLE KEYS */;
UNLOCK TABLES;

--
-- Table structure for table `sys_logininfor`
--

DROP TABLE IF EXISTS `sys_logininfor`;
/*!40101 SET @saved_cs_client     = @@character_set_client */;
/*!50503 SET character_set_client = utf8mb4 */;
CREATE TABLE `sys_logininfor` (
  `info_id` bigint NOT NULL AUTO_INCREMENT COMMENT '访问ID',
  `user_name` varchar(50) DEFAULT '' COMMENT '用户账号',
  `ipaddr` varchar(128) DEFAULT '' COMMENT '登录IP地址',
  `login_location` varchar(255) DEFAULT '' COMMENT '登录地点',
  `browser` varchar(50) DEFAULT '' COMMENT '浏览器类型',
  `os` varchar(50) DEFAULT '' COMMENT '操作系统',
  `status` char(1) DEFAULT '0' COMMENT '登录状态（0成功 1失败）',
  `msg` varchar(255) DEFAULT '' COMMENT '提示消息',
  `login_time` datetime DEFAULT NULL COMMENT '访问时间',
  PRIMARY KEY (`info_id`),
  KEY `idx_sys_logininfor_s` (`status`),
  KEY `idx_sys_logininfor_lt` (`login_time`)
) ENGINE=InnoDB AUTO_INCREMENT=231 DEFAULT CHARSET=utf8mb4 COLLATE=utf8mb4_0900_ai_ci COMMENT='系统访问记录';
/*!40101 SET character_set_client = @saved_cs_client */;

--
-- Dumping data for table `sys_logininfor`
--

LOCK TABLES `sys_logininfor` WRITE;
/*!40000 ALTER TABLE `sys_logininfor` DISABLE KEYS */;
INSERT INTO `sys_logininfor` VALUES (100,'admin','127.0.0.1','内网IP','Chrome 13','Mac OS X','0','登录成功','2025-04-12 18:03:21'),(101,'admin','127.0.0.1','内网IP','Chrome 13','Mac OS X','0','登录成功','2025-04-13 03:50:54'),(102,'admin','127.0.0.1','内网IP','Chrome 13','Mac OS X','1','用户不存在/密码错误','2025-04-13 08:37:03'),(103,'admin','127.0.0.1','内网IP','Chrome 13','Mac OS X','1','用户不存在/密码错误','2025-04-13 08:37:18'),(104,'admin','127.0.0.1','内网IP','Chrome 13','Mac OS X','1','用户不存在/密码错误','2025-04-13 08:37:28'),(105,'admin','127.0.0.1','内网IP','Chrome 13','Mac OS X','1','用户不存在/密码错误','2025-04-13 08:41:52'),(106,'admin','127.0.0.1','内网IP','Chrome 13','Mac OS X','0','登录成功','2025-04-13 08:41:59'),(107,'admin','127.0.0.1','内网IP','Chrome 13','Mac OS X','0','登录成功','2025-04-13 09:09:51'),(108,'admin','127.0.0.1','内网IP','Chrome 13','Mac OS X','0','登录成功','2025-04-13 09:14:40'),(109,'admin','127.0.0.1','内网IP','Chrome 13','Mac OS X','1','验证码错误','2025-04-13 09:18:47'),(110,'admin','127.0.0.1','内网IP','Chrome 13','Mac OS X','0','登录成功','2025-04-13 09:18:50'),(111,'admin','127.0.0.1','内网IP','Chrome 13','Mac OS X','0','登录成功','2025-04-13 09:58:58'),(112,'admin','127.0.0.1','内网IP','Chrome 13','Mac OS X','0','登录成功','2025-04-13 10:58:48'),(113,'admin','127.0.0.1','内网IP','Chrome 13','Mac OS X','0','登录成功','2025-04-13 14:15:09'),(114,'admin','127.0.0.1','内网IP','Chrome 13','Mac OS X','1','验证码错误','2025-04-13 17:01:55'),(115,'admin','127.0.0.1','内网IP','Chrome 13','Mac OS X','0','登录成功','2025-04-13 17:02:00'),(116,'admin','127.0.0.1','内网IP','Chrome 13','Mac OS X','1','验证码已失效','2025-04-13 17:02:27'),(117,'admin','127.0.0.1','内网IP','Chrome 13','Mac OS X','0','登录成功','2025-04-13 17:02:29'),(118,'hxx','127.0.0.1','内网IP','Chrome 13','Mac OS X','1','用户不存在/密码错误','2025-04-13 17:36:31'),(119,'hxx','127.0.0.1','内网IP','Chrome 13','Mac OS X','1','用户不存在/密码错误','2025-04-13 17:36:36'),(120,'ry','127.0.0.1','内网IP','Chrome 13','Mac OS X','1','用户不存在/密码错误','2025-04-13 17:36:48'),(121,'ry','127.0.0.1','内网IP','Chrome 13','Mac OS X','0','登录成功','2025-04-13 17:36:55'),(122,'ry','127.0.0.1','内网IP','Chrome 13','Mac OS X','0','退出成功','2025-04-13 17:38:05'),(123,'admin','127.0.0.1','内网IP','Chrome 13','Mac OS X','0','登录成功','2025-04-13 17:38:09'),(124,'admin','127.0.0.1','内网IP','Chrome 13','Mac OS X','0','退出成功','2025-04-13 17:39:42'),(125,'ry','127.0.0.1','内网IP','Chrome 13','Mac OS X','0','登录成功','2025-04-13 17:39:50'),(126,'admin','127.0.0.1','内网IP','Chrome 13','Mac OS X','0','登录成功','2025-04-13 18:05:01'),(127,'admin','127.0.0.1','内网IP','Chrome 13','Mac OS X','0','登录成功','2025-04-14 01:43:23'),(128,'admin','127.0.0.1','内网IP','Chrome 13','Mac OS X','0','退出成功','2025-04-14 02:12:55'),(129,'ry','127.0.0.1','内网IP','Chrome 13','Mac OS X','0','登录成功','2025-04-14 02:13:01'),(130,'admin','127.0.0.1','内网IP','Chrome 13','Mac OS X','0','登录成功','2025-04-14 02:14:02'),(131,'rt','127.0.0.1','内网IP','Chrome 13','Mac OS X','1','用户不存在/密码错误','2025-04-14 02:14:22'),(132,'ry','127.0.0.1','内网IP','Chrome 13','Mac OS X','0','登录成功','2025-04-14 02:14:27'),(133,'admin','127.0.0.1','内网IP','Chrome 13','Mac OS X','0','登录成功','2025-04-14 03:15:10'),(134,'admin','127.0.0.1','内网IP','Chrome 13','Mac OS X','0','登录成功','2025-04-14 06:26:50'),(135,'admin','127.0.0.1','内网IP','Chrome 13','Mac OS X','0','登录成功','2025-04-14 06:27:41'),(136,'admin','127.0.0.1','内网IP','Safari','Mac OS X','0','登录成功','2025-04-14 06:29:03'),(137,'admin','127.0.0.1','内网IP','Chrome 13','Mac OS X','0','登录成功','2025-04-14 07:01:54'),(138,'admin','127.0.0.1','内网IP','Chrome 13','Mac OS X','0','登录成功','2025-04-14 09:04:18'),(139,'saller','127.0.0.1','内网IP','Chrome 13','Mac OS X','1','用户不存在/密码错误','2025-04-14 09:06:06'),(140,'saller','127.0.0.1','内网IP','Chrome 13','Mac OS X','1','用户不存在/密码错误','2025-04-14 09:06:51'),(141,'saller','127.0.0.1','内网IP','Chrome 13','Mac OS X','1','用户不存在/密码错误','2025-04-14 09:06:56'),(142,'saller','127.0.0.1','内网IP','Chrome 13','Mac OS X','1','验证码错误','2025-04-14 09:07:23'),(143,'saller','127.0.0.1','内网IP','Chrome 13','Mac OS X','0','登录成功','2025-04-14 09:07:26'),(144,'admin','127.0.0.1','内网IP','Chrome 13','Mac OS X','0','登录成功','2025-04-14 09:24:20'),(145,'admin','127.0.0.1','内网IP','Chrome 13','Mac OS X','0','登录成功','2025-04-14 09:27:17'),(146,'admin','127.0.0.1','内网IP','Chrome 13','Mac OS X','0','登录成功','2025-04-14 09:28:17'),(147,'saller','127.0.0.1','内网IP','Chrome 13','Mac OS X','0','登录成功','2025-04-14 09:29:43'),(148,'admin','127.0.0.1','内网IP','Chrome 13','Mac OS X','0','登录成功','2025-04-14 09:47:44'),(149,'admin','127.0.0.1','内网IP','Chrome 13','Mac OS X','0','登录成功','2025-04-14 15:27:06'),(150,'admin','127.0.0.1','内网IP','Chrome 13','Mac OS X','0','退出成功','2025-04-14 15:27:40'),(151,'admin','127.0.0.1','内网IP','Chrome 13','Mac OS X','0','登录成功','2025-04-14 15:29:42'),(152,'123','127.0.0.1','内网IP','Chrome 13','Mac OS X','0','注册成功','2025-04-25 07:56:46'),(153,'123','127.0.0.1','内网IP','Chrome 13','Mac OS X','0','登录成功','2025-04-25 07:56:54'),(154,'123','127.0.0.1','内网IP','Chrome 13','Mac OS X','0','退出成功','2025-04-25 07:57:03'),(155,'admin','127.0.0.1','内网IP','Chrome 13','Mac OS X','0','登录成功','2025-04-25 07:57:14'),(156,'11','127.0.0.1','内网IP','Chrome 13','Mac OS X','0','注册成功','2025-04-25 08:04:56'),(157,'11','127.0.0.1','内网IP','Chrome 13','Mac OS X','0','登录成功','2025-04-25 08:05:16'),(158,'11','127.0.0.1','内网IP','Chrome 13','Mac OS X','0','退出成功','2025-04-25 08:05:34'),(159,'admin','127.0.0.1','内网IP','Chrome 13','Mac OS X','1','验证码错误','2025-04-25 08:05:40'),(160,'admin','127.0.0.1','内网IP','Chrome 13','Mac OS X','0','登录成功','2025-04-25 08:05:45'),(161,'admin','127.0.0.1','内网IP','Chrome 13','Mac OS X','0','登录成功','2025-04-25 09:32:26'),(162,'22','127.0.0.1','内网IP','Chrome 13','Mac OS X','0','注册成功','2025-04-25 16:55:28'),(163,'22','127.0.0.1','内网IP','Chrome 13','Mac OS X','0','登录成功','2025-04-25 16:55:46'),(164,'22','127.0.0.1','内网IP','Chrome 13','Mac OS X','0','退出成功','2025-04-25 16:56:12'),(165,'admin','127.0.0.1','内网IP','Chrome 13','Mac OS X','0','登录成功','2025-04-25 16:56:15'),(166,'44','127.0.0.1','内网IP','Chrome 13','Mac OS X','0','注册成功','2025-04-25 17:20:42'),(167,'44','127.0.0.1','内网IP','Chrome 13','Mac OS X','0','登录成功','2025-04-25 17:21:02'),(168,'admin','127.0.0.1','内网IP','Chrome 13','Mac OS X','1','验证码已失效','2025-04-26 08:41:00'),(169,'admin','127.0.0.1','内网IP','Chrome 13','Mac OS X','0','登录成功','2025-04-26 08:41:08'),(170,'admin','127.0.0.1','内网IP','Chrome 13','Mac OS X','1','验证码错误','2025-04-26 14:10:48'),(171,'admin','127.0.0.1','内网IP','Chrome 13','Mac OS X','0','登录成功','2025-04-26 14:10:53'),(172,'admin','127.0.0.1','内网IP','Chrome 13','Mac OS X','0','登录成功','2025-04-26 14:42:06'),(173,'admin','127.0.0.1','内网IP','Chrome 13','Mac OS X','1','用户不存在/密码错误','2025-04-26 15:33:06'),(174,'admin','127.0.0.1','内网IP','Chrome 13','Mac OS X','1','验证码错误','2025-04-26 15:33:16'),(175,'admin','127.0.0.1','内网IP','Chrome 13','Mac OS X','0','登录成功','2025-04-26 15:33:19'),(176,'admin','127.0.0.1','内网IP','Chrome 13','Mac OS X','1','验证码错误','2025-04-26 16:23:03'),(177,'admin','127.0.0.1','内网IP','Chrome 13','Mac OS X','0','登录成功','2025-04-26 16:23:06'),(178,'admin','127.0.0.1','内网IP','Chrome 13','Mac OS X','0','登录成功','2025-04-27 02:06:16'),(179,'admin','127.0.0.1','内网IP','Chrome 13','Mac OS X','0','登录成功','2025-04-27 02:45:24'),(180,'admin','127.0.0.1','内网IP','Chrome 13','Mac OS X','0','登录成功','2025-04-27 03:34:35'),(181,'admin','127.0.0.1','内网IP','Chrome 13','Mac OS X','0','登录成功','2025-04-27 04:43:16'),(182,'saller','127.0.0.1','内网IP','Chrome 13','Mac OS X','1','用户不存在/密码错误','2025-04-27 05:04:11'),(183,'saller','127.0.0.1','内网IP','Chrome 13','Mac OS X','1','验证码错误','2025-04-27 05:04:39'),(184,'saller','127.0.0.1','内网IP','Chrome 13','Mac OS X','1','验证码错误','2025-04-27 05:04:41'),(185,'saller','127.0.0.1','内网IP','Chrome 13','Mac OS X','0','登录成功','2025-04-27 05:04:44'),(186,'saller','127.0.0.1','内网IP','Chrome 13','Mac OS X','0','退出成功','2025-04-27 05:21:12'),(187,'admin','127.0.0.1','内网IP','Chrome 13','Mac OS X','0','登录成功','2025-04-27 05:21:16'),(188,'admin','127.0.0.1','内网IP','Chrome 13','Mac OS X','0','登录成功','2025-04-27 06:34:09'),(189,'saller','127.0.0.1','内网IP','Chrome 13','Mac OS X','1','验证码已失效','2025-04-27 08:02:40'),(190,'saller','127.0.0.1','内网IP','Chrome 13','Mac OS X','0','登录成功','2025-04-27 08:02:43'),(191,'saller','127.0.0.1','内网IP','Chrome 13','Mac OS X','0','退出成功','2025-04-27 08:03:51'),(192,'admin','127.0.0.1','内网IP','Chrome 13','Mac OS X','0','登录成功','2025-04-27 08:03:55'),(193,'saller','127.0.0.1','内网IP','Chrome 13','Mac OS X','0','登录成功','2025-04-27 08:05:58'),(194,'saller','127.0.0.1','内网IP','Chrome 13','Mac OS X','0','退出成功','2025-04-27 08:10:16'),(195,'admin','127.0.0.1','内网IP','Chrome 13','Mac OS X','0','登录成功','2025-04-27 08:10:20'),(196,'saller','127.0.0.1','内网IP','Chrome 13','Mac OS X','0','登录成功','2025-04-27 08:40:45'),(197,'admin','127.0.0.1','内网IP','Chrome 13','Mac OS X','0','登录成功','2025-04-27 08:41:50'),(198,'saller','127.0.0.1','内网IP','Chrome 13','Mac OS X','1','验证码错误','2025-04-27 09:19:36'),(199,'saller','127.0.0.1','内网IP','Chrome 13','Mac OS X','0','登录成功','2025-04-27 09:19:39'),(200,'saller','127.0.0.1','内网IP','Chrome 13','Mac OS X','0','退出成功','2025-04-27 09:26:09'),(201,'admin','127.0.0.1','内网IP','Chrome 13','Mac OS X','0','登录成功','2025-04-27 09:26:24'),(202,'saller2','127.0.0.1','内网IP','Chrome 13','Mac OS X','0','登录成功','2025-04-27 09:27:16'),(203,'saller2','127.0.0.1','内网IP','Chrome 13','Mac OS X','0','退出成功','2025-04-27 09:28:03'),(204,'admin','127.0.0.1','内网IP','Chrome 13','Mac OS X','0','登录成功','2025-04-27 09:28:08'),(205,'saller2','127.0.0.1','内网IP','Chrome 13','Mac OS X','0','登录成功','2025-04-27 09:28:46'),(206,'admin','127.0.0.1','内网IP','Chrome 13','Mac OS X','1','验证码错误','2025-04-27 09:37:13'),(207,'admin','127.0.0.1','内网IP','Chrome 13','Mac OS X','0','登录成功','2025-04-27 09:37:20'),(208,'admin','127.0.0.1','内网IP','Chrome 13','Mac OS X','1','验证码已失效','2025-04-27 11:38:11'),(209,'admin','127.0.0.1','内网IP','Chrome 13','Mac OS X','0','登录成功','2025-04-27 11:38:15'),(210,'admin','127.0.0.1','内网IP','Chrome 13','Mac OS X','0','登录成功','2025-04-27 12:30:44'),(211,'saller','127.0.0.1','内网IP','Chrome 13','Mac OS X','1','验证码错误','2025-04-27 13:23:52'),(212,'saller','127.0.0.1','内网IP','Chrome 13','Mac OS X','1','验证码错误','2025-04-27 13:23:55'),(213,'saller','127.0.0.1','内网IP','Chrome 13','Mac OS X','0','登录成功','2025-04-27 13:23:58'),(214,'saller','127.0.0.1','内网IP','Chrome 13','Mac OS X','0','退出成功','2025-04-27 13:46:41'),(215,'admin','127.0.0.1','内网IP','Chrome 13','Mac OS X','0','登录成功','2025-04-27 13:46:46'),(216,'saller','127.0.0.1','内网IP','Chrome 13','Mac OS X','0','登录成功','2025-04-27 14:27:49'),(217,'saller','127.0.0.1','内网IP','Chrome 13','Mac OS X','0','退出成功','2025-04-27 14:47:03'),(218,'admin','127.0.0.1','内网IP','Chrome 13','Mac OS X','0','登录成功','2025-04-27 14:47:06'),(219,'saller','127.0.0.1','内网IP','Chrome 13','Mac OS X','0','登录成功','2025-04-27 14:50:41'),(220,'saller','127.0.0.1','内网IP','Chrome 13','Mac OS X','0','退出成功','2025-04-27 14:59:58'),(221,'admin','127.0.0.1','内网IP','Chrome 13','Mac OS X','0','登录成功','2025-04-27 15:00:02'),(222,'saller','127.0.0.1','内网IP','Chrome 13','Mac OS X','0','登录成功','2025-04-27 15:12:15'),(223,'saller2','127.0.0.1','内网IP','Chrome 13','Mac OS X','0','登录成功','2025-04-27 15:15:35'),(224,'saller3','127.0.0.1','内网IP','Chrome 13','Mac OS X','1','验证码错误','2025-04-27 15:19:57'),(225,'saller3','127.0.0.1','内网IP','Chrome 13','Mac OS X','1','用户不存在/密码错误','2025-04-27 15:20:00'),(226,'saller3','127.0.0.1','内网IP','Chrome 13','Mac OS X','1','用户不存在/密码错误','2025-04-27 15:20:26'),(227,'saller2','127.0.0.1','内网IP','Chrome 13','Mac OS X','0','退出成功','2025-04-27 15:20:31'),(228,'admin','127.0.0.1','内网IP','Chrome 13','Mac OS X','0','登录成功','2025-04-27 15:20:34'),(229,'saller3','127.0.0.1','内网IP','Chrome 13','Mac OS X','0','登录成功','2025-04-27 15:20:57'),(230,'admin','127.0.0.1','内网IP','Chrome 13','Mac OS X','0','登录成功','2025-04-27 15:23:37');
/*!40000 ALTER TABLE `sys_logininfor` ENABLE KEYS */;
UNLOCK TABLES;

--
-- Table structure for table `sys_menu`
--

DROP TABLE IF EXISTS `sys_menu`;
/*!40101 SET @saved_cs_client     = @@character_set_client */;
/*!50503 SET character_set_client = utf8mb4 */;
CREATE TABLE `sys_menu` (
  `menu_id` bigint NOT NULL AUTO_INCREMENT COMMENT '菜单ID',
  `menu_name` varchar(50) NOT NULL COMMENT '菜单名称',
  `parent_id` bigint DEFAULT '0' COMMENT '父菜单ID',
  `order_num` int DEFAULT '0' COMMENT '显示顺序',
  `path` varchar(200) DEFAULT '' COMMENT '路由地址',
  `component` varchar(255) DEFAULT NULL COMMENT '组件路径',
  `query` varchar(255) DEFAULT NULL COMMENT '路由参数',
  `route_name` varchar(50) DEFAULT '' COMMENT '路由名称',
  `is_frame` int DEFAULT '1' COMMENT '是否为外链（0是 1否）',
  `is_cache` int DEFAULT '0' COMMENT '是否缓存（0缓存 1不缓存）',
  `menu_type` char(1) DEFAULT '' COMMENT '菜单类型（M目录 C菜单 F按钮）',
  `visible` char(1) DEFAULT '0' COMMENT '菜单状态（0显示 1隐藏）',
  `status` char(1) DEFAULT '0' COMMENT '菜单状态（0正常 1停用）',
  `perms` varchar(100) DEFAULT NULL COMMENT '权限标识',
  `icon` varchar(100) DEFAULT '#' COMMENT '菜单图标',
  `create_by` varchar(64) DEFAULT '' COMMENT '创建者',
  `create_time` datetime DEFAULT NULL COMMENT '创建时间',
  `update_by` varchar(64) DEFAULT '' COMMENT '更新者',
  `update_time` datetime DEFAULT NULL COMMENT '更新时间',
  `remark` varchar(500) DEFAULT '' COMMENT '备注',
  PRIMARY KEY (`menu_id`)
) ENGINE=InnoDB AUTO_INCREMENT=2074 DEFAULT CHARSET=utf8mb4 COLLATE=utf8mb4_0900_ai_ci COMMENT='菜单权限表';
/*!40101 SET character_set_client = @saved_cs_client */;

--
-- Dumping data for table `sys_menu`
--

LOCK TABLES `sys_menu` WRITE;
/*!40000 ALTER TABLE `sys_menu` DISABLE KEYS */;
INSERT INTO `sys_menu` VALUES (1,'系统管理',0,1,'system',NULL,'','',1,0,'M','0','0','','system','admin','2025-04-12 17:51:01','',NULL,'系统管理目录'),(2,'系统监控',0,2,'monitor',NULL,'','',1,0,'M','0','0','','monitor','admin','2025-04-12 17:51:01','',NULL,'系统监控目录'),(3,'系统工具',0,3,'tool',NULL,'','',1,0,'M','0','0','','tool','admin','2025-04-12 17:51:01','admin','2025-04-26 14:11:05','系统工具目录'),(4,'xxx',0,4,'0',NULL,'','',1,0,'F','1','1','','guide','admin','2025-04-12 17:51:01','admin','2025-04-14 15:39:46','若依官网地址'),(100,'用户管理',1,1,'user','system/user/index','','',1,0,'C','0','0','system:user:list','user','admin','2025-04-12 17:51:01','',NULL,'用户管理菜单'),(101,'角色管理',1,2,'role','system/role/index','','',1,0,'C','0','0','system:role:list','peoples','admin','2025-04-12 17:51:01','',NULL,'角色管理菜单'),(102,'菜单管理',1,3,'menu','system/menu/index','','',1,0,'C','0','0','system:menu:list','tree-table','admin','2025-04-12 17:51:01','',NULL,'菜单管理菜单'),(103,'部门管理',1,4,'dept','system/dept/index','','',1,0,'C','0','0','system:dept:list','tree','admin','2025-04-12 17:51:01','',NULL,'部门管理菜单'),(104,'岗位管理',1,5,'post','system/post/index','','',1,0,'C','0','0','system:post:list','post','admin','2025-04-12 17:51:01','',NULL,'岗位管理菜单'),(105,'字典管理',1,6,'dict','system/dict/index','','',1,0,'C','1','0','system:dict:list','dict','admin','2025-04-12 17:51:01','admin','2025-04-27 09:46:47','字典管理菜单'),(106,'参数设置',1,7,'config','system/config/index','','',1,0,'C','0','0','system:config:list','edit','admin','2025-04-12 17:51:01','',NULL,'参数设置菜单'),(107,'通知公告',1,8,'notice','system/notice/index','','',1,0,'C','0','0','system:notice:list','message','admin','2025-04-12 17:51:01','',NULL,'通知公告菜单'),(108,'日志管理',1,9,'log','','','',1,0,'M','0','0','','log','admin','2025-04-12 17:51:01','',NULL,'日志管理菜单'),(109,'在线用户',2,1,'online','monitor/online/index','','',1,0,'C','0','0','monitor:online:list','online','admin','2025-04-12 17:51:01','',NULL,'在线用户菜单'),(110,'定时任务',2,2,'job','monitor/job/index','','',1,0,'C','0','0','monitor:job:list','job','admin','2025-04-12 17:51:01','admin','2025-04-26 17:19:58','定时任务菜单'),(111,'数据监控',2,3,'druid','monitor/druid/index','','',1,0,'C','0','0','monitor:druid:list','druid','admin','2025-04-12 17:51:01','',NULL,'数据监控菜单'),(112,'服务监控',2,4,'server','monitor/server/index','','',1,0,'C','0','0','monitor:server:list','server','admin','2025-04-12 17:51:01','',NULL,'服务监控菜单'),(113,'缓存监控',2,5,'cache','monitor/cache/index','','',1,0,'C','0','0','monitor:cache:list','redis','admin','2025-04-12 17:51:01','',NULL,'缓存监控菜单'),(114,'缓存列表',2,6,'cacheList','monitor/cache/list','','',1,0,'C','0','0','monitor:cache:list','redis-list','admin','2025-04-12 17:51:01','',NULL,'缓存列表菜单'),(115,'表单构建',3,1,'build','tool/build/index','','',1,0,'C','0','0','tool:build:list','build','admin','2025-04-12 17:51:01','',NULL,'表单构建菜单'),(116,'代码生成',3,2,'gen','tool/gen/index','','',1,0,'C','0','0','tool:gen:list','code','admin','2025-04-12 17:51:01','',NULL,'代码生成菜单'),(117,'系统接口',3,3,'swagger','tool/swagger/index','','',1,0,'C','0','0','tool:swagger:list','swagger','admin','2025-04-12 17:51:01','',NULL,'系统接口菜单'),(500,'操作日志',108,1,'operlog','monitor/operlog/index','','',1,0,'C','0','0','monitor:operlog:list','form','admin','2025-04-12 17:51:01','',NULL,'操作日志菜单'),(501,'登录日志',108,2,'logininfor','monitor/logininfor/index','','',1,0,'C','0','0','monitor:logininfor:list','logininfor','admin','2025-04-12 17:51:01','',NULL,'登录日志菜单'),(1000,'用户查询',100,1,'','','','',1,0,'F','0','0','system:user:query','#','admin','2025-04-12 17:51:01','',NULL,''),(1001,'用户新增',100,2,'','','','',1,0,'F','0','0','system:user:add','#','admin','2025-04-12 17:51:01','',NULL,''),(1002,'用户修改',100,3,'','','','',1,0,'F','0','0','system:user:edit','#','admin','2025-04-12 17:51:01','',NULL,''),(1003,'用户删除',100,4,'','','','',1,0,'F','0','0','system:user:remove','#','admin','2025-04-12 17:51:01','',NULL,''),(1004,'用户导出',100,5,'','','','',1,0,'F','0','0','system:user:export','#','admin','2025-04-12 17:51:01','',NULL,''),(1005,'用户导入',100,6,'','','','',1,0,'F','0','0','system:user:import','#','admin','2025-04-12 17:51:01','',NULL,''),(1006,'重置密码',100,7,'','','','',1,0,'F','0','0','system:user:resetPwd','#','admin','2025-04-12 17:51:01','',NULL,''),(1007,'角色查询',101,1,'','','','',1,0,'F','0','0','system:role:query','#','admin','2025-04-12 17:51:01','',NULL,''),(1008,'角色新增',101,2,'','','','',1,0,'F','0','0','system:role:add','#','admin','2025-04-12 17:51:01','',NULL,''),(1009,'角色修改',101,3,'','','','',1,0,'F','0','0','system:role:edit','#','admin','2025-04-12 17:51:01','',NULL,''),(1010,'角色删除',101,4,'','','','',1,0,'F','0','0','system:role:remove','#','admin','2025-04-12 17:51:01','',NULL,''),(1011,'角色导出',101,5,'','','','',1,0,'F','0','0','system:role:export','#','admin','2025-04-12 17:51:01','',NULL,''),(1012,'菜单查询',102,1,'','','','',1,0,'F','0','0','system:menu:query','#','admin','2025-04-12 17:51:01','',NULL,''),(1013,'菜单新增',102,2,'','','','',1,0,'F','0','0','system:menu:add','#','admin','2025-04-12 17:51:01','',NULL,''),(1014,'菜单修改',102,3,'','','','',1,0,'F','0','0','system:menu:edit','#','admin','2025-04-12 17:51:01','',NULL,''),(1015,'菜单删除',102,4,'','','','',1,0,'F','0','0','system:menu:remove','#','admin','2025-04-12 17:51:01','',NULL,''),(1016,'部门查询',103,1,'','','','',1,0,'F','0','0','system:dept:query','#','admin','2025-04-12 17:51:01','',NULL,''),(1017,'部门新增',103,2,'','','','',1,0,'F','0','0','system:dept:add','#','admin','2025-04-12 17:51:01','',NULL,''),(1018,'部门修改',103,3,'','','','',1,0,'F','0','0','system:dept:edit','#','admin','2025-04-12 17:51:01','',NULL,''),(1019,'部门删除',103,4,'','','','',1,0,'F','0','0','system:dept:remove','#','admin','2025-04-12 17:51:01','',NULL,''),(1020,'岗位查询',104,1,'','','','',1,0,'F','0','0','system:post:query','#','admin','2025-04-12 17:51:01','',NULL,''),(1021,'岗位新增',104,2,'','','','',1,0,'F','0','0','system:post:add','#','admin','2025-04-12 17:51:01','',NULL,''),(1022,'岗位修改',104,3,'','','','',1,0,'F','0','0','system:post:edit','#','admin','2025-04-12 17:51:01','',NULL,''),(1023,'岗位删除',104,4,'','','','',1,0,'F','0','0','system:post:remove','#','admin','2025-04-12 17:51:01','',NULL,''),(1024,'岗位导出',104,5,'','','','',1,0,'F','0','0','system:post:export','#','admin','2025-04-12 17:51:01','',NULL,''),(1025,'字典查询',105,1,'#','','','',1,0,'F','0','0','system:dict:query','#','admin','2025-04-12 17:51:01','',NULL,''),(1026,'字典新增',105,2,'#','','','',1,0,'F','0','0','system:dict:add','#','admin','2025-04-12 17:51:01','',NULL,''),(1027,'字典修改',105,3,'#','','','',1,0,'F','0','0','system:dict:edit','#','admin','2025-04-12 17:51:01','',NULL,''),(1028,'字典删除',105,4,'#','','','',1,0,'F','0','0','system:dict:remove','#','admin','2025-04-12 17:51:01','',NULL,''),(1029,'字典导出',105,5,'#','','','',1,0,'F','0','0','system:dict:export','#','admin','2025-04-12 17:51:01','',NULL,''),(1030,'参数查询',106,1,'#','','','',1,0,'F','0','0','system:config:query','#','admin','2025-04-12 17:51:01','',NULL,''),(1031,'参数新增',106,2,'#','','','',1,0,'F','0','0','system:config:add','#','admin','2025-04-12 17:51:01','',NULL,''),(1032,'参数修改',106,3,'#','','','',1,0,'F','0','0','system:config:edit','#','admin','2025-04-12 17:51:01','',NULL,''),(1033,'参数删除',106,4,'#','','','',1,0,'F','0','0','system:config:remove','#','admin','2025-04-12 17:51:01','',NULL,''),(1034,'参数导出',106,5,'#','','','',1,0,'F','0','0','system:config:export','#','admin','2025-04-12 17:51:01','',NULL,''),(1035,'公告查询',107,1,'#','','','',1,0,'F','0','0','system:notice:query','#','admin','2025-04-12 17:51:01','',NULL,''),(1036,'公告新增',107,2,'#','','','',1,0,'F','0','0','system:notice:add','#','admin','2025-04-12 17:51:01','',NULL,''),(1037,'公告修改',107,3,'#','','','',1,0,'F','0','0','system:notice:edit','#','admin','2025-04-12 17:51:01','',NULL,''),(1038,'公告删除',107,4,'#','','','',1,0,'F','0','0','system:notice:remove','#','admin','2025-04-12 17:51:01','',NULL,''),(1039,'操作查询',500,1,'#','','','',1,0,'F','0','0','monitor:operlog:query','#','admin','2025-04-12 17:51:01','',NULL,''),(1040,'操作删除',500,2,'#','','','',1,0,'F','0','0','monitor:operlog:remove','#','admin','2025-04-12 17:51:01','',NULL,''),(1041,'日志导出',500,3,'#','','','',1,0,'F','0','0','monitor:operlog:export','#','admin','2025-04-12 17:51:01','',NULL,''),(1042,'登录查询',501,1,'#','','','',1,0,'F','0','0','monitor:logininfor:query','#','admin','2025-04-12 17:51:01','',NULL,''),(1043,'登录删除',501,2,'#','','','',1,0,'F','0','0','monitor:logininfor:remove','#','admin','2025-04-12 17:51:01','',NULL,''),(1044,'日志导出',501,3,'#','','','',1,0,'F','0','0','monitor:logininfor:export','#','admin','2025-04-12 17:51:01','',NULL,''),(1045,'账户解锁',501,4,'#','','','',1,0,'F','0','0','monitor:logininfor:unlock','#','admin','2025-04-12 17:51:01','',NULL,''),(1046,'在线查询',109,1,'#','','','',1,0,'F','0','0','monitor:online:query','#','admin','2025-04-12 17:51:01','',NULL,''),(1047,'批量强退',109,2,'#','','','',1,0,'F','0','0','monitor:online:batchLogout','#','admin','2025-04-12 17:51:01','',NULL,''),(1048,'单条强退',109,3,'#','','','',1,0,'F','0','0','monitor:online:forceLogout','#','admin','2025-04-12 17:51:01','',NULL,''),(1049,'任务查询',110,1,'#','','','',1,0,'F','0','0','monitor:job:query','#','admin','2025-04-12 17:51:01','',NULL,''),(1050,'任务新增',110,2,'#','','','',1,0,'F','0','0','monitor:job:add','#','admin','2025-04-12 17:51:01','',NULL,''),(1051,'任务修改',110,3,'#','','','',1,0,'F','0','0','monitor:job:edit','#','admin','2025-04-12 17:51:01','',NULL,''),(1052,'任务删除',110,4,'#','','','',1,0,'F','0','0','monitor:job:remove','#','admin','2025-04-12 17:51:01','',NULL,''),(1053,'状态修改',110,5,'#','','','',1,0,'F','0','0','monitor:job:changeStatus','#','admin','2025-04-12 17:51:01','',NULL,''),(1054,'任务导出',110,6,'#','','','',1,0,'F','0','0','monitor:job:export','#','admin','2025-04-12 17:51:01','',NULL,''),(1055,'生成查询',116,1,'#','','','',1,0,'F','0','0','tool:gen:query','#','admin','2025-04-12 17:51:01','',NULL,''),(1056,'生成修改',116,2,'#','','','',1,0,'F','0','0','tool:gen:edit','#','admin','2025-04-12 17:51:01','',NULL,''),(1057,'生成删除',116,3,'#','','','',1,0,'F','0','0','tool:gen:remove','#','admin','2025-04-12 17:51:01','',NULL,''),(1058,'导入代码',116,4,'#','','','',1,0,'F','0','0','tool:gen:import','#','admin','2025-04-12 17:51:01','',NULL,''),(1059,'预览代码',116,5,'#','','','',1,0,'F','0','0','tool:gen:preview','#','admin','2025-04-12 17:51:01','',NULL,''),(1060,'生成代码',116,6,'#','','','',1,0,'F','0','0','tool:gen:code','#','admin','2025-04-12 17:51:01','',NULL,''),(2000,'平台管理',0,1,'ps',NULL,NULL,'',1,0,'M','0','0',NULL,'table','admin','2025-04-12 18:07:58','',NULL,''),(2001,'商品',2000,1,'product','system/product/index',NULL,'',1,0,'C','0','0','system:product:list','#','admin','2025-04-13 03:46:57','',NULL,'商品菜单'),(2002,'商品查询',2001,1,'#','',NULL,'',1,0,'F','0','0','system:product:query','#','admin','2025-04-13 03:46:57','',NULL,''),(2003,'商品新增',2001,2,'#','',NULL,'',1,0,'F','0','0','system:product:add','#','admin','2025-04-13 03:46:57','',NULL,''),(2004,'商品修改',2001,3,'#','',NULL,'',1,0,'F','0','0','system:product:edit','#','admin','2025-04-13 03:46:57','',NULL,''),(2005,'商品删除',2001,4,'#','',NULL,'',1,0,'F','0','0','system:product:remove','#','admin','2025-04-13 03:46:57','',NULL,''),(2006,'商品导出',2001,5,'#','',NULL,'',1,0,'F','0','0','system:product:export','#','admin','2025-04-13 03:46:57','',NULL,''),(2007,'商品类别',2000,1,'category','system/category/index',NULL,'',1,0,'C','0','0','system:category:list','#','admin','2025-04-13 03:47:04','',NULL,'商品类别菜单'),(2008,'商品类别查询',2007,1,'#','',NULL,'',1,0,'F','0','0','system:category:query','#','admin','2025-04-13 03:47:04','',NULL,''),(2009,'商品类别新增',2007,2,'#','',NULL,'',1,0,'F','0','0','system:category:add','#','admin','2025-04-13 03:47:04','',NULL,''),(2010,'商品类别修改',2007,3,'#','',NULL,'',1,0,'F','0','0','system:category:edit','#','admin','2025-04-13 03:47:04','',NULL,''),(2011,'商品类别删除',2007,4,'#','',NULL,'',1,0,'F','0','0','system:category:remove','#','admin','2025-04-13 03:47:04','',NULL,''),(2012,'商品类别导出',2007,5,'#','',NULL,'',1,0,'F','0','0','system:category:export','#','admin','2025-04-13 03:47:04','',NULL,''),(2013,'订单',2000,1,'order','system/order/index',NULL,'',1,0,'C','0','0','system:order:list','#','admin','2025-04-13 03:47:12','',NULL,'订单菜单'),(2014,'订单查询',2013,1,'#','',NULL,'',1,0,'F','0','0','system:order:query','#','admin','2025-04-13 03:47:12','',NULL,''),(2015,'订单新增',2013,2,'#','',NULL,'',1,0,'F','0','0','system:order:add','#','admin','2025-04-13 03:47:12','',NULL,''),(2016,'订单修改',2013,3,'#','',NULL,'',1,0,'F','0','0','system:order:edit','#','admin','2025-04-13 03:47:12','',NULL,''),(2017,'订单删除',2013,4,'#','',NULL,'',1,0,'F','0','0','system:order:remove','#','admin','2025-04-13 03:47:12','',NULL,''),(2018,'订单导出',2013,5,'#','',NULL,'',1,0,'F','0','0','system:order:export','#','admin','2025-04-13 03:47:12','',NULL,''),(2019,'购物车',2000,1,'cart','system/cart/index',NULL,'',1,0,'C','0','0','system:cart:list','#','admin','2025-04-13 03:47:18','',NULL,'购物车菜单'),(2020,'购物车查询',2019,1,'#','',NULL,'',1,0,'F','0','0','system:cart:query','#','admin','2025-04-13 03:47:18','',NULL,''),(2021,'购物车新增',2019,2,'#','',NULL,'',1,0,'F','0','0','system:cart:add','#','admin','2025-04-13 03:47:18','',NULL,''),(2022,'购物车修改',2019,3,'#','',NULL,'',1,0,'F','0','0','system:cart:edit','#','admin','2025-04-13 03:47:18','',NULL,''),(2023,'购物车删除',2019,4,'#','',NULL,'',1,0,'F','0','0','system:cart:remove','#','admin','2025-04-13 03:47:18','',NULL,''),(2024,'购物车导出',2019,5,'#','',NULL,'',1,0,'F','0','0','system:cart:export','#','admin','2025-04-13 03:47:18','',NULL,''),(2025,'订单详情',2000,1,'detail','system/detail/index',NULL,'',1,0,'C','0','0','system:detail:list','#','admin','2025-04-13 03:47:24','',NULL,'订单详情菜单'),(2026,'订单详情查询',2025,1,'#','',NULL,'',1,0,'F','0','0','system:detail:query','#','admin','2025-04-13 03:47:24','',NULL,''),(2027,'订单详情新增',2025,2,'#','',NULL,'',1,0,'F','0','0','system:detail:add','#','admin','2025-04-13 03:47:24','',NULL,''),(2028,'订单详情修改',2025,3,'#','',NULL,'',1,0,'F','0','0','system:detail:edit','#','admin','2025-04-13 03:47:24','',NULL,''),(2029,'订单详情删除',2025,4,'#','',NULL,'',1,0,'F','0','0','system:detail:remove','#','admin','2025-04-13 03:47:24','',NULL,''),(2030,'订单详情导出',2025,5,'#','',NULL,'',1,0,'F','0','0','system:detail:export','#','admin','2025-04-13 03:47:24','',NULL,''),(2031,'评论',2000,1,'review','system/review/index',NULL,'',1,0,'C','0','0','system:review:list','#','admin','2025-04-13 03:47:32','',NULL,'评论菜单'),(2032,'评论查询',2031,1,'#','',NULL,'',1,0,'F','0','0','system:review:query','#','admin','2025-04-13 03:47:32','',NULL,''),(2033,'评论新增',2031,2,'#','',NULL,'',1,0,'F','0','0','system:review:add','#','admin','2025-04-13 03:47:32','',NULL,''),(2034,'评论修改',2031,3,'#','',NULL,'',1,0,'F','0','0','system:review:edit','#','admin','2025-04-13 03:47:32','',NULL,''),(2035,'评论删除',2031,4,'#','',NULL,'',1,0,'F','0','0','system:review:remove','#','admin','2025-04-13 03:47:32','',NULL,''),(2036,'评论导出',2031,5,'#','',NULL,'',1,0,'F','0','0','system:review:export','#','admin','2025-04-13 03:47:32','',NULL,''),(2037,'评论详情',2000,1,'reviews','system/reviews/index',NULL,'',1,0,'C','1','0','system:reviews:list','#','admin','2025-04-13 14:17:25','admin','2025-04-27 09:46:26','评论详情菜单'),(2038,'评论详情查询',2037,1,'#','',NULL,'',1,0,'F','0','0','system:reviews:query','#','admin','2025-04-13 14:17:25','',NULL,''),(2039,'评论详情新增',2037,2,'#','',NULL,'',1,0,'F','0','0','system:reviews:add','#','admin','2025-04-13 14:17:25','',NULL,''),(2040,'评论详情修改',2037,3,'#','',NULL,'',1,0,'F','0','0','system:reviews:edit','#','admin','2025-04-13 14:17:25','',NULL,''),(2041,'评论详情删除',2037,4,'#','',NULL,'',1,0,'F','0','0','system:reviews:remove','#','admin','2025-04-13 14:17:25','',NULL,''),(2042,'评论详情导出',2037,5,'#','',NULL,'',1,0,'F','0','0','system:reviews:export','#','admin','2025-04-13 14:17:25','',NULL,''),(2043,'地址信息',2000,1,'address','system/address/index',NULL,'',1,0,'C','0','0','system:address:list','#','admin','2025-04-26 14:16:33','',NULL,'地址信息菜单'),(2044,'地址信息查询',2043,1,'#','',NULL,'',1,0,'F','0','0','system:address:query','#','admin','2025-04-26 14:16:33','',NULL,''),(2045,'地址信息新增',2043,2,'#','',NULL,'',1,0,'F','0','0','system:address:add','#','admin','2025-04-26 14:16:33','',NULL,''),(2046,'地址信息修改',2043,3,'#','',NULL,'',1,0,'F','0','0','system:address:edit','#','admin','2025-04-26 14:16:33','',NULL,''),(2047,'地址信息删除',2043,4,'#','',NULL,'',1,0,'F','0','0','system:address:remove','#','admin','2025-04-26 14:16:33','',NULL,''),(2048,'地址信息导出',2043,5,'#','',NULL,'',1,0,'F','0','0','system:address:export','#','admin','2025-04-26 14:16:33','',NULL,''),(2049,'用户地址信息',2000,1,'user_address','system/user_address/index',NULL,'',1,0,'C','0','0','system:user_address:list','#','admin','2025-04-26 16:30:16','',NULL,'用户地址信息菜单'),(2050,'用户地址信息查询',2049,1,'#','',NULL,'',1,0,'F','0','0','system:user_address:query','#','admin','2025-04-26 16:30:16','',NULL,''),(2051,'用户地址信息新增',2049,2,'#','',NULL,'',1,0,'F','0','0','system:user_address:add','#','admin','2025-04-26 16:30:16','',NULL,''),(2052,'用户地址信息修改',2049,3,'#','',NULL,'',1,0,'F','0','0','system:user_address:edit','#','admin','2025-04-26 16:30:16','',NULL,''),(2053,'用户地址信息删除',2049,4,'#','',NULL,'',1,0,'F','0','0','system:user_address:remove','#','admin','2025-04-26 16:30:16','',NULL,''),(2054,'用户地址信息导出',2049,5,'#','',NULL,'',1,0,'F','0','0','system:user_address:export','#','admin','2025-04-26 16:30:16','',NULL,''),(2055,'数据统计',2,1,'statistics','monitor/statistics/index',NULL,'数据统计',1,0,'C','0','0','monitor:statistics:list','build','admin','2025-04-26 17:16:51','admin','2025-04-26 17:25:36',''),(2056,'销售员-订单关联',2000,1,'saller_order','system/saller_order/index',NULL,'',1,0,'C','0','0','system:saller_order:list','#','admin','2025-04-27 06:33:54','',NULL,'销售员-订单关联菜单'),(2057,'销售员-订单关联查询',2056,1,'#','',NULL,'',1,0,'F','0','0','system:saller_order:query','#','admin','2025-04-27 06:33:55','',NULL,''),(2058,'销售员-订单关联新增',2056,2,'#','',NULL,'',1,0,'F','0','0','system:saller_order:add','#','admin','2025-04-27 06:33:55','',NULL,''),(2059,'销售员-订单关联修改',2056,3,'#','',NULL,'',1,0,'F','0','0','system:saller_order:edit','#','admin','2025-04-27 06:33:55','',NULL,''),(2060,'销售员-订单关联删除',2056,4,'#','',NULL,'',1,0,'F','0','0','system:saller_order:remove','#','admin','2025-04-27 06:33:55','',NULL,''),(2061,'销售员-订单关联导出',2056,5,'#','',NULL,'',1,0,'F','0','0','system:saller_order:export','#','admin','2025-04-27 06:33:55','',NULL,''),(2062,'销售员-产品关联',2000,1,'saller_product','system/saller_product/index',NULL,'',1,0,'C','0','0','system:saller_product:list','#','admin','2025-04-27 06:34:01','',NULL,'销售员-产品关联菜单'),(2063,'销售员-产品关联查询',2062,1,'#','',NULL,'',1,0,'F','0','0','system:saller_product:query','#','admin','2025-04-27 06:34:01','',NULL,''),(2064,'销售员-产品关联新增',2062,2,'#','',NULL,'',1,0,'F','0','0','system:saller_product:add','#','admin','2025-04-27 06:34:01','',NULL,''),(2065,'销售员-产品关联修改',2062,3,'#','',NULL,'',1,0,'F','0','0','system:saller_product:edit','#','admin','2025-04-27 06:34:01','',NULL,''),(2066,'销售员-产品关联删除',2062,4,'#','',NULL,'',1,0,'F','0','0','system:saller_product:remove','#','admin','2025-04-27 06:34:01','',NULL,''),(2067,'销售员-产品关联导出',2062,5,'#','',NULL,'',1,0,'F','0','0','system:saller_product:export','#','admin','2025-04-27 06:34:01','',NULL,''),(2068,'VIEW',2000,1,'view_product_user','system/view_product_user/index',NULL,'',1,0,'C','0','0','system:view_product_user:list','#','admin','2025-04-27 11:52:14','',NULL,'VIEW菜单'),(2069,'VIEW查询',2068,1,'#','',NULL,'',1,0,'F','0','0','system:view_product_user:query','#','admin','2025-04-27 11:52:14','',NULL,''),(2070,'VIEW新增',2068,2,'#','',NULL,'',1,0,'F','0','0','system:view_product_user:add','#','admin','2025-04-27 11:52:14','',NULL,''),(2071,'VIEW修改',2068,3,'#','',NULL,'',1,0,'F','0','0','system:view_product_user:edit','#','admin','2025-04-27 11:52:14','',NULL,''),(2072,'VIEW删除',2068,4,'#','',NULL,'',1,0,'F','0','0','system:view_product_user:remove','#','admin','2025-04-27 11:52:14','',NULL,''),(2073,'VIEW导出',2068,5,'#','',NULL,'',1,0,'F','0','0','system:view_product_user:export','#','admin','2025-04-27 11:52:14','',NULL,'');
/*!40000 ALTER TABLE `sys_menu` ENABLE KEYS */;
UNLOCK TABLES;

--
-- Table structure for table `sys_notice`
--

DROP TABLE IF EXISTS `sys_notice`;
/*!40101 SET @saved_cs_client     = @@character_set_client */;
/*!50503 SET character_set_client = utf8mb4 */;
CREATE TABLE `sys_notice` (
  `notice_id` int NOT NULL AUTO_INCREMENT COMMENT '公告ID',
  `notice_title` varchar(50) NOT NULL COMMENT '公告标题',
  `notice_type` char(1) NOT NULL COMMENT '公告类型（1通知 2公告）',
  `notice_content` longblob COMMENT '公告内容',
  `status` char(1) DEFAULT '0' COMMENT '公告状态（0正常 1关闭）',
  `create_by` varchar(64) DEFAULT '' COMMENT '创建者',
  `create_time` datetime DEFAULT NULL COMMENT '创建时间',
  `update_by` varchar(64) DEFAULT '' COMMENT '更新者',
  `update_time` datetime DEFAULT NULL COMMENT '更新时间',
  `remark` varchar(255) DEFAULT NULL COMMENT '备注',
  PRIMARY KEY (`notice_id`)
) ENGINE=InnoDB AUTO_INCREMENT=10 DEFAULT CHARSET=utf8mb4 COLLATE=utf8mb4_0900_ai_ci COMMENT='通知公告表';
/*!40101 SET character_set_client = @saved_cs_client */;

--
-- Dumping data for table `sys_notice`
--

LOCK TABLES `sys_notice` WRITE;
/*!40000 ALTER TABLE `sys_notice` DISABLE KEYS */;
INSERT INTO `sys_notice` VALUES (1,'温馨提醒：2018-07-01 若依新版本发布啦','2',_binary '新版本内容','0','admin','2025-04-12 17:51:02','',NULL,'管理员'),(2,'维护通知：2018-07-01 若依系统凌晨维护','1',_binary '维护内容','0','admin','2025-04-12 17:51:02','',NULL,'管理员');
/*!40000 ALTER TABLE `sys_notice` ENABLE KEYS */;
UNLOCK TABLES;

--
-- Table structure for table `sys_oper_log`
--

DROP TABLE IF EXISTS `sys_oper_log`;
/*!40101 SET @saved_cs_client     = @@character_set_client */;
/*!50503 SET character_set_client = utf8mb4 */;
CREATE TABLE `sys_oper_log` (
  `oper_id` bigint NOT NULL AUTO_INCREMENT COMMENT '日志主键',
  `title` varchar(50) DEFAULT '' COMMENT '模块标题',
  `business_type` int DEFAULT '0' COMMENT '业务类型（0其它 1新增 2修改 3删除）',
  `method` varchar(200) DEFAULT '' COMMENT '方法名称',
  `request_method` varchar(10) DEFAULT '' COMMENT '请求方式',
  `operator_type` int DEFAULT '0' COMMENT '操作类别（0其它 1后台用户 2手机端用户）',
  `oper_name` varchar(50) DEFAULT '' COMMENT '操作人员',
  `dept_name` varchar(50) DEFAULT '' COMMENT '部门名称',
  `oper_url` varchar(255) DEFAULT '' COMMENT '请求URL',
  `oper_ip` varchar(128) DEFAULT '' COMMENT '主机地址',
  `oper_location` varchar(255) DEFAULT '' COMMENT '操作地点',
  `oper_param` varchar(2000) DEFAULT '' COMMENT '请求参数',
  `json_result` varchar(2000) DEFAULT '' COMMENT '返回参数',
  `status` int DEFAULT '0' COMMENT '操作状态（0正常 1异常）',
  `error_msg` varchar(2000) DEFAULT '' COMMENT '错误消息',
  `oper_time` datetime DEFAULT NULL COMMENT '操作时间',
  `cost_time` bigint DEFAULT '0' COMMENT '消耗时间',
  PRIMARY KEY (`oper_id`),
  KEY `idx_sys_oper_log_bt` (`business_type`),
  KEY `idx_sys_oper_log_s` (`status`),
  KEY `idx_sys_oper_log_ot` (`oper_time`)
) ENGINE=InnoDB AUTO_INCREMENT=764 DEFAULT CHARSET=utf8mb4 COLLATE=utf8mb4_0900_ai_ci COMMENT='操作日志记录';
/*!40101 SET character_set_client = @saved_cs_client */;

--
-- Dumping data for table `sys_oper_log`
--

LOCK TABLES `sys_oper_log` WRITE;
/*!40000 ALTER TABLE `sys_oper_log` DISABLE KEYS */;
INSERT INTO `sys_oper_log` VALUES (100,'代码生成',6,'com.ruoyi.generator.controller.GenController.importTableSave()','POST',1,'admin','研发部门','/tool/gen/importTable','127.0.0.1','内网IP','{\"tables\":\"review,product_category,product,order_detail,order,cart\"}','{\"msg\":\"操作成功\",\"code\":200}',0,NULL,'2025-04-12 18:04:00',292),(101,'菜单管理',1,'com.ruoyi.web.controller.system.SysMenuController.add()','POST',1,'admin','研发部门','/system/menu','127.0.0.1','内网IP','{\"children\":[],\"createBy\":\"admin\",\"icon\":\"table\",\"isCache\":\"0\",\"isFrame\":\"1\",\"menuName\":\"平台管理\",\"menuType\":\"M\",\"orderNum\":1,\"params\":{},\"parentId\":0,\"path\":\"ps\",\"status\":\"0\",\"visible\":\"0\"}','{\"msg\":\"操作成功\",\"code\":200}',0,NULL,'2025-04-12 18:07:58',46),(102,'代码生成',2,'com.ruoyi.generator.controller.GenController.editSave()','PUT',1,'admin','研发部门','/tool/gen','127.0.0.1','内网IP','{\"businessName\":\"cart\",\"className\":\"Cart\",\"columns\":[{\"capJavaField\":\"CartId\",\"columnComment\":\"购物车ID\",\"columnId\":1,\"columnName\":\"cart_id\",\"columnType\":\"int\",\"createBy\":\"admin\",\"createTime\":\"2025-04-12 18:04:00\",\"dictType\":\"\",\"edit\":false,\"htmlType\":\"input\",\"increment\":true,\"insert\":true,\"isIncrement\":\"1\",\"isInsert\":\"1\",\"isPk\":\"1\",\"isRequired\":\"0\",\"javaField\":\"cartId\",\"javaType\":\"Long\",\"list\":false,\"params\":{},\"pk\":true,\"query\":false,\"queryType\":\"EQ\",\"required\":false,\"sort\":1,\"superColumn\":false,\"tableId\":1,\"updateBy\":\"\",\"usableColumn\":false},{\"capJavaField\":\"UserId\",\"columnComment\":\"用户ID\",\"columnId\":2,\"columnName\":\"user_id\",\"columnType\":\"bigint\",\"createBy\":\"admin\",\"createTime\":\"2025-04-12 18:04:00\",\"dictType\":\"\",\"edit\":true,\"htmlType\":\"input\",\"increment\":false,\"insert\":true,\"isEdit\":\"1\",\"isIncrement\":\"0\",\"isInsert\":\"1\",\"isList\":\"1\",\"isPk\":\"0\",\"isQuery\":\"1\",\"isRequired\":\"1\",\"javaField\":\"userId\",\"javaType\":\"Long\",\"list\":true,\"params\":{},\"pk\":false,\"query\":true,\"queryType\":\"EQ\",\"required\":true,\"sort\":2,\"superColumn\":false,\"tableId\":1,\"updateBy\":\"\",\"usableColumn\":false},{\"capJavaField\":\"ProductId\",\"columnComment\":\"商品ID\",\"columnId\":3,\"columnName\":\"product_id\",\"columnType\":\"int\",\"createBy\":\"admin\",\"createTime\":\"2025-04-12 18:04:00\",\"dictType\":\"\",\"edit\":true,\"htmlType\":\"input\",\"increment\":false,\"insert\":true,\"isEdit\":\"1\",\"isIncrement\":\"0\",\"isInsert\":\"1\",\"isList\":\"1\",\"isPk\":\"0\",\"isQuery\":\"1\",\"isRequired\":\"1\",\"javaField\":\"productId\",\"javaType\":\"Long\",\"list\":true,\"params\":{},\"pk\":false,\"query\":true,\"queryType\":\"EQ\",\"required\":true,\"sort\":3,\"superColumn\":false,\"tableId\":1,\"updateBy\":\"\",\"usableColumn\":false},{\"capJavaField\":\"Quantity\",\"columnComment\":\"商品数量\",\"columnId\":4,\"columnName\":\"quantity\",\"columnType\":\"int\",\"createBy\":\"admin\",\"createTime\":\"2025-04-12 18:04:00\",\"dictType\":\"\",\"edit\":true,\"htmlType\":\"input\",\"increment\":false,\"insert\":true,\"isEdit\":\"1\",\"isIncrement\":\"0\",\"isInsert\":\"1\",\"isList\":\"1\",\"isPk\":\"0\",\"isQuery\":\"1\",\"isRequired\":\"1\",\"javaField\":\"quantity\",\"javaType\":\"Lon','{\"msg\":\"操作成功\",\"code\":200}',0,NULL,'2025-04-12 18:08:22',32),(103,'代码生成',2,'com.ruoyi.generator.controller.GenController.editSave()','PUT',1,'admin','研发部门','/tool/gen','127.0.0.1','内网IP','{\"businessName\":\"cart\",\"className\":\"Cart\",\"columns\":[{\"capJavaField\":\"CartId\",\"columnComment\":\"购物车ID\",\"columnId\":1,\"columnName\":\"cart_id\",\"columnType\":\"int\",\"createBy\":\"admin\",\"createTime\":\"2025-04-12 18:04:00\",\"dictType\":\"\",\"edit\":false,\"htmlType\":\"input\",\"increment\":true,\"insert\":true,\"isIncrement\":\"1\",\"isInsert\":\"1\",\"isPk\":\"1\",\"isRequired\":\"0\",\"javaField\":\"cartId\",\"javaType\":\"Long\",\"list\":false,\"params\":{},\"pk\":true,\"query\":false,\"queryType\":\"EQ\",\"required\":false,\"sort\":1,\"superColumn\":false,\"tableId\":1,\"updateBy\":\"\",\"updateTime\":\"2025-04-12 18:08:22\",\"usableColumn\":false},{\"capJavaField\":\"UserId\",\"columnComment\":\"用户ID\",\"columnId\":2,\"columnName\":\"user_id\",\"columnType\":\"bigint\",\"createBy\":\"admin\",\"createTime\":\"2025-04-12 18:04:00\",\"dictType\":\"\",\"edit\":true,\"htmlType\":\"input\",\"increment\":false,\"insert\":true,\"isEdit\":\"1\",\"isIncrement\":\"0\",\"isInsert\":\"1\",\"isList\":\"1\",\"isPk\":\"0\",\"isQuery\":\"1\",\"isRequired\":\"1\",\"javaField\":\"userId\",\"javaType\":\"Long\",\"list\":true,\"params\":{},\"pk\":false,\"query\":true,\"queryType\":\"EQ\",\"required\":true,\"sort\":2,\"superColumn\":false,\"tableId\":1,\"updateBy\":\"\",\"updateTime\":\"2025-04-12 18:08:22\",\"usableColumn\":false},{\"capJavaField\":\"ProductId\",\"columnComment\":\"商品ID\",\"columnId\":3,\"columnName\":\"product_id\",\"columnType\":\"int\",\"createBy\":\"admin\",\"createTime\":\"2025-04-12 18:04:00\",\"dictType\":\"\",\"edit\":true,\"htmlType\":\"input\",\"increment\":false,\"insert\":true,\"isEdit\":\"1\",\"isIncrement\":\"0\",\"isInsert\":\"1\",\"isList\":\"1\",\"isPk\":\"0\",\"isQuery\":\"1\",\"isRequired\":\"1\",\"javaField\":\"productId\",\"javaType\":\"Long\",\"list\":true,\"params\":{},\"pk\":false,\"query\":true,\"queryType\":\"EQ\",\"required\":true,\"sort\":3,\"superColumn\":false,\"tableId\":1,\"updateBy\":\"\",\"updateTime\":\"2025-04-12 18:08:22\",\"usableColumn\":false},{\"capJavaField\":\"Quantity\",\"columnComment\":\"商品数量\",\"columnId\":4,\"columnName\":\"quantity\",\"columnType\":\"int\",\"createBy\":\"admin\",\"createTime\":\"2025-04-12 18:04:00\",\"dictType\":\"\",\"edit\":true,\"htmlType\":\"input\",\"increment\":false,\"insert\":true,\"isEdit\":\"1\",\"isIncrement\":\"0\",\"is','{\"msg\":\"操作成功\",\"code\":200}',0,NULL,'2025-04-12 18:08:32',47),(104,'代码生成',2,'com.ruoyi.generator.controller.GenController.editSave()','PUT',1,'admin','研发部门','/tool/gen','127.0.0.1','内网IP','{\"businessName\":\"order\",\"className\":\"Order\",\"columns\":[{\"capJavaField\":\"OrderId\",\"columnComment\":\"订单ID\",\"columnId\":6,\"columnName\":\"order_id\",\"columnType\":\"int\",\"createBy\":\"admin\",\"createTime\":\"2025-04-12 18:04:00\",\"dictType\":\"\",\"edit\":false,\"htmlType\":\"input\",\"increment\":true,\"insert\":true,\"isIncrement\":\"1\",\"isInsert\":\"1\",\"isPk\":\"1\",\"isRequired\":\"0\",\"javaField\":\"orderId\",\"javaType\":\"Long\",\"list\":false,\"params\":{},\"pk\":true,\"query\":false,\"queryType\":\"EQ\",\"required\":false,\"sort\":1,\"superColumn\":false,\"tableId\":2,\"updateBy\":\"\",\"usableColumn\":false},{\"capJavaField\":\"UserId\",\"columnComment\":\"用户ID\",\"columnId\":7,\"columnName\":\"user_id\",\"columnType\":\"bigint\",\"createBy\":\"admin\",\"createTime\":\"2025-04-12 18:04:00\",\"dictType\":\"\",\"edit\":true,\"htmlType\":\"input\",\"increment\":false,\"insert\":true,\"isEdit\":\"1\",\"isIncrement\":\"0\",\"isInsert\":\"1\",\"isList\":\"1\",\"isPk\":\"0\",\"isQuery\":\"1\",\"isRequired\":\"1\",\"javaField\":\"userId\",\"javaType\":\"Long\",\"list\":true,\"params\":{},\"pk\":false,\"query\":true,\"queryType\":\"EQ\",\"required\":true,\"sort\":2,\"superColumn\":false,\"tableId\":2,\"updateBy\":\"\",\"usableColumn\":false},{\"capJavaField\":\"TotalAmount\",\"columnComment\":\"订单总金额\",\"columnId\":8,\"columnName\":\"total_amount\",\"columnType\":\"decimal(10,2)\",\"createBy\":\"admin\",\"createTime\":\"2025-04-12 18:04:00\",\"dictType\":\"\",\"edit\":true,\"htmlType\":\"input\",\"increment\":false,\"insert\":true,\"isEdit\":\"1\",\"isIncrement\":\"0\",\"isInsert\":\"1\",\"isList\":\"1\",\"isPk\":\"0\",\"isQuery\":\"1\",\"isRequired\":\"1\",\"javaField\":\"totalAmount\",\"javaType\":\"BigDecimal\",\"list\":true,\"params\":{},\"pk\":false,\"query\":true,\"queryType\":\"EQ\",\"required\":true,\"sort\":3,\"superColumn\":false,\"tableId\":2,\"updateBy\":\"\",\"usableColumn\":false},{\"capJavaField\":\"Status\",\"columnComment\":\"订单状态（如待付款、已发货）\",\"columnId\":9,\"columnName\":\"status\",\"columnType\":\"varchar(20)\",\"createBy\":\"admin\",\"createTime\":\"2025-04-12 18:04:00\",\"dictType\":\"\",\"edit\":true,\"htmlType\":\"radio\",\"increment\":false,\"insert\":true,\"isEdit\":\"1\",\"isIncrement\":\"0\",\"isInsert\":\"1\",\"isList\":\"1\",\"isPk\":\"0\",\"isQuery\":\"1\",\"isRequired\":\"','{\"msg\":\"操作成功\",\"code\":200}',0,NULL,'2025-04-12 18:09:55',55),(105,'代码生成',2,'com.ruoyi.generator.controller.GenController.editSave()','PUT',1,'admin','研发部门','/tool/gen','127.0.0.1','内网IP','{\"businessName\":\"detail\",\"className\":\"OrderDetail\",\"columns\":[{\"capJavaField\":\"DetailId\",\"columnComment\":\"订单详情ID\",\"columnId\":14,\"columnName\":\"detail_id\",\"columnType\":\"int\",\"createBy\":\"admin\",\"createTime\":\"2025-04-12 18:04:00\",\"dictType\":\"\",\"edit\":false,\"htmlType\":\"input\",\"increment\":true,\"insert\":true,\"isIncrement\":\"1\",\"isInsert\":\"1\",\"isPk\":\"1\",\"isRequired\":\"0\",\"javaField\":\"detailId\",\"javaType\":\"Long\",\"list\":false,\"params\":{},\"pk\":true,\"query\":false,\"queryType\":\"EQ\",\"required\":false,\"sort\":1,\"superColumn\":false,\"tableId\":3,\"updateBy\":\"\",\"usableColumn\":false},{\"capJavaField\":\"OrderId\",\"columnComment\":\"订单ID\",\"columnId\":15,\"columnName\":\"order_id\",\"columnType\":\"int\",\"createBy\":\"admin\",\"createTime\":\"2025-04-12 18:04:00\",\"dictType\":\"\",\"edit\":true,\"htmlType\":\"input\",\"increment\":false,\"insert\":true,\"isEdit\":\"1\",\"isIncrement\":\"0\",\"isInsert\":\"1\",\"isList\":\"1\",\"isPk\":\"0\",\"isQuery\":\"1\",\"isRequired\":\"1\",\"javaField\":\"orderId\",\"javaType\":\"Long\",\"list\":true,\"params\":{},\"pk\":false,\"query\":true,\"queryType\":\"EQ\",\"required\":true,\"sort\":2,\"superColumn\":false,\"tableId\":3,\"updateBy\":\"\",\"usableColumn\":false},{\"capJavaField\":\"ProductId\",\"columnComment\":\"商品ID\",\"columnId\":16,\"columnName\":\"product_id\",\"columnType\":\"int\",\"createBy\":\"admin\",\"createTime\":\"2025-04-12 18:04:00\",\"dictType\":\"\",\"edit\":true,\"htmlType\":\"input\",\"increment\":false,\"insert\":true,\"isEdit\":\"1\",\"isIncrement\":\"0\",\"isInsert\":\"1\",\"isList\":\"1\",\"isPk\":\"0\",\"isQuery\":\"1\",\"isRequired\":\"1\",\"javaField\":\"productId\",\"javaType\":\"Long\",\"list\":true,\"params\":{},\"pk\":false,\"query\":true,\"queryType\":\"EQ\",\"required\":true,\"sort\":3,\"superColumn\":false,\"tableId\":3,\"updateBy\":\"\",\"usableColumn\":false},{\"capJavaField\":\"Quantity\",\"columnComment\":\"商品数量\",\"columnId\":17,\"columnName\":\"quantity\",\"columnType\":\"int\",\"createBy\":\"admin\",\"createTime\":\"2025-04-12 18:04:00\",\"dictType\":\"\",\"edit\":true,\"htmlType\":\"input\",\"increment\":false,\"insert\":true,\"isEdit\":\"1\",\"isIncrement\":\"0\",\"isInsert\":\"1\",\"isList\":\"1\",\"isPk\":\"0\",\"isQuery\":\"1\",\"isRequired\":\"1\",\"javaField\":\"quant','{\"msg\":\"操作成功\",\"code\":200}',0,NULL,'2025-04-12 18:10:13',49),(106,'代码生成',2,'com.ruoyi.generator.controller.GenController.editSave()','PUT',1,'admin','研发部门','/tool/gen','127.0.0.1','内网IP','{\"businessName\":\"product\",\"className\":\"Product\",\"columns\":[{\"capJavaField\":\"ProductId\",\"columnComment\":\"商品ID\",\"columnId\":19,\"columnName\":\"product_id\",\"columnType\":\"int\",\"createBy\":\"admin\",\"createTime\":\"2025-04-12 18:04:00\",\"dictType\":\"\",\"edit\":false,\"htmlType\":\"input\",\"increment\":true,\"insert\":true,\"isIncrement\":\"1\",\"isInsert\":\"1\",\"isPk\":\"1\",\"isRequired\":\"0\",\"javaField\":\"productId\",\"javaType\":\"Long\",\"list\":false,\"params\":{},\"pk\":true,\"query\":false,\"queryType\":\"EQ\",\"required\":false,\"sort\":1,\"superColumn\":false,\"tableId\":4,\"updateBy\":\"\",\"usableColumn\":false},{\"capJavaField\":\"CategoryId\",\"columnComment\":\"商品类别ID\",\"columnId\":20,\"columnName\":\"category_id\",\"columnType\":\"int\",\"createBy\":\"admin\",\"createTime\":\"2025-04-12 18:04:00\",\"dictType\":\"\",\"edit\":true,\"htmlType\":\"input\",\"increment\":false,\"insert\":true,\"isEdit\":\"1\",\"isIncrement\":\"0\",\"isInsert\":\"1\",\"isList\":\"1\",\"isPk\":\"0\",\"isQuery\":\"1\",\"isRequired\":\"1\",\"javaField\":\"categoryId\",\"javaType\":\"Long\",\"list\":true,\"params\":{},\"pk\":false,\"query\":true,\"queryType\":\"EQ\",\"required\":true,\"sort\":2,\"superColumn\":false,\"tableId\":4,\"updateBy\":\"\",\"usableColumn\":false},{\"capJavaField\":\"Name\",\"columnComment\":\"商品名称\",\"columnId\":21,\"columnName\":\"name\",\"columnType\":\"varchar(100)\",\"createBy\":\"admin\",\"createTime\":\"2025-04-12 18:04:00\",\"dictType\":\"\",\"edit\":true,\"htmlType\":\"input\",\"increment\":false,\"insert\":true,\"isEdit\":\"1\",\"isIncrement\":\"0\",\"isInsert\":\"1\",\"isList\":\"1\",\"isPk\":\"0\",\"isQuery\":\"1\",\"isRequired\":\"1\",\"javaField\":\"name\",\"javaType\":\"String\",\"list\":true,\"params\":{},\"pk\":false,\"query\":true,\"queryType\":\"LIKE\",\"required\":true,\"sort\":3,\"superColumn\":false,\"tableId\":4,\"updateBy\":\"\",\"usableColumn\":false},{\"capJavaField\":\"Description\",\"columnComment\":\"商品描述\",\"columnId\":22,\"columnName\":\"description\",\"columnType\":\"text\",\"createBy\":\"admin\",\"createTime\":\"2025-04-12 18:04:00\",\"dictType\":\"\",\"edit\":true,\"htmlType\":\"textarea\",\"increment\":false,\"insert\":true,\"isEdit\":\"1\",\"isIncrement\":\"0\",\"isInsert\":\"1\",\"isList\":\"1\",\"isPk\":\"0\",\"isQuery\":\"1\",\"isRequired\":\"0\",\"j','{\"msg\":\"操作成功\",\"code\":200}',0,NULL,'2025-04-12 18:13:14',58),(107,'代码生成',2,'com.ruoyi.generator.controller.GenController.editSave()','PUT',1,'admin','研发部门','/tool/gen','127.0.0.1','内网IP','{\"businessName\":\"category\",\"className\":\"ProductCategory\",\"columns\":[{\"capJavaField\":\"CategoryId\",\"columnComment\":\"商品类别ID\",\"columnId\":29,\"columnName\":\"category_id\",\"columnType\":\"int\",\"createBy\":\"admin\",\"createTime\":\"2025-04-12 18:04:00\",\"dictType\":\"\",\"edit\":false,\"htmlType\":\"input\",\"increment\":true,\"insert\":true,\"isIncrement\":\"1\",\"isInsert\":\"1\",\"isPk\":\"1\",\"isRequired\":\"0\",\"javaField\":\"categoryId\",\"javaType\":\"Long\",\"list\":false,\"params\":{},\"pk\":true,\"query\":false,\"queryType\":\"EQ\",\"required\":false,\"sort\":1,\"superColumn\":false,\"tableId\":5,\"updateBy\":\"\",\"usableColumn\":false},{\"capJavaField\":\"Name\",\"columnComment\":\"商品类别名称\",\"columnId\":30,\"columnName\":\"name\",\"columnType\":\"varchar(50)\",\"createBy\":\"admin\",\"createTime\":\"2025-04-12 18:04:00\",\"dictType\":\"\",\"edit\":true,\"htmlType\":\"input\",\"increment\":false,\"insert\":true,\"isEdit\":\"1\",\"isIncrement\":\"0\",\"isInsert\":\"1\",\"isList\":\"1\",\"isPk\":\"0\",\"isQuery\":\"1\",\"isRequired\":\"1\",\"javaField\":\"name\",\"javaType\":\"String\",\"list\":true,\"params\":{},\"pk\":false,\"query\":true,\"queryType\":\"LIKE\",\"required\":true,\"sort\":2,\"superColumn\":false,\"tableId\":5,\"updateBy\":\"\",\"usableColumn\":false},{\"capJavaField\":\"CreatedAt\",\"columnComment\":\"创建时间\",\"columnId\":31,\"columnName\":\"created_at\",\"columnType\":\"datetime\",\"createBy\":\"admin\",\"createTime\":\"2025-04-12 18:04:00\",\"dictType\":\"\",\"edit\":true,\"htmlType\":\"datetime\",\"increment\":false,\"insert\":true,\"isEdit\":\"1\",\"isIncrement\":\"0\",\"isInsert\":\"1\",\"isList\":\"1\",\"isPk\":\"0\",\"isQuery\":\"1\",\"isRequired\":\"0\",\"javaField\":\"createdAt\",\"javaType\":\"Date\",\"list\":true,\"params\":{},\"pk\":false,\"query\":true,\"queryType\":\"EQ\",\"required\":false,\"sort\":3,\"superColumn\":false,\"tableId\":5,\"updateBy\":\"\",\"usableColumn\":false}],\"crud\":true,\"functionAuthor\":\"hxx\",\"functionName\":\"商品类别\",\"genPath\":\"/\",\"genType\":\"0\",\"moduleName\":\"system\",\"options\":\"{\\\"parentMenuId\\\":2000}\",\"packageName\":\"com.ruoyi.system\",\"params\":{\"parentMenuId\":2000},\"parentMenuId\":2000,\"sub\":false,\"tableComment\":\"商品类别表\",\"tableId\":5,\"tableName\":\"product_category\",\"tplCategory\":\"crud\",\"tplW','{\"msg\":\"操作成功\",\"code\":200}',0,NULL,'2025-04-12 18:13:26',37),(108,'代码生成',2,'com.ruoyi.generator.controller.GenController.editSave()','PUT',1,'admin','研发部门','/tool/gen','127.0.0.1','内网IP','{\"businessName\":\"review\",\"className\":\"Review\",\"columns\":[{\"capJavaField\":\"ReviewId\",\"columnComment\":\"评论ID\",\"columnId\":32,\"columnName\":\"review_id\",\"columnType\":\"int\",\"createBy\":\"admin\",\"createTime\":\"2025-04-12 18:04:00\",\"dictType\":\"\",\"edit\":false,\"htmlType\":\"input\",\"increment\":true,\"insert\":true,\"isIncrement\":\"1\",\"isInsert\":\"1\",\"isPk\":\"1\",\"isRequired\":\"0\",\"javaField\":\"reviewId\",\"javaType\":\"Long\",\"list\":false,\"params\":{},\"pk\":true,\"query\":false,\"queryType\":\"EQ\",\"required\":false,\"sort\":1,\"superColumn\":false,\"tableId\":6,\"updateBy\":\"\",\"usableColumn\":false},{\"capJavaField\":\"UserId\",\"columnComment\":\"用户ID\",\"columnId\":33,\"columnName\":\"user_id\",\"columnType\":\"bigint\",\"createBy\":\"admin\",\"createTime\":\"2025-04-12 18:04:00\",\"dictType\":\"\",\"edit\":true,\"htmlType\":\"input\",\"increment\":false,\"insert\":true,\"isEdit\":\"1\",\"isIncrement\":\"0\",\"isInsert\":\"1\",\"isList\":\"1\",\"isPk\":\"0\",\"isQuery\":\"1\",\"isRequired\":\"1\",\"javaField\":\"userId\",\"javaType\":\"Long\",\"list\":true,\"params\":{},\"pk\":false,\"query\":true,\"queryType\":\"EQ\",\"required\":true,\"sort\":2,\"superColumn\":false,\"tableId\":6,\"updateBy\":\"\",\"usableColumn\":false},{\"capJavaField\":\"ProductId\",\"columnComment\":\"商品ID\",\"columnId\":34,\"columnName\":\"product_id\",\"columnType\":\"int\",\"createBy\":\"admin\",\"createTime\":\"2025-04-12 18:04:00\",\"dictType\":\"\",\"edit\":true,\"htmlType\":\"input\",\"increment\":false,\"insert\":true,\"isEdit\":\"1\",\"isIncrement\":\"0\",\"isInsert\":\"1\",\"isList\":\"1\",\"isPk\":\"0\",\"isQuery\":\"1\",\"isRequired\":\"1\",\"javaField\":\"productId\",\"javaType\":\"Long\",\"list\":true,\"params\":{},\"pk\":false,\"query\":true,\"queryType\":\"EQ\",\"required\":true,\"sort\":3,\"superColumn\":false,\"tableId\":6,\"updateBy\":\"\",\"usableColumn\":false},{\"capJavaField\":\"Rating\",\"columnComment\":\"评分（1-5）\",\"columnId\":35,\"columnName\":\"rating\",\"columnType\":\"int\",\"createBy\":\"admin\",\"createTime\":\"2025-04-12 18:04:00\",\"dictType\":\"\",\"edit\":true,\"htmlType\":\"input\",\"increment\":false,\"insert\":true,\"isEdit\":\"1\",\"isIncrement\":\"0\",\"isInsert\":\"1\",\"isList\":\"1\",\"isPk\":\"0\",\"isQuery\":\"1\",\"isRequired\":\"1\",\"javaField\":\"rating\",\"java','{\"msg\":\"操作成功\",\"code\":200}',0,NULL,'2025-04-12 18:13:35',51),(109,'代码生成',8,'com.ruoyi.generator.controller.GenController.batchGenCode()','GET',1,'admin','研发部门','/tool/gen/batchGenCode','127.0.0.1','内网IP','{\"tables\":\"cart,order,order_detail,product,product_category,review\"}',NULL,0,NULL,'2025-04-12 18:13:38',477),(110,'商品',1,'com.ruoyi.system.controller.ProductController.add()','POST',1,'admin','研发部门','/system/product','127.0.0.1','内网IP','{\"categoryId\":1,\"description\":\"红富士苹果,好吃\",\"name\":\"红富士苹果\",\"params\":{},\"price\":8,\"qualityLevel\":1,\"stock\":10}',NULL,1,'\n### Error updating database.  Cause: java.sql.SQLIntegrityConstraintViolationException: Cannot add or update a child row: a foreign key constraint fails (`hbps`.`product`, CONSTRAINT `product_ibfk_1` FOREIGN KEY (`category_id`) REFERENCES `product_category` (`category_id`))\n### The error may exist in URL [jar:file:/Users/lingluo/Documents/project/hxx3/RuoYi-Vue/ruoyi-admin/target/ruoyi-admin.jar!/BOOT-INF/lib/ruoyi-system-3.8.9.jar!/mapper/system/ProductMapper.xml]\n### The error may involve com.ruoyi.system.mapper.ProductMapper.insertProduct-Inline\n### The error occurred while setting parameters\n### SQL: insert into product          ( category_id,             name,             description,             price,             quality_level,             stock )           values ( ?,             ?,             ?,             ?,             ?,             ? )\n### Cause: java.sql.SQLIntegrityConstraintViolationException: Cannot add or update a child row: a foreign key constraint fails (`hbps`.`product`, CONSTRAINT `product_ibfk_1` FOREIGN KEY (`category_id`) REFERENCES `product_category` (`category_id`))\n; Cannot add or update a child row: a foreign key constraint fails (`hbps`.`product`, CONSTRAINT `product_ibfk_1` FOREIGN KEY (`category_id`) REFERENCES `product_category` (`category_id`)); nested exception is java.sql.SQLIntegrityConstraintViolationException: Cannot add or update a child row: a foreign key constraint fails (`hbps`.`product`, CONSTRAINT `product_ibfk_1` FOREIGN KEY (`category_id`) REFERENCES `product_category` (`category_id`))','2025-04-13 04:20:52',275),(111,'商品类别',1,'com.ruoyi.system.controller.ProductCategoryController.add()','POST',1,'admin','研发部门','/system/category','127.0.0.1','内网IP','{\"categoryId\":1,\"name\":\"苹果\",\"params\":{}}','{\"msg\":\"操作成功\",\"code\":200}',0,NULL,'2025-04-13 04:21:07',47),(112,'商品',1,'com.ruoyi.system.controller.ProductController.add()','POST',1,'admin','研发部门','/system/product','127.0.0.1','内网IP','{\"categoryId\":1,\"description\":\"红富士苹果,好吃\",\"name\":\"红富士苹果\",\"params\":{},\"price\":8,\"productId\":2,\"qualityLevel\":1,\"stock\":10}','{\"msg\":\"操作成功\",\"code\":200}',0,NULL,'2025-04-13 04:21:23',25),(113,'商品类别',1,'com.ruoyi.system.controller.ProductCategoryController.add()','POST',1,'admin','研发部门','/system/category','127.0.0.1','内网IP','{\"categoryId\":2,\"name\":\"香蕉\",\"params\":{}}','{\"msg\":\"操作成功\",\"code\":200}',0,NULL,'2025-04-13 04:21:34',23),(114,'商品',1,'com.ruoyi.system.controller.ProductController.add()','POST',1,'admin','研发部门','/system/product','127.0.0.1','内网IP','{\"categoryId\":1,\"description\":\"绿苹果,酸酸的\",\"name\":\"绿苹果\",\"params\":{},\"price\":5,\"productId\":3,\"qualityLevel\":2,\"stock\":8}','{\"msg\":\"操作成功\",\"code\":200}',0,NULL,'2025-04-13 04:21:53',26),(115,'商品',1,'com.ruoyi.system.controller.ProductController.add()','POST',1,'admin','研发部门','/system/product','127.0.0.1','内网IP','{\"categoryId\":2,\"description\":\"小小的香蕉\",\"name\":\"小香蕉\",\"params\":{},\"price\":9,\"productId\":4,\"qualityLevel\":1,\"stock\":10}','{\"msg\":\"操作成功\",\"code\":200}',0,NULL,'2025-04-13 04:22:17',38),(116,'代码生成',2,'com.ruoyi.generator.controller.GenController.synchDb()','GET',1,'admin','研发部门','/tool/gen/synchDb/product','127.0.0.1','内网IP','{}','{\"msg\":\"操作成功\",\"code\":200}',0,NULL,'2025-04-13 08:42:22',175),(117,'代码生成',2,'com.ruoyi.generator.controller.GenController.editSave()','PUT',1,'admin','研发部门','/tool/gen','127.0.0.1','内网IP','{\"businessName\":\"product\",\"className\":\"Product\",\"columns\":[{\"capJavaField\":\"ProductId\",\"columnComment\":\"商品ID\",\"columnId\":19,\"columnName\":\"product_id\",\"columnType\":\"int\",\"createBy\":\"admin\",\"createTime\":\"2025-04-12 18:04:00\",\"dictType\":\"\",\"edit\":false,\"htmlType\":\"input\",\"increment\":true,\"insert\":true,\"isIncrement\":\"1\",\"isInsert\":\"1\",\"isPk\":\"1\",\"isRequired\":\"0\",\"javaField\":\"productId\",\"javaType\":\"Long\",\"list\":false,\"params\":{},\"pk\":true,\"query\":false,\"queryType\":\"EQ\",\"required\":false,\"sort\":1,\"superColumn\":false,\"tableId\":4,\"updateBy\":\"\",\"updateTime\":\"2025-04-13 08:42:22\",\"usableColumn\":false},{\"capJavaField\":\"CategoryId\",\"columnComment\":\"商品类别ID\",\"columnId\":20,\"columnName\":\"category_id\",\"columnType\":\"int\",\"createBy\":\"admin\",\"createTime\":\"2025-04-12 18:04:00\",\"dictType\":\"\",\"edit\":true,\"htmlType\":\"input\",\"increment\":false,\"insert\":true,\"isEdit\":\"1\",\"isIncrement\":\"0\",\"isInsert\":\"1\",\"isList\":\"1\",\"isPk\":\"0\",\"isQuery\":\"1\",\"isRequired\":\"1\",\"javaField\":\"categoryId\",\"javaType\":\"Long\",\"list\":true,\"params\":{},\"pk\":false,\"query\":true,\"queryType\":\"EQ\",\"required\":true,\"sort\":2,\"superColumn\":false,\"tableId\":4,\"updateBy\":\"\",\"updateTime\":\"2025-04-13 08:42:22\",\"usableColumn\":false},{\"capJavaField\":\"Name\",\"columnComment\":\"商品名称\",\"columnId\":21,\"columnName\":\"name\",\"columnType\":\"varchar(100)\",\"createBy\":\"admin\",\"createTime\":\"2025-04-12 18:04:00\",\"dictType\":\"\",\"edit\":true,\"htmlType\":\"input\",\"increment\":false,\"insert\":true,\"isEdit\":\"1\",\"isIncrement\":\"0\",\"isInsert\":\"1\",\"isList\":\"1\",\"isPk\":\"0\",\"isQuery\":\"1\",\"isRequired\":\"1\",\"javaField\":\"name\",\"javaType\":\"String\",\"list\":true,\"params\":{},\"pk\":false,\"query\":true,\"queryType\":\"LIKE\",\"required\":true,\"sort\":3,\"superColumn\":false,\"tableId\":4,\"updateBy\":\"\",\"updateTime\":\"2025-04-13 08:42:22\",\"usableColumn\":false},{\"capJavaField\":\"Description\",\"columnComment\":\"商品描述\",\"columnId\":22,\"columnName\":\"description\",\"columnType\":\"text\",\"createBy\":\"admin\",\"createTime\":\"2025-04-12 18:04:00\",\"dictType\":\"\",\"edit\":true,\"htmlType\":\"textarea\",\"increment\":false,\"insert\":tru','{\"msg\":\"操作成功\",\"code\":200}',0,NULL,'2025-04-13 08:42:33',116),(118,'代码生成',8,'com.ruoyi.generator.controller.GenController.batchGenCode()','GET',1,'admin','研发部门','/tool/gen/batchGenCode','127.0.0.1','内网IP','{\"tables\":\"product\"}',NULL,0,NULL,'2025-04-13 08:42:38',470),(119,'代码生成',6,'com.ruoyi.generator.controller.GenController.importTableSave()','POST',1,'admin','研发部门','/tool/gen/importTable','127.0.0.1','内网IP','{\"tables\":\"view_product_reviews\"}','{\"msg\":\"操作成功\",\"code\":200}',0,NULL,'2025-04-13 14:15:28',175),(120,'代码生成',2,'com.ruoyi.generator.controller.GenController.editSave()','PUT',1,'admin','研发部门','/tool/gen','127.0.0.1','内网IP','{\"businessName\":\"reviews\",\"className\":\"ViewProductReviews\",\"columns\":[{\"capJavaField\":\"ReviewId\",\"columnComment\":\"评论ID\",\"columnId\":39,\"columnName\":\"review_id\",\"columnType\":\"int\",\"createBy\":\"admin\",\"createTime\":\"2025-04-13 14:15:28\",\"dictType\":\"\",\"edit\":false,\"htmlType\":\"input\",\"increment\":false,\"insert\":false,\"isEdit\":\"0\",\"isIncrement\":\"0\",\"isInsert\":\"0\",\"isList\":\"1\",\"isPk\":\"0\",\"isQuery\":\"1\",\"isRequired\":\"1\",\"javaField\":\"reviewId\",\"javaType\":\"Long\",\"list\":true,\"params\":{},\"pk\":false,\"query\":true,\"queryType\":\"EQ\",\"required\":true,\"sort\":1,\"superColumn\":false,\"tableId\":7,\"updateBy\":\"\",\"usableColumn\":false},{\"capJavaField\":\"UserId\",\"columnComment\":\"用户ID\",\"columnId\":40,\"columnName\":\"user_id\",\"columnType\":\"bigint\",\"createBy\":\"admin\",\"createTime\":\"2025-04-13 14:15:28\",\"dictType\":\"\",\"edit\":false,\"htmlType\":\"input\",\"increment\":false,\"insert\":false,\"isEdit\":\"0\",\"isIncrement\":\"0\",\"isInsert\":\"0\",\"isList\":\"1\",\"isPk\":\"0\",\"isQuery\":\"1\",\"isRequired\":\"1\",\"javaField\":\"userId\",\"javaType\":\"Long\",\"list\":true,\"params\":{},\"pk\":false,\"query\":true,\"queryType\":\"EQ\",\"required\":true,\"sort\":2,\"superColumn\":false,\"tableId\":7,\"updateBy\":\"\",\"usableColumn\":false},{\"capJavaField\":\"NickName\",\"columnComment\":\"用户昵称\",\"columnId\":41,\"columnName\":\"nick_name\",\"columnType\":\"varchar(30)\",\"createBy\":\"admin\",\"createTime\":\"2025-04-13 14:15:28\",\"dictType\":\"\",\"edit\":false,\"htmlType\":\"input\",\"increment\":false,\"insert\":false,\"isEdit\":\"0\",\"isIncrement\":\"0\",\"isInsert\":\"0\",\"isList\":\"1\",\"isPk\":\"0\",\"isQuery\":\"1\",\"isRequired\":\"0\",\"javaField\":\"nickName\",\"javaType\":\"String\",\"list\":true,\"params\":{},\"pk\":false,\"query\":true,\"queryType\":\"LIKE\",\"required\":false,\"sort\":3,\"superColumn\":false,\"tableId\":7,\"updateBy\":\"\",\"usableColumn\":false},{\"capJavaField\":\"ProductId\",\"columnComment\":\"商品ID\",\"columnId\":42,\"columnName\":\"product_id\",\"columnType\":\"int\",\"createBy\":\"admin\",\"createTime\":\"2025-04-13 14:15:28\",\"dictType\":\"\",\"edit\":false,\"htmlType\":\"input\",\"increment\":false,\"insert\":false,\"isEdit\":\"0\",\"isIncrement\":\"0\",\"isInsert\":\"0\",\"isList\"','{\"msg\":\"操作成功\",\"code\":200}',0,NULL,'2025-04-13 14:16:14',138),(121,'代码生成',2,'com.ruoyi.generator.controller.GenController.editSave()','PUT',1,'admin','研发部门','/tool/gen','127.0.0.1','内网IP','{\"businessName\":\"reviews\",\"className\":\"ViewProductReviews\",\"columns\":[{\"capJavaField\":\"ReviewId\",\"columnComment\":\"评论ID\",\"columnId\":39,\"columnName\":\"review_id\",\"columnType\":\"int\",\"createBy\":\"admin\",\"createTime\":\"2025-04-13 14:15:28\",\"dictType\":\"\",\"edit\":false,\"htmlType\":\"input\",\"increment\":false,\"insert\":false,\"isEdit\":\"0\",\"isIncrement\":\"0\",\"isInsert\":\"0\",\"isList\":\"1\",\"isPk\":\"0\",\"isQuery\":\"1\",\"isRequired\":\"1\",\"javaField\":\"reviewId\",\"javaType\":\"Long\",\"list\":true,\"params\":{},\"pk\":false,\"query\":true,\"queryType\":\"EQ\",\"required\":true,\"sort\":1,\"superColumn\":false,\"tableId\":7,\"updateBy\":\"\",\"updateTime\":\"2025-04-13 14:16:14\",\"usableColumn\":false},{\"capJavaField\":\"UserId\",\"columnComment\":\"用户ID\",\"columnId\":40,\"columnName\":\"user_id\",\"columnType\":\"bigint\",\"createBy\":\"admin\",\"createTime\":\"2025-04-13 14:15:28\",\"dictType\":\"\",\"edit\":false,\"htmlType\":\"input\",\"increment\":false,\"insert\":false,\"isEdit\":\"0\",\"isIncrement\":\"0\",\"isInsert\":\"0\",\"isList\":\"1\",\"isPk\":\"0\",\"isQuery\":\"1\",\"isRequired\":\"1\",\"javaField\":\"userId\",\"javaType\":\"Long\",\"list\":true,\"params\":{},\"pk\":false,\"query\":true,\"queryType\":\"EQ\",\"required\":true,\"sort\":2,\"superColumn\":false,\"tableId\":7,\"updateBy\":\"\",\"updateTime\":\"2025-04-13 14:16:14\",\"usableColumn\":false},{\"capJavaField\":\"NickName\",\"columnComment\":\"用户昵称\",\"columnId\":41,\"columnName\":\"nick_name\",\"columnType\":\"varchar(30)\",\"createBy\":\"admin\",\"createTime\":\"2025-04-13 14:15:28\",\"dictType\":\"\",\"edit\":false,\"htmlType\":\"input\",\"increment\":false,\"insert\":false,\"isEdit\":\"0\",\"isIncrement\":\"0\",\"isInsert\":\"0\",\"isList\":\"1\",\"isPk\":\"0\",\"isQuery\":\"1\",\"isRequired\":\"0\",\"javaField\":\"nickName\",\"javaType\":\"String\",\"list\":true,\"params\":{},\"pk\":false,\"query\":true,\"queryType\":\"LIKE\",\"required\":false,\"sort\":3,\"superColumn\":false,\"tableId\":7,\"updateBy\":\"\",\"updateTime\":\"2025-04-13 14:16:14\",\"usableColumn\":false},{\"capJavaField\":\"ProductId\",\"columnComment\":\"商品ID\",\"columnId\":42,\"columnName\":\"product_id\",\"columnType\":\"int\",\"createBy\":\"admin\",\"createTime\":\"2025-04-13 14:15:28\",\"dictType\":\"\",\"edit\":false,\"','{\"msg\":\"操作成功\",\"code\":200}',0,NULL,'2025-04-13 14:16:21',64),(122,'代码生成',8,'com.ruoyi.generator.controller.GenController.batchGenCode()','GET',1,'admin','研发部门','/tool/gen/batchGenCode','127.0.0.1','内网IP','{\"tables\":\"view_product_reviews\"}',NULL,0,NULL,'2025-04-13 14:16:24',584),(123,'评论',1,'com.ruoyi.system.controller.ReviewController.add()','POST',1,'admin','研发部门','/system/review','127.0.0.1','内网IP','{\"params\":{},\"productId\":2,\"rating\":2,\"reviewId\":1,\"userId\":2}','{\"msg\":\"操作成功\",\"code\":200}',0,NULL,'2025-04-13 14:21:24',183),(124,'评论',2,'com.ruoyi.system.controller.ReviewController.edit()','PUT',1,'admin','研发部门','/system/review','127.0.0.1','内网IP','{\"comment\":\"222222222\",\"createdAt\":\"2025-04-13\",\"params\":{},\"productId\":2,\"rating\":2,\"reviewId\":1,\"userId\":2}','{\"msg\":\"操作成功\",\"code\":200}',0,NULL,'2025-04-13 14:21:28',108),(125,'用户管理',2,'com.ruoyi.web.controller.system.SysUserController.edit()','PUT',1,'admin','研发部门','/system/user','127.0.0.1','内网IP','{\"admin\":false,\"avatar\":\"\",\"createBy\":\"admin\",\"createTime\":\"2025-04-12 17:51:01\",\"delFlag\":\"0\",\"dept\":{\"ancestors\":\"0,100,101\",\"children\":[],\"deptId\":105,\"deptName\":\"测试部门\",\"leader\":\"若依\",\"orderNum\":3,\"params\":{},\"parentId\":101,\"status\":\"0\"},\"deptId\":105,\"email\":\"ry@qq.com\",\"loginDate\":\"2025-04-12 17:51:01\",\"loginIp\":\"127.0.0.1\",\"nickName\":\"hxx\",\"params\":{},\"phonenumber\":\"15666666666\",\"postIds\":[2],\"remark\":\"测试员\",\"roleIds\":[2],\"roles\":[{\"admin\":false,\"dataScope\":\"2\",\"deptCheckStrictly\":false,\"flag\":false,\"menuCheckStrictly\":false,\"params\":{},\"roleId\":2,\"roleKey\":\"common\",\"roleName\":\"普通角色\",\"roleSort\":2,\"status\":\"0\"}],\"sex\":\"1\",\"status\":\"0\",\"updateBy\":\"admin\",\"userId\":2,\"userName\":\"ry\"}','{\"msg\":\"操作成功\",\"code\":200}',0,NULL,'2025-04-13 14:21:49',90),(126,'评论',1,'com.ruoyi.system.controller.ReviewController.add()','POST',1,'admin','研发部门','/system/review','127.0.0.1','内网IP','{\"comment\":\"123\",\"params\":{},\"productId\":2,\"userId\":1}',NULL,1,'\n### Error updating database.  Cause: java.sql.SQLException: Field \'rating\' doesn\'t have a default value\n### The error may exist in URL [jar:file:/Users/lingluo/Documents/project/hxx3/RuoYi-Vue/ruoyi-admin/target/ruoyi-admin.jar!/BOOT-INF/lib/ruoyi-system-3.8.9.jar!/mapper/system/ReviewMapper.xml]\n### The error may involve com.ruoyi.system.mapper.ReviewMapper.insertReview-Inline\n### The error occurred while setting parameters\n### SQL: insert into review          ( user_id,             product_id,                          comment )           values ( ?,             ?,                          ? )\n### Cause: java.sql.SQLException: Field \'rating\' doesn\'t have a default value\n; Field \'rating\' doesn\'t have a default value; nested exception is java.sql.SQLException: Field \'rating\' doesn\'t have a default value','2025-04-13 17:33:56',225),(127,'评论',1,'com.ruoyi.system.controller.ReviewController.add()','POST',1,'admin','研发部门','/system/review','127.0.0.1','内网IP','{\"comment\":\"123\",\"params\":{},\"productId\":2,\"reviewId\":2,\"userId\":1}','{\"msg\":\"操作成功\",\"code\":200}',0,NULL,'2025-04-13 17:34:58',99),(128,'角色管理',2,'com.ruoyi.web.controller.system.SysRoleController.edit()','PUT',1,'ry','测试部门','/system/role','127.0.0.1','内网IP','{\"admin\":false,\"createTime\":\"2025-04-12 17:51:01\",\"dataScope\":\"2\",\"delFlag\":\"0\",\"deptCheckStrictly\":true,\"flag\":false,\"menuCheckStrictly\":true,\"menuIds\":[1,100,1000,1001,1002,1003,1004,1005,1006,101,1007,1008,1009,1010,1011,102,1012,1013,1014,1015,103,1016,1017,1018,1019,104,1020,1021,1022,1023,1024,105,1025,1026,1027,1028,1029,106,1030,1031,1032,1033,1034,107,1035,1036,1037,1038,108,500,1039,1040,1041,501,1042,1043,1044,1045,2,109,1046,1047,1048,110,1049,1050,1051,1052,1053,1054,111,112,113,114,3,115,116,1055,1056,1057,1058,1059,1060,117,4],\"params\":{},\"remark\":\"普通角色\",\"roleId\":2,\"roleKey\":\"common\",\"roleName\":\"普通角色\",\"roleSort\":2,\"status\":\"0\",\"updateBy\":\"ry\"}','{\"msg\":\"操作成功\",\"code\":200}',0,NULL,'2025-04-13 17:37:31',93),(129,'角色管理',2,'com.ruoyi.web.controller.system.SysRoleController.edit()','PUT',1,'admin','研发部门','/system/role','127.0.0.1','内网IP','{\"admin\":false,\"createTime\":\"2025-04-12 17:51:01\",\"dataScope\":\"2\",\"delFlag\":\"0\",\"deptCheckStrictly\":true,\"flag\":false,\"menuCheckStrictly\":true,\"menuIds\":[1,100,1000,1001,1002,1003,1004,1005,1006,101,1007,1008,1009,1010,1011,102,1012,1013,1014,1015,103,1016,1017,1018,1019,104,1020,1021,1022,1023,1024,105,1025,1026,1027,1028,1029,106,1030,1031,1032,1033,1034,107,1035,1036,1037,1038,108,500,1039,1040,1041,501,1042,1043,1044,1045,2000,2001,2002,2003,2004,2005,2006,2007,2008,2009,2010,2011,2012,2013,2014,2015,2016,2017,2018,2019,2020,2021,2022,2023,2024,2025,2026,2027,2028,2029,2030,2031,2032,2033,2034,2035,2036,2037,2038,2039,2040,2041,2042,2,109,1046,1047,1048,110,1049,1050,1051,1052,1053,1054,111,112,113,114,3,115,116,1055,1056,1057,1058,1059,1060,117,4],\"params\":{},\"remark\":\"普通角色\",\"roleId\":2,\"roleKey\":\"common\",\"roleName\":\"普通角色\",\"roleSort\":2,\"status\":\"0\",\"updateBy\":\"admin\"}','{\"msg\":\"操作成功\",\"code\":200}',0,NULL,'2025-04-13 17:38:24',58),(130,'评论',1,'com.ruoyi.system.controller.ReviewController.add()','POST',1,'admin','研发部门','/system/review','127.0.0.1','内网IP','{\"comment\":\"333\",\"params\":{},\"productId\":2,\"reviewId\":3,\"userId\":1}','{\"msg\":\"操作成功\",\"code\":200}',0,NULL,'2025-04-13 17:38:37',31),(131,'评论',1,'com.ruoyi.system.controller.ReviewController.add()','POST',1,'ry','测试部门','/system/review','127.0.0.1','内网IP','{\"comment\":\"123\",\"params\":{},\"productId\":2,\"reviewId\":4,\"userId\":2}','{\"msg\":\"操作成功\",\"code\":200}',0,NULL,'2025-04-13 17:39:55',39),(132,'评论',1,'com.ruoyi.system.controller.ReviewController.add()','POST',1,'ry','测试部门','/system/review','127.0.0.1','内网IP','{\"comment\":\"123\",\"params\":{},\"productId\":2,\"reviewId\":5,\"userId\":2}','{\"msg\":\"操作成功\",\"code\":200}',0,NULL,'2025-04-13 18:04:22',144),(133,'评论',1,'com.ruoyi.system.controller.ReviewController.add()','POST',1,'ry','测试部门','/system/review','127.0.0.1','内网IP','{\"comment\":\"hxx\",\"params\":{},\"productId\":2,\"reviewId\":6,\"userId\":2}','{\"msg\":\"操作成功\",\"code\":200}',0,NULL,'2025-04-13 18:04:34',41),(134,'评论',1,'com.ruoyi.system.controller.ReviewController.add()','POST',1,'admin','研发部门','/system/review','127.0.0.1','内网IP','{\"comment\":\"ry\",\"params\":{},\"productId\":2,\"reviewId\":7,\"userId\":1}','{\"msg\":\"操作成功\",\"code\":200}',0,NULL,'2025-04-13 18:05:10',56),(135,'评论',1,'com.ruoyi.system.controller.ReviewController.add()','POST',1,'admin','研发部门','/system/review','127.0.0.1','内网IP','{\"comment\":\"22\",\"params\":{},\"productId\":2,\"reviewId\":8,\"userId\":1}','{\"msg\":\"操作成功\",\"code\":200}',0,NULL,'2025-04-14 01:43:32',34),(136,'评论',1,'com.ruoyi.system.controller.ReviewController.add()','POST',1,'admin','研发部门','/system/review','127.0.0.1','内网IP','{\"comment\":\"123\",\"params\":{},\"productId\":2,\"reviewId\":9,\"userId\":1}','{\"msg\":\"操作成功\",\"code\":200}',0,NULL,'2025-04-14 01:43:37',25),(137,'购物车',1,'com.ruoyi.system.controller.CartController.add()','POST',1,'admin','研发部门','/system/cart','127.0.0.1','内网IP','{\"cartId\":1,\"params\":{},\"productId\":2,\"quantity\":2,\"userId\":1}','{\"msg\":\"操作成功\",\"code\":200}',0,NULL,'2025-04-14 02:08:07',147),(138,'购物车',1,'com.ruoyi.system.controller.CartController.add()','POST',1,'admin','研发部门','/system/cart','127.0.0.1','内网IP','{\"params\":{},\"productId\":1,\"quantity\":1,\"userId\":1}',NULL,1,'\n### Error updating database.  Cause: java.sql.SQLIntegrityConstraintViolationException: Cannot add or update a child row: a foreign key constraint fails (`hbps`.`cart`, CONSTRAINT `cart_ibfk_2` FOREIGN KEY (`product_id`) REFERENCES `product` (`product_id`))\n### The error may exist in URL [jar:file:/Users/lingluo/Documents/project/hxx3/RuoYi-Vue/ruoyi-admin/target/ruoyi-admin.jar!/BOOT-INF/lib/ruoyi-system-3.8.9.jar!/mapper/system/CartMapper.xml]\n### The error may involve com.ruoyi.system.mapper.CartMapper.insertCart-Inline\n### The error occurred while setting parameters\n### SQL: insert into cart          ( user_id,             product_id,             quantity )           values ( ?,             ?,             ? )\n### Cause: java.sql.SQLIntegrityConstraintViolationException: Cannot add or update a child row: a foreign key constraint fails (`hbps`.`cart`, CONSTRAINT `cart_ibfk_2` FOREIGN KEY (`product_id`) REFERENCES `product` (`product_id`))\n; Cannot add or update a child row: a foreign key constraint fails (`hbps`.`cart`, CONSTRAINT `cart_ibfk_2` FOREIGN KEY (`product_id`) REFERENCES `product` (`product_id`)); nested exception is java.sql.SQLIntegrityConstraintViolationException: Cannot add or update a child row: a foreign key constraint fails (`hbps`.`cart`, CONSTRAINT `cart_ibfk_2` FOREIGN KEY (`product_id`) REFERENCES `product` (`product_id`))','2025-04-14 02:08:11',126),(139,'购物车',1,'com.ruoyi.system.controller.CartController.add()','POST',1,'admin','研发部门','/system/cart','127.0.0.1','内网IP','{\"cartId\":3,\"params\":{},\"productId\":2,\"quantity\":1,\"userId\":1}','{\"msg\":\"操作成功\",\"code\":200}',0,NULL,'2025-04-14 02:08:16',17),(140,'购物车',1,'com.ruoyi.system.controller.CartController.add()','POST',1,'ry','测试部门','/system/cart','127.0.0.1','内网IP','{\"params\":{},\"productId\":1,\"quantity\":1,\"userId\":2}',NULL,1,'\n### Error updating database.  Cause: java.sql.SQLIntegrityConstraintViolationException: Cannot add or update a child row: a foreign key constraint fails (`hbps`.`cart`, CONSTRAINT `cart_ibfk_2` FOREIGN KEY (`product_id`) REFERENCES `product` (`product_id`))\n### The error may exist in URL [jar:file:/Users/lingluo/Documents/project/hxx3/RuoYi-Vue/ruoyi-admin/target/ruoyi-admin.jar!/BOOT-INF/lib/ruoyi-system-3.8.9.jar!/mapper/system/CartMapper.xml]\n### The error may involve com.ruoyi.system.mapper.CartMapper.insertCart-Inline\n### The error occurred while setting parameters\n### SQL: insert into cart          ( user_id,             product_id,             quantity )           values ( ?,             ?,             ? )\n### Cause: java.sql.SQLIntegrityConstraintViolationException: Cannot add or update a child row: a foreign key constraint fails (`hbps`.`cart`, CONSTRAINT `cart_ibfk_2` FOREIGN KEY (`product_id`) REFERENCES `product` (`product_id`))\n; Cannot add or update a child row: a foreign key constraint fails (`hbps`.`cart`, CONSTRAINT `cart_ibfk_2` FOREIGN KEY (`product_id`) REFERENCES `product` (`product_id`)); nested exception is java.sql.SQLIntegrityConstraintViolationException: Cannot add or update a child row: a foreign key constraint fails (`hbps`.`cart`, CONSTRAINT `cart_ibfk_2` FOREIGN KEY (`product_id`) REFERENCES `product` (`product_id`))','2025-04-14 02:13:22',107),(141,'购物车',1,'com.ruoyi.system.controller.CartController.add()','POST',1,'ry','测试部门','/system/cart','127.0.0.1','内网IP','{\"cartId\":5,\"params\":{},\"productId\":2,\"quantity\":1,\"userId\":2}','{\"msg\":\"操作成功\",\"code\":200}',0,NULL,'2025-04-14 02:13:24',31),(142,'购物车',2,'com.ruoyi.system.controller.CartController.edit()','PUT',1,'admin','研发部门','/system/cart','127.0.0.1','内网IP','{\"cartId\":1,\"params\":{},\"quantity\":3}','{\"msg\":\"操作成功\",\"code\":200}',0,NULL,'2025-04-14 03:43:52',127),(143,'购物车',2,'com.ruoyi.system.controller.CartController.edit()','PUT',1,'admin','研发部门','/system/cart','127.0.0.1','内网IP','{\"cartId\":1,\"params\":{},\"quantity\":2}','{\"msg\":\"操作成功\",\"code\":200}',0,NULL,'2025-04-14 03:43:53',30),(144,'购物车',2,'com.ruoyi.system.controller.CartController.edit()','PUT',1,'admin','研发部门','/system/cart','127.0.0.1','内网IP','{\"cartId\":1,\"params\":{},\"quantity\":3}','{\"msg\":\"操作成功\",\"code\":200}',0,NULL,'2025-04-14 03:43:54',12),(145,'购物车',2,'com.ruoyi.system.controller.CartController.edit()','PUT',1,'admin','研发部门','/system/cart','127.0.0.1','内网IP','{\"cartId\":1,\"params\":{},\"quantity\":4}','{\"msg\":\"操作成功\",\"code\":200}',0,NULL,'2025-04-14 03:43:55',12),(146,'购物车',2,'com.ruoyi.system.controller.CartController.edit()','PUT',1,'admin','研发部门','/system/cart','127.0.0.1','内网IP','{\"cartId\":1,\"params\":{},\"quantity\":5}','{\"msg\":\"操作成功\",\"code\":200}',0,NULL,'2025-04-14 03:43:56',43),(147,'购物车',2,'com.ruoyi.system.controller.CartController.edit()','PUT',1,'admin','研发部门','/system/cart','127.0.0.1','内网IP','{\"cartId\":1,\"params\":{},\"quantity\":6}','{\"msg\":\"操作成功\",\"code\":200}',0,NULL,'2025-04-14 03:44:03',32),(148,'购物车',2,'com.ruoyi.system.controller.CartController.edit()','PUT',1,'admin','研发部门','/system/cart','127.0.0.1','内网IP','{\"cartId\":1,\"params\":{},\"quantity\":7}','{\"msg\":\"操作成功\",\"code\":200}',0,NULL,'2025-04-14 03:44:03',18),(149,'购物车',2,'com.ruoyi.system.controller.CartController.edit()','PUT',1,'admin','研发部门','/system/cart','127.0.0.1','内网IP','{\"cartId\":1,\"params\":{},\"quantity\":8}','{\"msg\":\"操作成功\",\"code\":200}',0,NULL,'2025-04-14 03:44:03',13),(150,'购物车',2,'com.ruoyi.system.controller.CartController.edit()','PUT',1,'admin','研发部门','/system/cart','127.0.0.1','内网IP','{\"cartId\":1,\"params\":{},\"quantity\":9}','{\"msg\":\"操作成功\",\"code\":200}',0,NULL,'2025-04-14 03:44:04',9),(151,'购物车',2,'com.ruoyi.system.controller.CartController.edit()','PUT',1,'admin','研发部门','/system/cart','127.0.0.1','内网IP','{\"cartId\":1,\"params\":{},\"quantity\":10}','{\"msg\":\"操作成功\",\"code\":200}',0,NULL,'2025-04-14 03:44:04',8),(152,'购物车',2,'com.ruoyi.system.controller.CartController.edit()','PUT',1,'admin','研发部门','/system/cart','127.0.0.1','内网IP','{\"cartId\":1,\"params\":{},\"quantity\":11}','{\"msg\":\"操作成功\",\"code\":200}',0,NULL,'2025-04-14 03:44:04',12),(153,'购物车',2,'com.ruoyi.system.controller.CartController.edit()','PUT',1,'admin','研发部门','/system/cart','127.0.0.1','内网IP','{\"cartId\":1,\"params\":{},\"quantity\":12}','{\"msg\":\"操作成功\",\"code\":200}',0,NULL,'2025-04-14 03:44:04',8),(154,'购物车',2,'com.ruoyi.system.controller.CartController.edit()','PUT',1,'admin','研发部门','/system/cart','127.0.0.1','内网IP','{\"cartId\":1,\"params\":{},\"quantity\":13}','{\"msg\":\"操作成功\",\"code\":200}',0,NULL,'2025-04-14 03:44:04',10),(155,'购物车',2,'com.ruoyi.system.controller.CartController.edit()','PUT',1,'admin','研发部门','/system/cart','127.0.0.1','内网IP','{\"cartId\":1,\"params\":{},\"quantity\":14}','{\"msg\":\"操作成功\",\"code\":200}',0,NULL,'2025-04-14 03:44:04',6),(156,'购物车',2,'com.ruoyi.system.controller.CartController.edit()','PUT',1,'admin','研发部门','/system/cart','127.0.0.1','内网IP','{\"cartId\":1,\"params\":{},\"quantity\":15}','{\"msg\":\"操作成功\",\"code\":200}',0,NULL,'2025-04-14 03:44:05',14),(157,'购物车',2,'com.ruoyi.system.controller.CartController.edit()','PUT',1,'admin','研发部门','/system/cart','127.0.0.1','内网IP','{\"cartId\":1,\"params\":{},\"quantity\":16}','{\"msg\":\"操作成功\",\"code\":200}',0,NULL,'2025-04-14 03:44:05',7),(158,'购物车',2,'com.ruoyi.system.controller.CartController.edit()','PUT',1,'admin','研发部门','/system/cart','127.0.0.1','内网IP','{\"cartId\":1,\"params\":{},\"quantity\":17}','{\"msg\":\"操作成功\",\"code\":200}',0,NULL,'2025-04-14 03:44:05',13),(159,'购物车',2,'com.ruoyi.system.controller.CartController.edit()','PUT',1,'admin','研发部门','/system/cart','127.0.0.1','内网IP','{\"cartId\":1,\"params\":{},\"quantity\":16}','{\"msg\":\"操作成功\",\"code\":200}',0,NULL,'2025-04-14 03:44:06',17),(160,'购物车',2,'com.ruoyi.system.controller.CartController.edit()','PUT',1,'admin','研发部门','/system/cart','127.0.0.1','内网IP','{\"cartId\":1,\"params\":{},\"quantity\":15}','{\"msg\":\"操作成功\",\"code\":200}',0,NULL,'2025-04-14 03:44:06',36),(161,'购物车',2,'com.ruoyi.system.controller.CartController.edit()','PUT',1,'admin','研发部门','/system/cart','127.0.0.1','内网IP','{\"cartId\":1,\"params\":{},\"quantity\":15}','{\"msg\":\"操作成功\",\"code\":200}',0,NULL,'2025-04-14 03:44:06',10),(162,'购物车',2,'com.ruoyi.system.controller.CartController.edit()','PUT',1,'admin','研发部门','/system/cart','127.0.0.1','内网IP','{\"cartId\":1,\"params\":{},\"quantity\":14}','{\"msg\":\"操作成功\",\"code\":200}',0,NULL,'2025-04-14 03:44:06',7),(163,'购物车',2,'com.ruoyi.system.controller.CartController.edit()','PUT',1,'admin','研发部门','/system/cart','127.0.0.1','内网IP','{\"cartId\":1,\"params\":{},\"quantity\":13}','{\"msg\":\"操作成功\",\"code\":200}',0,NULL,'2025-04-14 03:44:06',13),(164,'购物车',2,'com.ruoyi.system.controller.CartController.edit()','PUT',1,'admin','研发部门','/system/cart','127.0.0.1','内网IP','{\"cartId\":1,\"params\":{},\"quantity\":12}','{\"msg\":\"操作成功\",\"code\":200}',0,NULL,'2025-04-14 03:44:06',7),(165,'购物车',2,'com.ruoyi.system.controller.CartController.edit()','PUT',1,'admin','研发部门','/system/cart','127.0.0.1','内网IP','{\"cartId\":1,\"params\":{},\"quantity\":11}','{\"msg\":\"操作成功\",\"code\":200}',0,NULL,'2025-04-14 03:44:07',10),(166,'购物车',2,'com.ruoyi.system.controller.CartController.edit()','PUT',1,'admin','研发部门','/system/cart','127.0.0.1','内网IP','{\"cartId\":1,\"params\":{},\"quantity\":10}','{\"msg\":\"操作成功\",\"code\":200}',0,NULL,'2025-04-14 03:44:07',6),(167,'购物车',2,'com.ruoyi.system.controller.CartController.edit()','PUT',1,'admin','研发部门','/system/cart','127.0.0.1','内网IP','{\"cartId\":1,\"params\":{},\"quantity\":9}','{\"msg\":\"操作成功\",\"code\":200}',0,NULL,'2025-04-14 03:44:07',18),(168,'购物车',2,'com.ruoyi.system.controller.CartController.edit()','PUT',1,'admin','研发部门','/system/cart','127.0.0.1','内网IP','{\"cartId\":1,\"params\":{},\"quantity\":8}','{\"msg\":\"操作成功\",\"code\":200}',0,NULL,'2025-04-14 03:44:07',9),(169,'购物车',2,'com.ruoyi.system.controller.CartController.edit()','PUT',1,'admin','研发部门','/system/cart','127.0.0.1','内网IP','{\"cartId\":1,\"params\":{},\"quantity\":7}','{\"msg\":\"操作成功\",\"code\":200}',0,NULL,'2025-04-14 03:44:07',9),(170,'购物车',2,'com.ruoyi.system.controller.CartController.edit()','PUT',1,'admin','研发部门','/system/cart','127.0.0.1','内网IP','{\"cartId\":1,\"params\":{},\"quantity\":6}','{\"msg\":\"操作成功\",\"code\":200}',0,NULL,'2025-04-14 03:44:08',11),(171,'购物车',2,'com.ruoyi.system.controller.CartController.edit()','PUT',1,'admin','研发部门','/system/cart','127.0.0.1','内网IP','{\"cartId\":1,\"params\":{},\"quantity\":5}','{\"msg\":\"操作成功\",\"code\":200}',0,NULL,'2025-04-14 03:44:08',14),(172,'购物车',2,'com.ruoyi.system.controller.CartController.edit()','PUT',1,'admin','研发部门','/system/cart','127.0.0.1','内网IP','{\"cartId\":1,\"params\":{},\"quantity\":4}','{\"msg\":\"操作成功\",\"code\":200}',0,NULL,'2025-04-14 03:44:08',31),(173,'购物车',2,'com.ruoyi.system.controller.CartController.edit()','PUT',1,'admin','研发部门','/system/cart','127.0.0.1','内网IP','{\"cartId\":1,\"params\":{},\"quantity\":3}','{\"msg\":\"操作成功\",\"code\":200}',0,NULL,'2025-04-14 03:44:09',11),(174,'购物车',2,'com.ruoyi.system.controller.CartController.edit()','PUT',1,'admin','研发部门','/system/cart','127.0.0.1','内网IP','{\"cartId\":1,\"params\":{},\"quantity\":2}','{\"msg\":\"操作成功\",\"code\":200}',0,NULL,'2025-04-14 03:44:09',16),(175,'购物车',2,'com.ruoyi.system.controller.CartController.edit()','PUT',1,'admin','研发部门','/system/cart','127.0.0.1','内网IP','{\"cartId\":1,\"params\":{},\"quantity\":1}','{\"msg\":\"操作成功\",\"code\":200}',0,NULL,'2025-04-14 03:44:09',13),(176,'购物车',2,'com.ruoyi.system.controller.CartController.edit()','PUT',1,'admin','研发部门','/system/cart','127.0.0.1','内网IP','{\"cartId\":1,\"params\":{},\"quantity\":2}','{\"msg\":\"操作成功\",\"code\":200}',0,NULL,'2025-04-14 03:44:21',35),(177,'购物车',2,'com.ruoyi.system.controller.CartController.edit()','PUT',1,'admin','研发部门','/system/cart','127.0.0.1','内网IP','{\"cartId\":1,\"params\":{},\"quantity\":3}','{\"msg\":\"操作成功\",\"code\":200}',0,NULL,'2025-04-14 03:44:21',13),(178,'购物车',2,'com.ruoyi.system.controller.CartController.edit()','PUT',1,'admin','研发部门','/system/cart','127.0.0.1','内网IP','{\"cartId\":1,\"params\":{},\"quantity\":4}','{\"msg\":\"操作成功\",\"code\":200}',0,NULL,'2025-04-14 03:44:22',28),(179,'购物车',2,'com.ruoyi.system.controller.CartController.edit()','PUT',1,'admin','研发部门','/system/cart','127.0.0.1','内网IP','{\"cartId\":1,\"params\":{},\"quantity\":5}','{\"msg\":\"操作成功\",\"code\":200}',0,NULL,'2025-04-14 03:44:22',10),(180,'购物车',1,'com.ruoyi.system.controller.CartController.add()','POST',1,'admin','研发部门','/system/cart','127.0.0.1','内网IP','{\"cartId\":6,\"params\":{},\"productId\":3,\"quantity\":1,\"userId\":1}','{\"msg\":\"操作成功\",\"code\":200}',0,NULL,'2025-04-14 03:56:57',79),(181,'购物车',1,'com.ruoyi.system.controller.CartController.add()','POST',1,'admin','研发部门','/system/cart','127.0.0.1','内网IP','{\"cartId\":7,\"params\":{},\"productId\":3,\"quantity\":1,\"userId\":1}','{\"msg\":\"操作成功\",\"code\":200}',0,NULL,'2025-04-14 03:56:57',79),(182,'购物车',1,'com.ruoyi.system.controller.CartController.add()','POST',1,'admin','研发部门','/system/cart','127.0.0.1','内网IP','{\"cartId\":8,\"params\":{},\"productId\":4,\"quantity\":1,\"userId\":1}','{\"msg\":\"操作成功\",\"code\":200}',0,NULL,'2025-04-14 03:57:19',94),(183,'购物车',2,'com.ruoyi.system.controller.CartController.edit()','PUT',1,'admin','研发部门','/system/cart','127.0.0.1','内网IP','{\"cartId\":6,\"params\":{},\"quantity\":2}','{\"msg\":\"操作成功\",\"code\":200}',0,NULL,'2025-04-14 04:16:22',57),(184,'购物车',2,'com.ruoyi.system.controller.CartController.edit()','PUT',1,'admin','研发部门','/system/cart','127.0.0.1','内网IP','{\"cartId\":6,\"params\":{},\"quantity\":2}','{\"msg\":\"操作成功\",\"code\":200}',0,NULL,'2025-04-14 04:16:22',57),(185,'购物车',2,'com.ruoyi.system.controller.CartController.edit()','PUT',1,'admin','研发部门','/system/cart','127.0.0.1','内网IP','{\"addedAt\":\"2025-04-14\",\"cartId\":1,\"params\":{},\"productId\":2,\"quantity\":6,\"userId\":1}','{\"msg\":\"操作成功\",\"code\":200}',0,NULL,'2025-04-14 04:19:47',36),(186,'购物车',2,'com.ruoyi.system.controller.CartController.edit()','PUT',1,'admin','研发部门','/system/cart','127.0.0.1','内网IP','{\"addedAt\":\"2025-04-14\",\"cartId\":1,\"params\":{},\"productId\":2,\"quantity\":6,\"userId\":1}','{\"msg\":\"操作成功\",\"code\":200}',0,NULL,'2025-04-14 04:19:47',36),(187,'购物车',2,'com.ruoyi.system.controller.CartController.edit()','PUT',1,'admin','研发部门','/system/cart','127.0.0.1','内网IP','{\"addedAt\":\"2025-04-14\",\"cartId\":1,\"params\":{},\"productId\":2,\"quantity\":6,\"userId\":1}','{\"msg\":\"操作成功\",\"code\":200}',0,NULL,'2025-04-14 04:19:47',36),(188,'购物车',2,'com.ruoyi.system.controller.CartController.edit()','PUT',1,'admin','研发部门','/system/cart','127.0.0.1','内网IP','{\"addedAt\":\"2025-04-14\",\"cartId\":8,\"params\":{},\"productId\":4,\"quantity\":2,\"userId\":1}','{\"msg\":\"操作成功\",\"code\":200}',0,NULL,'2025-04-14 04:20:10',27),(189,'购物车',2,'com.ruoyi.system.controller.CartController.edit()','PUT',1,'admin','研发部门','/system/cart','127.0.0.1','内网IP','{\"addedAt\":\"2025-04-14\",\"cartId\":6,\"params\":{},\"productId\":3,\"quantity\":3,\"userId\":1}','{\"msg\":\"操作成功\",\"code\":200}',0,NULL,'2025-04-14 04:20:59',24),(190,'购物车',2,'com.ruoyi.system.controller.CartController.edit()','PUT',1,'admin','研发部门','/system/cart','127.0.0.1','内网IP','{\"addedAt\":\"2025-04-14\",\"cartId\":6,\"params\":{},\"productId\":3,\"quantity\":3,\"userId\":1}','{\"msg\":\"操作成功\",\"code\":200}',0,NULL,'2025-04-14 04:20:59',24),(191,'购物车',2,'com.ruoyi.system.controller.CartController.edit()','PUT',1,'admin','研发部门','/system/cart','127.0.0.1','内网IP','{\"cartId\":6,\"params\":{},\"quantity\":4}','{\"msg\":\"操作成功\",\"code\":200}',0,NULL,'2025-04-14 04:21:08',42),(192,'购物车',2,'com.ruoyi.system.controller.CartController.edit()','PUT',1,'admin','研发部门','/system/cart','127.0.0.1','内网IP','{\"cartId\":6,\"params\":{},\"quantity\":5}','{\"msg\":\"操作成功\",\"code\":200}',0,NULL,'2025-04-14 04:21:08',10),(193,'购物车',2,'com.ruoyi.system.controller.CartController.edit()','PUT',1,'admin','研发部门','/system/cart','127.0.0.1','内网IP','{\"cartId\":6,\"params\":{},\"quantity\":4}','{\"msg\":\"操作成功\",\"code\":200}',0,NULL,'2025-04-14 04:21:09',10),(194,'购物车',2,'com.ruoyi.system.controller.CartController.edit()','PUT',1,'admin','研发部门','/system/cart','127.0.0.1','内网IP','{\"cartId\":6,\"params\":{},\"quantity\":5}','{\"msg\":\"操作成功\",\"code\":200}',0,NULL,'2025-04-14 04:21:09',8),(195,'购物车',2,'com.ruoyi.system.controller.CartController.edit()','PUT',1,'admin','研发部门','/system/cart','127.0.0.1','内网IP','{\"cartId\":6,\"params\":{},\"quantity\":6}','{\"msg\":\"操作成功\",\"code\":200}',0,NULL,'2025-04-14 04:21:10',14),(196,'购物车',2,'com.ruoyi.system.controller.CartController.edit()','PUT',1,'admin','研发部门','/system/cart','127.0.0.1','内网IP','{\"cartId\":6,\"params\":{},\"quantity\":5}','{\"msg\":\"操作成功\",\"code\":200}',0,NULL,'2025-04-14 04:21:11',10),(197,'购物车',2,'com.ruoyi.system.controller.CartController.edit()','PUT',1,'admin','研发部门','/system/cart','127.0.0.1','内网IP','{\"cartId\":6,\"params\":{},\"quantity\":4}','{\"msg\":\"操作成功\",\"code\":200}',0,NULL,'2025-04-14 04:21:11',9),(198,'购物车',2,'com.ruoyi.system.controller.CartController.edit()','PUT',1,'admin','研发部门','/system/cart','127.0.0.1','内网IP','{\"cartId\":6,\"params\":{},\"quantity\":3}','{\"msg\":\"操作成功\",\"code\":200}',0,NULL,'2025-04-14 04:21:11',15),(199,'购物车',2,'com.ruoyi.system.controller.CartController.edit()','PUT',1,'admin','研发部门','/system/cart','127.0.0.1','内网IP','{\"cartId\":6,\"params\":{},\"quantity\":2}','{\"msg\":\"操作成功\",\"code\":200}',0,NULL,'2025-04-14 04:21:11',22),(200,'购物车',2,'com.ruoyi.system.controller.CartController.edit()','PUT',1,'admin','研发部门','/system/cart','127.0.0.1','内网IP','{\"cartId\":1,\"params\":{},\"quantity\":7}','{\"msg\":\"操作成功\",\"code\":200}',0,NULL,'2025-04-14 04:21:13',28),(201,'购物车',2,'com.ruoyi.system.controller.CartController.edit()','PUT',1,'admin','研发部门','/system/cart','127.0.0.1','内网IP','{\"cartId\":1,\"params\":{},\"quantity\":8}','{\"msg\":\"操作成功\",\"code\":200}',0,NULL,'2025-04-14 04:21:13',8),(202,'购物车',2,'com.ruoyi.system.controller.CartController.edit()','PUT',1,'admin','研发部门','/system/cart','127.0.0.1','内网IP','{\"addedAt\":\"2025-04-14\",\"cartId\":1,\"params\":{},\"productId\":2,\"quantity\":9,\"userId\":1}','{\"msg\":\"操作成功\",\"code\":200}',0,NULL,'2025-04-14 04:22:14',20),(203,'购物车',2,'com.ruoyi.system.controller.CartController.edit()','PUT',1,'admin','研发部门','/system/cart','127.0.0.1','内网IP','{\"addedAt\":\"2025-04-14\",\"cartId\":1,\"params\":{},\"productId\":2,\"quantity\":9,\"userId\":1}','{\"msg\":\"操作成功\",\"code\":200}',0,NULL,'2025-04-14 04:22:14',20),(204,'购物车',2,'com.ruoyi.system.controller.CartController.edit()','PUT',1,'admin','研发部门','/system/cart','127.0.0.1','内网IP','{\"addedAt\":\"2025-04-14\",\"cartId\":1,\"params\":{},\"productId\":2,\"quantity\":9,\"userId\":1}','{\"msg\":\"操作成功\",\"code\":200}',0,NULL,'2025-04-14 04:22:14',20),(205,'购物车',2,'com.ruoyi.system.controller.CartController.edit()','PUT',1,'admin','研发部门','/system/cart','127.0.0.1','内网IP','{\"addedAt\":\"2025-04-14\",\"cartId\":1,\"params\":{},\"productId\":2,\"quantity\":10,\"userId\":1}','{\"msg\":\"操作成功\",\"code\":200}',0,NULL,'2025-04-14 04:22:41',30),(206,'购物车',2,'com.ruoyi.system.controller.CartController.edit()','PUT',1,'admin','研发部门','/system/cart','127.0.0.1','内网IP','{\"addedAt\":\"2025-04-14\",\"cartId\":1,\"params\":{},\"productId\":2,\"quantity\":10,\"userId\":1}','{\"msg\":\"操作成功\",\"code\":200}',0,NULL,'2025-04-14 04:22:41',30),(207,'购物车',2,'com.ruoyi.system.controller.CartController.edit()','PUT',1,'admin','研发部门','/system/cart','127.0.0.1','内网IP','{\"addedAt\":\"2025-04-14\",\"cartId\":1,\"params\":{},\"productId\":2,\"quantity\":10,\"userId\":1}','{\"msg\":\"操作成功\",\"code\":200}',0,NULL,'2025-04-14 04:22:41',20),(208,'购物车',2,'com.ruoyi.system.controller.CartController.edit()','PUT',1,'admin','研发部门','/system/cart','127.0.0.1','内网IP','{\"addedAt\":\"2025-04-14\",\"cartId\":6,\"params\":{},\"productId\":3,\"quantity\":3,\"userId\":1}','{\"msg\":\"操作成功\",\"code\":200}',0,NULL,'2025-04-14 04:22:48',20),(209,'购物车',2,'com.ruoyi.system.controller.CartController.edit()','PUT',1,'admin','研发部门','/system/cart','127.0.0.1','内网IP','{\"addedAt\":\"2025-04-14\",\"cartId\":6,\"params\":{},\"productId\":3,\"quantity\":3,\"userId\":1}','{\"msg\":\"操作成功\",\"code\":200}',0,NULL,'2025-04-14 04:22:48',20),(210,'购物车',2,'com.ruoyi.system.controller.CartController.edit()','PUT',1,'admin','研发部门','/system/cart','127.0.0.1','内网IP','{\"addedAt\":\"2025-04-14\",\"cartId\":8,\"params\":{},\"productId\":4,\"quantity\":3,\"userId\":1}','{\"msg\":\"操作成功\",\"code\":200}',0,NULL,'2025-04-14 04:22:57',53),(211,'购物车',2,'com.ruoyi.system.controller.CartController.edit()','PUT',1,'admin','研发部门','/system/cart','127.0.0.1','内网IP','{\"addedAt\":\"2025-04-14\",\"cartId\":1,\"params\":{},\"productId\":2,\"quantity\":11,\"userId\":1}','{\"msg\":\"操作成功\",\"code\":200}',0,NULL,'2025-04-14 04:23:01',41),(212,'购物车',2,'com.ruoyi.system.controller.CartController.edit()','PUT',1,'admin','研发部门','/system/cart','127.0.0.1','内网IP','{\"addedAt\":\"2025-04-14\",\"cartId\":1,\"params\":{},\"productId\":2,\"quantity\":11,\"userId\":1}','{\"msg\":\"操作成功\",\"code\":200}',0,NULL,'2025-04-14 04:23:01',36),(213,'购物车',2,'com.ruoyi.system.controller.CartController.edit()','PUT',1,'admin','研发部门','/system/cart','127.0.0.1','内网IP','{\"addedAt\":\"2025-04-14\",\"cartId\":1,\"params\":{},\"productId\":2,\"quantity\":11,\"userId\":1}','{\"msg\":\"操作成功\",\"code\":200}',0,NULL,'2025-04-14 04:23:01',41),(214,'购物车',2,'com.ruoyi.system.controller.CartController.edit()','PUT',1,'admin','研发部门','/system/cart','127.0.0.1','内网IP','{\"cartId\":1,\"params\":{},\"quantity\":10}','{\"msg\":\"操作成功\",\"code\":200}',0,NULL,'2025-04-14 04:23:13',31),(215,'购物车',2,'com.ruoyi.system.controller.CartController.edit()','PUT',1,'admin','研发部门','/system/cart','127.0.0.1','内网IP','{\"cartId\":1,\"params\":{},\"quantity\":9}','{\"msg\":\"操作成功\",\"code\":200}',0,NULL,'2025-04-14 04:23:14',20),(216,'购物车',2,'com.ruoyi.system.controller.CartController.edit()','PUT',1,'admin','研发部门','/system/cart','127.0.0.1','内网IP','{\"cartId\":1,\"params\":{},\"quantity\":9}','{\"msg\":\"操作成功\",\"code\":200}',0,NULL,'2025-04-14 04:23:14',15),(217,'购物车',2,'com.ruoyi.system.controller.CartController.edit()','PUT',1,'admin','研发部门','/system/cart','127.0.0.1','内网IP','{\"cartId\":1,\"params\":{},\"quantity\":8}','{\"msg\":\"操作成功\",\"code\":200}',0,NULL,'2025-04-14 04:23:14',12),(218,'购物车',2,'com.ruoyi.system.controller.CartController.edit()','PUT',1,'admin','研发部门','/system/cart','127.0.0.1','内网IP','{\"cartId\":1,\"params\":{},\"quantity\":7}','{\"msg\":\"操作成功\",\"code\":200}',0,NULL,'2025-04-14 04:23:14',8),(219,'购物车',2,'com.ruoyi.system.controller.CartController.edit()','PUT',1,'admin','研发部门','/system/cart','127.0.0.1','内网IP','{\"cartId\":1,\"params\":{},\"quantity\":6}','{\"msg\":\"操作成功\",\"code\":200}',0,NULL,'2025-04-14 04:23:14',20),(220,'购物车',2,'com.ruoyi.system.controller.CartController.edit()','PUT',1,'admin','研发部门','/system/cart','127.0.0.1','内网IP','{\"cartId\":1,\"params\":{},\"quantity\":5}','{\"msg\":\"操作成功\",\"code\":200}',0,NULL,'2025-04-14 04:23:14',7),(221,'购物车',2,'com.ruoyi.system.controller.CartController.edit()','PUT',1,'admin','研发部门','/system/cart','127.0.0.1','内网IP','{\"cartId\":1,\"params\":{},\"quantity\":5}','{\"msg\":\"操作成功\",\"code\":200}',0,NULL,'2025-04-14 04:23:14',6),(222,'购物车',2,'com.ruoyi.system.controller.CartController.edit()','PUT',1,'admin','研发部门','/system/cart','127.0.0.1','内网IP','{\"cartId\":1,\"params\":{},\"quantity\":4}','{\"msg\":\"操作成功\",\"code\":200}',0,NULL,'2025-04-14 04:23:15',25),(223,'购物车',2,'com.ruoyi.system.controller.CartController.edit()','PUT',1,'admin','研发部门','/system/cart','127.0.0.1','内网IP','{\"cartId\":1,\"params\":{},\"quantity\":3}','{\"msg\":\"操作成功\",\"code\":200}',0,NULL,'2025-04-14 04:23:15',25),(224,'购物车',2,'com.ruoyi.system.controller.CartController.edit()','PUT',1,'admin','研发部门','/system/cart','127.0.0.1','内网IP','{\"cartId\":1,\"params\":{},\"quantity\":2}','{\"msg\":\"操作成功\",\"code\":200}',0,NULL,'2025-04-14 04:23:15',20),(225,'购物车',2,'com.ruoyi.system.controller.CartController.edit()','PUT',1,'admin','研发部门','/system/cart','127.0.0.1','内网IP','{\"cartId\":1,\"params\":{},\"quantity\":2}','{\"msg\":\"操作成功\",\"code\":200}',0,NULL,'2025-04-14 04:23:15',6),(226,'购物车',2,'com.ruoyi.system.controller.CartController.edit()','PUT',1,'admin','研发部门','/system/cart','127.0.0.1','内网IP','{\"cartId\":1,\"params\":{},\"quantity\":1}','{\"msg\":\"操作成功\",\"code\":200}',0,NULL,'2025-04-14 04:23:16',42),(227,'购物车',2,'com.ruoyi.system.controller.CartController.edit()','PUT',1,'admin','研发部门','/system/cart','127.0.0.1','内网IP','{\"cartId\":6,\"params\":{},\"quantity\":2}','{\"msg\":\"操作成功\",\"code\":200}',0,NULL,'2025-04-14 04:23:21',25),(228,'购物车',2,'com.ruoyi.system.controller.CartController.edit()','PUT',1,'admin','研发部门','/system/cart','127.0.0.1','内网IP','{\"cartId\":6,\"params\":{},\"quantity\":1}','{\"msg\":\"操作成功\",\"code\":200}',0,NULL,'2025-04-14 04:23:21',18),(229,'购物车',2,'com.ruoyi.system.controller.CartController.edit()','PUT',1,'admin','研发部门','/system/cart','127.0.0.1','内网IP','{\"cartId\":6,\"params\":{},\"quantity\":1}','{\"msg\":\"操作成功\",\"code\":200}',0,NULL,'2025-04-14 04:23:21',34),(230,'购物车',3,'com.ruoyi.system.controller.CartController.remove()','DELETE',1,'admin','研发部门','/system/cart/3','127.0.0.1','内网IP','[3]','{\"msg\":\"操作成功\",\"code\":200}',0,NULL,'2025-04-14 04:23:42',50),(231,'购物车',3,'com.ruoyi.system.controller.CartController.remove()','DELETE',1,'admin','研发部门','/system/cart/7','127.0.0.1','内网IP','[7]','{\"msg\":\"操作成功\",\"code\":200}',0,NULL,'2025-04-14 04:23:46',12),(232,'购物车',2,'com.ruoyi.system.controller.CartController.edit()','PUT',1,'admin','研发部门','/system/cart','127.0.0.1','内网IP','{\"addedAt\":\"2025-04-14\",\"cartId\":6,\"params\":{},\"productId\":3,\"quantity\":2,\"userId\":1}','{\"msg\":\"操作成功\",\"code\":200}',0,NULL,'2025-04-14 04:23:56',90),(233,'购物车',2,'com.ruoyi.system.controller.CartController.edit()','PUT',1,'admin','研发部门','/system/cart','127.0.0.1','内网IP','{\"addedAt\":\"2025-04-14\",\"cartId\":6,\"params\":{},\"productId\":3,\"quantity\":2,\"userId\":1}','{\"msg\":\"操作成功\",\"code\":200}',0,NULL,'2025-04-14 04:23:56',90),(234,'购物车',2,'com.ruoyi.system.controller.CartController.edit()','PUT',1,'admin','研发部门','/system/cart','127.0.0.1','内网IP','{\"addedAt\":\"2025-04-14\",\"cartId\":8,\"params\":{},\"productId\":4,\"quantity\":4,\"userId\":1}','{\"msg\":\"操作成功\",\"code\":200}',0,NULL,'2025-04-14 04:25:52',26),(235,'购物车',2,'com.ruoyi.system.controller.CartController.edit()','PUT',1,'admin','研发部门','/system/cart','127.0.0.1','内网IP','{\"addedAt\":\"2025-04-14\",\"cartId\":6,\"params\":{},\"productId\":3,\"quantity\":3,\"userId\":1}','{\"msg\":\"操作成功\",\"code\":200}',0,NULL,'2025-04-14 04:25:56',40),(236,'购物车',2,'com.ruoyi.system.controller.CartController.edit()','PUT',1,'admin','研发部门','/system/cart','127.0.0.1','内网IP','{\"addedAt\":\"2025-04-14\",\"cartId\":6,\"params\":{},\"productId\":3,\"quantity\":3,\"userId\":1}','{\"msg\":\"操作成功\",\"code\":200}',0,NULL,'2025-04-14 04:25:56',40),(237,'购物车',2,'com.ruoyi.system.controller.CartController.edit()','PUT',1,'admin','研发部门','/system/cart','127.0.0.1','内网IP','{\"addedAt\":\"2025-04-14\",\"cartId\":1,\"params\":{},\"productId\":2,\"quantity\":2,\"userId\":1}','{\"msg\":\"操作成功\",\"code\":200}',0,NULL,'2025-04-14 04:26:06',25),(238,'购物车',2,'com.ruoyi.system.controller.CartController.edit()','PUT',1,'admin','研发部门','/system/cart','127.0.0.1','内网IP','{\"addedAt\":\"2025-04-14\",\"cartId\":1,\"params\":{},\"productId\":2,\"quantity\":2,\"userId\":1}','{\"msg\":\"操作成功\",\"code\":200}',0,NULL,'2025-04-14 04:26:06',25),(239,'购物车',2,'com.ruoyi.system.controller.CartController.edit()','PUT',1,'admin','研发部门','/system/cart','127.0.0.1','内网IP','{\"addedAt\":\"2025-04-14\",\"cartId\":1,\"params\":{},\"productId\":2,\"quantity\":2,\"userId\":1}','{\"msg\":\"操作成功\",\"code\":200}',0,NULL,'2025-04-14 04:26:06',25),(240,'购物车',2,'com.ruoyi.system.controller.CartController.edit()','PUT',1,'admin','研发部门','/system/cart','127.0.0.1','内网IP','{\"cartId\":1,\"params\":{},\"quantity\":1}','{\"msg\":\"操作成功\",\"code\":200}',0,NULL,'2025-04-14 04:27:12',34),(241,'购物车',2,'com.ruoyi.system.controller.CartController.edit()','PUT',1,'admin','研发部门','/system/cart','127.0.0.1','内网IP','{\"cartId\":6,\"params\":{},\"quantity\":2}','{\"msg\":\"操作成功\",\"code\":200}',0,NULL,'2025-04-14 04:27:13',11),(242,'购物车',2,'com.ruoyi.system.controller.CartController.edit()','PUT',1,'admin','研发部门','/system/cart','127.0.0.1','内网IP','{\"cartId\":6,\"params\":{},\"quantity\":1}','{\"msg\":\"操作成功\",\"code\":200}',0,NULL,'2025-04-14 04:27:13',10),(243,'购物车',2,'com.ruoyi.system.controller.CartController.edit()','PUT',1,'admin','研发部门','/system/cart','127.0.0.1','内网IP','{\"cartId\":8,\"params\":{},\"quantity\":3}','{\"msg\":\"操作成功\",\"code\":200}',0,NULL,'2025-04-14 04:27:14',13),(244,'购物车',2,'com.ruoyi.system.controller.CartController.edit()','PUT',1,'admin','研发部门','/system/cart','127.0.0.1','内网IP','{\"cartId\":8,\"params\":{},\"quantity\":2}','{\"msg\":\"操作成功\",\"code\":200}',0,NULL,'2025-04-14 04:27:14',11),(245,'购物车',2,'com.ruoyi.system.controller.CartController.edit()','PUT',1,'admin','研发部门','/system/cart','127.0.0.1','内网IP','{\"cartId\":8,\"params\":{},\"quantity\":1}','{\"msg\":\"操作成功\",\"code\":200}',0,NULL,'2025-04-14 04:27:15',18),(246,'购物车',2,'com.ruoyi.system.controller.CartController.edit()','PUT',1,'admin','研发部门','/system/cart','127.0.0.1','内网IP','{\"addedAt\":\"2025-04-14\",\"cartId\":1,\"params\":{},\"productId\":2,\"quantity\":2,\"userId\":1}','{\"msg\":\"操作成功\",\"code\":200}',0,NULL,'2025-04-14 04:27:21',10),(247,'购物车',2,'com.ruoyi.system.controller.CartController.edit()','PUT',1,'admin','研发部门','/system/cart','127.0.0.1','内网IP','{\"addedAt\":\"2025-04-14\",\"cartId\":1,\"params\":{},\"productId\":2,\"quantity\":2,\"userId\":1}','{\"msg\":\"操作成功\",\"code\":200}',0,NULL,'2025-04-14 04:27:21',10),(248,'购物车',2,'com.ruoyi.system.controller.CartController.edit()','PUT',1,'admin','研发部门','/system/cart','127.0.0.1','内网IP','{\"addedAt\":\"2025-04-14\",\"cartId\":1,\"params\":{},\"productId\":2,\"quantity\":2,\"userId\":1}','{\"msg\":\"操作成功\",\"code\":200}',0,NULL,'2025-04-14 04:27:21',10),(249,'购物车',2,'com.ruoyi.system.controller.CartController.edit()','PUT',1,'admin','研发部门','/system/cart','127.0.0.1','内网IP','{\"addedAt\":\"2025-04-14\",\"cartId\":6,\"params\":{},\"productId\":3,\"quantity\":2,\"userId\":1}','{\"msg\":\"操作成功\",\"code\":200}',0,NULL,'2025-04-14 04:27:22',11),(250,'购物车',2,'com.ruoyi.system.controller.CartController.edit()','PUT',1,'admin','研发部门','/system/cart','127.0.0.1','内网IP','{\"addedAt\":\"2025-04-14\",\"cartId\":6,\"params\":{},\"productId\":3,\"quantity\":2,\"userId\":1}','{\"msg\":\"操作成功\",\"code\":200}',0,NULL,'2025-04-14 04:27:22',11),(251,'购物车',2,'com.ruoyi.system.controller.CartController.edit()','PUT',1,'admin','研发部门','/system/cart','127.0.0.1','内网IP','{\"addedAt\":\"2025-04-14\",\"cartId\":8,\"params\":{},\"productId\":4,\"quantity\":2,\"userId\":1}','{\"msg\":\"操作成功\",\"code\":200}',0,NULL,'2025-04-14 04:27:23',8),(252,'购物车',2,'com.ruoyi.system.controller.CartController.edit()','PUT',1,'admin','研发部门','/system/cart','127.0.0.1','内网IP','{\"addedAt\":\"2025-04-14\",\"cartId\":6,\"params\":{},\"productId\":3,\"quantity\":3,\"userId\":1}','{\"msg\":\"操作成功\",\"code\":200}',0,NULL,'2025-04-14 04:33:49',30),(253,'购物车',2,'com.ruoyi.system.controller.CartController.edit()','PUT',1,'admin','研发部门','/system/cart','127.0.0.1','内网IP','{\"addedAt\":\"2025-04-14\",\"cartId\":6,\"params\":{},\"productId\":3,\"quantity\":4,\"userId\":1}','{\"msg\":\"操作成功\",\"code\":200}',0,NULL,'2025-04-14 04:52:07',46),(254,'购物车',2,'com.ruoyi.system.controller.CartController.edit()','PUT',1,'admin','研发部门','/system/cart','127.0.0.1','内网IP','{\"cartId\":1,\"params\":{},\"quantity\":3}','{\"msg\":\"操作成功\",\"code\":200}',0,NULL,'2025-04-14 04:52:16',37),(255,'购物车',2,'com.ruoyi.system.controller.CartController.edit()','PUT',1,'admin','研发部门','/system/cart','127.0.0.1','内网IP','{\"cartId\":1,\"params\":{},\"quantity\":4}','{\"msg\":\"操作成功\",\"code\":200}',0,NULL,'2025-04-14 04:52:16',16),(256,'购物车',2,'com.ruoyi.system.controller.CartController.edit()','PUT',1,'admin','研发部门','/system/cart','127.0.0.1','内网IP','{\"cartId\":1,\"params\":{},\"quantity\":5}','{\"msg\":\"操作成功\",\"code\":200}',0,NULL,'2025-04-14 04:52:17',12),(257,'购物车',2,'com.ruoyi.system.controller.CartController.edit()','PUT',1,'admin','研发部门','/system/cart','127.0.0.1','内网IP','{\"cartId\":1,\"params\":{},\"quantity\":6}','{\"msg\":\"操作成功\",\"code\":200}',0,NULL,'2025-04-14 04:52:17',8),(258,'购物车',2,'com.ruoyi.system.controller.CartController.edit()','PUT',1,'admin','研发部门','/system/cart','127.0.0.1','内网IP','{\"cartId\":1,\"params\":{},\"quantity\":5}','{\"msg\":\"操作成功\",\"code\":200}',0,NULL,'2025-04-14 04:52:18',14),(259,'购物车',2,'com.ruoyi.system.controller.CartController.edit()','PUT',1,'admin','研发部门','/system/cart','127.0.0.1','内网IP','{\"cartId\":1,\"params\":{},\"quantity\":4}','{\"msg\":\"操作成功\",\"code\":200}',0,NULL,'2025-04-14 04:52:18',25),(260,'购物车',2,'com.ruoyi.system.controller.CartController.edit()','PUT',1,'admin','研发部门','/system/cart','127.0.0.1','内网IP','{\"cartId\":1,\"params\":{},\"quantity\":3}','{\"msg\":\"操作成功\",\"code\":200}',0,NULL,'2025-04-14 04:52:18',7),(261,'购物车',2,'com.ruoyi.system.controller.CartController.edit()','PUT',1,'admin','研发部门','/system/cart','127.0.0.1','内网IP','{\"cartId\":1,\"params\":{},\"quantity\":2}','{\"msg\":\"操作成功\",\"code\":200}',0,NULL,'2025-04-14 04:52:18',9),(262,'购物车',2,'com.ruoyi.system.controller.CartController.edit()','PUT',1,'admin','研发部门','/system/cart','127.0.0.1','内网IP','{\"cartId\":1,\"params\":{},\"quantity\":3}','{\"msg\":\"操作成功\",\"code\":200}',0,NULL,'2025-04-14 05:11:26',209),(263,'购物车',2,'com.ruoyi.system.controller.CartController.edit()','PUT',1,'admin','研发部门','/system/cart','127.0.0.1','内网IP','{\"cartId\":1,\"params\":{},\"quantity\":4}','{\"msg\":\"操作成功\",\"code\":200}',0,NULL,'2025-04-14 05:11:26',82),(264,'购物车',2,'com.ruoyi.system.controller.CartController.edit()','PUT',1,'admin','研发部门','/system/cart','127.0.0.1','内网IP','{\"cartId\":1,\"params\":{},\"quantity\":5}','{\"msg\":\"操作成功\",\"code\":200}',0,NULL,'2025-04-14 05:11:26',129),(265,'订单',1,'com.ruoyi.system.controller.OrderController.add()','POST',1,'admin','研发部门','/system/order','127.0.0.1','内网IP','{\"orderId\":1,\"params\":{},\"userId\":1}','{\"msg\":\"操作成功\",\"code\":200}',0,NULL,'2025-04-14 06:17:07',1385),(266,'订单',1,'com.ruoyi.system.controller.OrderController.add()','POST',1,'admin','研发部门','/system/order','127.0.0.1','内网IP','{\"orderId\":2,\"params\":{},\"userId\":1}','{\"msg\":\"操作成功\",\"code\":200}',0,NULL,'2025-04-14 06:17:31',26),(267,'订单',1,'com.ruoyi.system.controller.OrderController.add()','POST',1,'admin','研发部门','/system/order','127.0.0.1','内网IP','{\"orderId\":3,\"params\":{},\"userId\":1}','{\"msg\":\"操作成功\",\"code\":200}',0,NULL,'2025-04-14 06:18:46',103),(268,'订单',1,'com.ruoyi.system.controller.OrderController.add()','POST',1,'admin','研发部门','/system/order','127.0.0.1','内网IP','{\"orderId\":4,\"params\":{},\"userId\":1}','{\"msg\":\"操作成功\",\"code\":200}',0,NULL,'2025-04-14 06:20:37',46),(269,'订单',1,'com.ruoyi.system.controller.OrderController.add()','POST',1,'admin','研发部门','/system/order','127.0.0.1','内网IP','{\"orderId\":5,\"params\":{},\"userId\":1}','{\"msg\":\"操作成功\",\"code\":200}',0,NULL,'2025-04-14 06:21:36',54),(270,'订单',1,'com.ruoyi.system.controller.OrderController.add()','POST',1,'admin','研发部门','/system/order','127.0.0.1','内网IP','{\"orderId\":6,\"params\":{},\"userId\":1}','{\"msg\":\"操作成功\",\"code\":200}',0,NULL,'2025-04-14 06:25:48',46),(271,'订单',1,'com.ruoyi.system.controller.OrderController.add()','POST',1,'admin','研发部门','/system/order','127.0.0.1','内网IP','{\"orderId\":7,\"params\":{},\"userId\":1}','{\"msg\":\"操作成功\",\"code\":200}',0,NULL,'2025-04-14 06:26:21',13),(272,'订单',1,'com.ruoyi.system.controller.OrderController.add()','POST',1,'admin','研发部门','/system/order','127.0.0.1','内网IP','{\"orderId\":8,\"params\":{},\"userId\":1}','{\"msg\":\"操作成功\",\"code\":200}',0,NULL,'2025-04-14 06:26:59',16),(273,'订单',1,'com.ruoyi.system.controller.OrderController.add()','POST',1,'admin','研发部门','/system/order','127.0.0.1','内网IP','{\"orderId\":9,\"params\":{},\"userId\":1}','{\"msg\":\"操作成功\",\"code\":200}',0,NULL,'2025-04-14 06:27:49',23),(274,'订单',1,'com.ruoyi.system.controller.OrderController.add()','POST',1,'admin','研发部门','/system/order','127.0.0.1','内网IP','{\"orderId\":10,\"params\":{},\"userId\":1}','{\"msg\":\"操作成功\",\"code\":200}',0,NULL,'2025-04-14 06:29:30',48),(275,'订单',1,'com.ruoyi.system.controller.OrderController.add()','POST',1,'admin','研发部门','/system/order','127.0.0.1','内网IP','{\"orderId\":11,\"params\":{},\"userId\":1}','{\"msg\":\"操作成功\",\"code\":200}',0,NULL,'2025-04-14 06:29:30',48),(276,'订单',1,'com.ruoyi.system.controller.OrderController.add()','POST',1,'admin','研发部门','/system/order','127.0.0.1','内网IP','{\"orderId\":12,\"params\":{},\"userId\":1}','{\"msg\":\"操作成功\",\"code\":200}',0,NULL,'2025-04-14 06:29:45',15),(277,'订单',1,'com.ruoyi.system.controller.OrderController.add()','POST',1,'admin','研发部门','/system/order','127.0.0.1','内网IP','{\"orderId\":13,\"params\":{},\"userId\":1}','{\"msg\":\"操作成功\",\"code\":200}',0,NULL,'2025-04-14 06:29:45',9),(278,'订单',1,'com.ruoyi.system.controller.OrderController.add()','POST',1,'admin','研发部门','/system/order','127.0.0.1','内网IP','{\"orderId\":14,\"params\":{},\"totalAmount\":78,\"userId\":1}','{\"msg\":\"操作成功\",\"code\":200}',0,NULL,'2025-04-14 06:35:55',55),(279,'订单',1,'com.ruoyi.system.controller.OrderController.add()','POST',1,'admin','研发部门','/system/order','127.0.0.1','内网IP','{\"orderId\":15,\"params\":{},\"totalAmount\":78,\"userId\":1}','{\"msg\":\"操作成功\",\"code\":200}',0,NULL,'2025-04-14 06:36:32',22),(280,'订单',3,'com.ruoyi.system.controller.OrderController.remove()','DELETE',1,'admin','研发部门','/system/order/1,2,3,4,5,6,7,8,9,10','127.0.0.1','内网IP','[1,2,3,4,5,6,7,8,9,10]','{\"msg\":\"操作成功\",\"code\":200}',0,NULL,'2025-04-14 06:38:03',25),(281,'订单',3,'com.ruoyi.system.controller.OrderController.remove()','DELETE',1,'admin','研发部门','/system/order/11,12,13,14,15','127.0.0.1','内网IP','[11,12,13,14,15]','{\"msg\":\"操作成功\",\"code\":200}',0,NULL,'2025-04-14 06:38:06',21),(282,'订单',1,'com.ruoyi.system.controller.OrderController.add()','POST',1,'admin','研发部门','/system/order','127.0.0.1','内网IP','{\"orderId\":16,\"params\":{},\"totalAmount\":78,\"userId\":1}','{\"msg\":\"操作成功\",\"code\":200}',0,NULL,'2025-04-14 06:38:09',20),(283,'订单',1,'com.ruoyi.system.controller.OrderController.add()','POST',1,'admin','研发部门','/system/order','127.0.0.1','内网IP','{\"orderId\":17,\"params\":{},\"totalAmount\":78,\"userId\":1}','{\"msg\":\"操作成功\",\"code\":200}',0,NULL,'2025-04-14 06:39:10',37),(284,'订单',1,'com.ruoyi.system.controller.OrderController.add()','POST',1,'admin','研发部门','/system/order','127.0.0.1','内网IP','{\"orderId\":18,\"params\":{},\"totalAmount\":43,\"userId\":1}','{\"msg\":\"订单创建成功\",\"code\":200,\"data\":{\"orderId\":18}}',0,NULL,'2025-04-14 06:45:07',312),(285,'订单',1,'com.ruoyi.system.controller.OrderController.add()','POST',1,'admin','研发部门','/system/order','127.0.0.1','内网IP','{\"orderId\":19,\"params\":{},\"totalAmount\":78,\"userId\":1}','{\"msg\":\"订单创建成功\",\"code\":200,\"data\":{\"orderId\":19}}',0,NULL,'2025-04-14 06:45:24',36),(286,'订单',1,'com.ruoyi.system.controller.OrderController.add()','POST',1,'admin','研发部门','/system/order','127.0.0.1','内网IP','{\"orderId\":20,\"params\":{},\"totalAmount\":78,\"userId\":1}','{\"msg\":\"订单创建成功\",\"code\":200,\"data\":{\"orderId\":20}}',0,NULL,'2025-04-14 06:45:33',19),(287,'订单',1,'com.ruoyi.system.controller.OrderController.add()','POST',1,'admin','研发部门','/system/order','127.0.0.1','内网IP','{\"orderId\":21,\"params\":{},\"totalAmount\":78,\"userId\":1}','{\"msg\":\"订单创建成功\",\"code\":200,\"data\":{\"orderId\":21}}',0,NULL,'2025-04-14 06:46:07',101),(288,'订单详情',1,'com.ruoyi.system.controller.OrderDetailController.add()','POST',1,'admin','研发部门','/system/detail','127.0.0.1','内网IP','{\"orderId\":21,\"params\":{},\"productId\":4,\"quantity\":2}',NULL,1,'\n### Error updating database.  Cause: java.sql.SQLException: Field \'price\' doesn\'t have a default value\n### The error may exist in URL [jar:file:/Users/lingluo/Documents/project/hxx3/RuoYi-Vue/ruoyi-admin/target/ruoyi-admin.jar!/BOOT-INF/lib/ruoyi-system-3.8.9.jar!/mapper/system/OrderDetailMapper.xml]\n### The error may involve com.ruoyi.system.mapper.OrderDetailMapper.insertOrderDetail-Inline\n### The error occurred while setting parameters\n### SQL: insert into order_detail          ( order_id,             product_id,             quantity )           values ( ?,             ?,             ? )\n### Cause: java.sql.SQLException: Field \'price\' doesn\'t have a default value\n; Field \'price\' doesn\'t have a default value; nested exception is java.sql.SQLException: Field \'price\' doesn\'t have a default value','2025-04-14 06:46:07',296),(289,'订单详情',1,'com.ruoyi.system.controller.OrderDetailController.add()','POST',1,'admin','研发部门','/system/detail','127.0.0.1','内网IP','{\"orderId\":21,\"params\":{},\"productId\":2,\"quantity\":5}',NULL,1,'\n### Error updating database.  Cause: java.sql.SQLException: Field \'price\' doesn\'t have a default value\n### The error may exist in URL [jar:file:/Users/lingluo/Documents/project/hxx3/RuoYi-Vue/ruoyi-admin/target/ruoyi-admin.jar!/BOOT-INF/lib/ruoyi-system-3.8.9.jar!/mapper/system/OrderDetailMapper.xml]\n### The error may involve com.ruoyi.system.mapper.OrderDetailMapper.insertOrderDetail-Inline\n### The error occurred while setting parameters\n### SQL: insert into order_detail          ( order_id,             product_id,             quantity )           values ( ?,             ?,             ? )\n### Cause: java.sql.SQLException: Field \'price\' doesn\'t have a default value\n; Field \'price\' doesn\'t have a default value; nested exception is java.sql.SQLException: Field \'price\' doesn\'t have a default value','2025-04-14 06:46:07',296),(290,'订单详情',1,'com.ruoyi.system.controller.OrderDetailController.add()','POST',1,'admin','研发部门','/system/detail','127.0.0.1','内网IP','{\"orderId\":21,\"params\":{},\"productId\":3,\"quantity\":4}',NULL,1,'\n### Error updating database.  Cause: java.sql.SQLException: Field \'price\' doesn\'t have a default value\n### The error may exist in URL [jar:file:/Users/lingluo/Documents/project/hxx3/RuoYi-Vue/ruoyi-admin/target/ruoyi-admin.jar!/BOOT-INF/lib/ruoyi-system-3.8.9.jar!/mapper/system/OrderDetailMapper.xml]\n### The error may involve com.ruoyi.system.mapper.OrderDetailMapper.insertOrderDetail-Inline\n### The error occurred while setting parameters\n### SQL: insert into order_detail          ( order_id,             product_id,             quantity )           values ( ?,             ?,             ? )\n### Cause: java.sql.SQLException: Field \'price\' doesn\'t have a default value\n; Field \'price\' doesn\'t have a default value; nested exception is java.sql.SQLException: Field \'price\' doesn\'t have a default value','2025-04-14 06:46:07',296),(291,'订单',1,'com.ruoyi.system.controller.OrderController.add()','POST',1,'admin','研发部门','/system/order','127.0.0.1','内网IP','{\"orderId\":22,\"params\":{},\"totalAmount\":78,\"userId\":1}','{\"msg\":\"订单创建成功\",\"code\":200,\"data\":{\"orderId\":22}}',0,NULL,'2025-04-14 06:52:22',23),(292,'订单详情',1,'com.ruoyi.system.controller.OrderDetailController.add()','POST',1,'admin','研发部门','/system/detail','127.0.0.1','内网IP','{\"detailId\":1,\"orderId\":22,\"params\":{},\"price\":8,\"productId\":2,\"quantity\":5}','{\"msg\":\"操作成功\",\"code\":200}',0,NULL,'2025-04-14 06:52:24',29),(293,'订单详情',1,'com.ruoyi.system.controller.OrderDetailController.add()','POST',1,'admin','研发部门','/system/detail','127.0.0.1','内网IP','{\"detailId\":2,\"orderId\":22,\"params\":{},\"price\":5,\"productId\":3,\"quantity\":4}','{\"msg\":\"操作成功\",\"code\":200}',0,NULL,'2025-04-14 06:52:24',27),(294,'订单详情',1,'com.ruoyi.system.controller.OrderDetailController.add()','POST',1,'admin','研发部门','/system/detail','127.0.0.1','内网IP','{\"detailId\":3,\"orderId\":22,\"params\":{},\"price\":9,\"productId\":4,\"quantity\":2}','{\"msg\":\"操作成功\",\"code\":200}',0,NULL,'2025-04-14 06:52:24',45),(295,'订单',3,'com.ruoyi.system.controller.OrderController.remove()','DELETE',1,'admin','研发部门','/system/order/16,17,18,19,20,21','127.0.0.1','内网IP','[16,17,18,19,20,21]','{\"msg\":\"操作成功\",\"code\":200}',0,NULL,'2025-04-14 06:52:57',31),(296,'订单',1,'com.ruoyi.system.controller.OrderController.add()','POST',1,'admin','研发部门','/system/order','127.0.0.1','内网IP','{\"orderId\":23,\"params\":{},\"totalAmount\":78,\"userId\":1}','{\"msg\":\"订单创建成功\",\"code\":200,\"data\":{\"orderId\":23}}',0,NULL,'2025-04-14 06:53:05',11),(297,'订单详情',1,'com.ruoyi.system.controller.OrderDetailController.add()','POST',1,'admin','研发部门','/system/detail','127.0.0.1','内网IP','{\"detailId\":4,\"orderId\":23,\"params\":{},\"price\":5,\"productId\":3,\"quantity\":4}','{\"msg\":\"操作成功\",\"code\":200}',0,NULL,'2025-04-14 06:53:07',29),(298,'订单详情',1,'com.ruoyi.system.controller.OrderDetailController.add()','POST',1,'admin','研发部门','/system/detail','127.0.0.1','内网IP','{\"detailId\":6,\"orderId\":23,\"params\":{},\"price\":8,\"productId\":2,\"quantity\":5}','{\"msg\":\"操作成功\",\"code\":200}',0,NULL,'2025-04-14 06:53:07',70),(299,'订单详情',1,'com.ruoyi.system.controller.OrderDetailController.add()','POST',1,'admin','研发部门','/system/detail','127.0.0.1','内网IP','{\"detailId\":5,\"orderId\":23,\"params\":{},\"price\":9,\"productId\":4,\"quantity\":2}','{\"msg\":\"操作成功\",\"code\":200}',0,NULL,'2025-04-14 06:53:07',64),(300,'订单',1,'com.ruoyi.system.controller.OrderController.add()','POST',1,'admin','研发部门','/system/order','127.0.0.1','内网IP','{\"orderId\":24,\"params\":{},\"totalAmount\":78,\"userId\":1}','{\"msg\":\"订单创建成功\",\"code\":200,\"data\":{\"orderId\":24}}',0,NULL,'2025-04-14 06:53:54',13),(301,'订单详情',1,'com.ruoyi.system.controller.OrderDetailController.add()','POST',1,'admin','研发部门','/system/detail','127.0.0.1','内网IP','{\"detailId\":8,\"orderId\":24,\"params\":{},\"price\":9,\"productId\":4,\"quantity\":2}','{\"msg\":\"操作成功\",\"code\":200}',0,NULL,'2025-04-14 06:53:56',18),(302,'订单详情',1,'com.ruoyi.system.controller.OrderDetailController.add()','POST',1,'admin','研发部门','/system/detail','127.0.0.1','内网IP','{\"detailId\":9,\"orderId\":24,\"params\":{},\"price\":5,\"productId\":3,\"quantity\":4}','{\"msg\":\"操作成功\",\"code\":200}',0,NULL,'2025-04-14 06:53:56',14),(303,'订单详情',1,'com.ruoyi.system.controller.OrderDetailController.add()','POST',1,'admin','研发部门','/system/detail','127.0.0.1','内网IP','{\"detailId\":7,\"orderId\":24,\"params\":{},\"price\":8,\"productId\":2,\"quantity\":5}','{\"msg\":\"操作成功\",\"code\":200}',0,NULL,'2025-04-14 06:53:56',19),(304,'订单',1,'com.ruoyi.system.controller.OrderController.add()','POST',1,'admin','研发部门','/system/order','127.0.0.1','内网IP','{\"orderId\":25,\"params\":{},\"totalAmount\":78,\"userId\":1}','{\"msg\":\"订单创建成功\",\"code\":200,\"data\":{\"orderId\":25}}',0,NULL,'2025-04-14 06:55:41',237),(305,'订单详情',1,'com.ruoyi.system.controller.OrderDetailController.add()','POST',1,'admin','研发部门','/system/detail','127.0.0.1','内网IP','{\"detailId\":10,\"orderId\":25,\"params\":{},\"price\":8,\"productId\":2,\"quantity\":5}','{\"msg\":\"操作成功\",\"code\":200}',0,NULL,'2025-04-14 06:55:41',28),(306,'订单详情',1,'com.ruoyi.system.controller.OrderDetailController.add()','POST',1,'admin','研发部门','/system/detail','127.0.0.1','内网IP','{\"detailId\":11,\"orderId\":25,\"params\":{},\"price\":5,\"productId\":3,\"quantity\":4}','{\"msg\":\"操作成功\",\"code\":200}',0,NULL,'2025-04-14 06:55:42',47),(307,'订单详情',1,'com.ruoyi.system.controller.OrderDetailController.add()','POST',1,'admin','研发部门','/system/detail','127.0.0.1','内网IP','{\"detailId\":12,\"orderId\":25,\"params\":{},\"price\":9,\"productId\":4,\"quantity\":2}','{\"msg\":\"操作成功\",\"code\":200}',0,NULL,'2025-04-14 06:55:42',53),(308,'订单',1,'com.ruoyi.system.controller.OrderController.add()','POST',1,'admin','研发部门','/system/order','127.0.0.1','内网IP','{\"orderId\":26,\"params\":{},\"totalAmount\":78,\"userId\":1}','{\"msg\":\"订单创建成功\",\"code\":200,\"data\":{\"orderId\":26}}',0,NULL,'2025-04-14 06:56:09',22),(309,'订单详情',1,'com.ruoyi.system.controller.OrderDetailController.add()','POST',1,'admin','研发部门','/system/detail','127.0.0.1','内网IP','{\"detailId\":13,\"orderId\":26,\"params\":{},\"price\":5,\"productId\":3,\"quantity\":4}','{\"msg\":\"操作成功\",\"code\":200}',0,NULL,'2025-04-14 06:56:12',35),(310,'订单详情',1,'com.ruoyi.system.controller.OrderDetailController.add()','POST',1,'admin','研发部门','/system/detail','127.0.0.1','内网IP','{\"detailId\":14,\"orderId\":26,\"params\":{},\"price\":9,\"productId\":4,\"quantity\":2}','{\"msg\":\"操作成功\",\"code\":200}',0,NULL,'2025-04-14 06:56:12',46),(311,'订单详情',1,'com.ruoyi.system.controller.OrderDetailController.add()','POST',1,'admin','研发部门','/system/detail','127.0.0.1','内网IP','{\"detailId\":15,\"orderId\":26,\"params\":{},\"price\":8,\"productId\":2,\"quantity\":5}','{\"msg\":\"操作成功\",\"code\":200}',0,NULL,'2025-04-14 06:56:12',46),(312,'订单',1,'com.ruoyi.system.controller.OrderController.add()','POST',1,'admin','研发部门','/system/order','127.0.0.1','内网IP','{\"orderId\":27,\"params\":{},\"totalAmount\":78,\"userId\":1}','{\"msg\":\"订单创建成功\",\"code\":200,\"data\":{\"orderId\":27}}',0,NULL,'2025-04-14 06:58:27',30),(313,'订单详情',1,'com.ruoyi.system.controller.OrderDetailController.add()','POST',1,'admin','研发部门','/system/detail','127.0.0.1','内网IP','{\"detailId\":16,\"orderId\":27,\"params\":{},\"price\":8,\"productId\":2,\"quantity\":5}','{\"msg\":\"操作成功\",\"code\":200}',0,NULL,'2025-04-14 06:58:29',110),(314,'订单详情',1,'com.ruoyi.system.controller.OrderDetailController.add()','POST',1,'admin','研发部门','/system/detail','127.0.0.1','内网IP','{\"detailId\":17,\"orderId\":27,\"params\":{},\"price\":5,\"productId\":3,\"quantity\":4}','{\"msg\":\"操作成功\",\"code\":200}',0,NULL,'2025-04-14 06:58:29',269),(315,'订单详情',1,'com.ruoyi.system.controller.OrderDetailController.add()','POST',1,'admin','研发部门','/system/detail','127.0.0.1','内网IP','{\"detailId\":18,\"orderId\":27,\"params\":{},\"price\":9,\"productId\":4,\"quantity\":2}','{\"msg\":\"操作成功\",\"code\":200}',0,NULL,'2025-04-14 06:58:29',266),(316,'订单',1,'com.ruoyi.system.controller.OrderController.add()','POST',1,'admin','研发部门','/system/order','127.0.0.1','内网IP','{\"orderId\":28,\"params\":{},\"totalAmount\":78,\"userId\":1}','{\"msg\":\"订单创建成功\",\"code\":200,\"data\":{\"orderId\":28}}',0,NULL,'2025-04-14 06:58:46',13),(317,'订单详情',1,'com.ruoyi.system.controller.OrderDetailController.add()','POST',1,'admin','研发部门','/system/detail','127.0.0.1','内网IP','{\"detailId\":21,\"orderId\":28,\"params\":{},\"price\":9,\"productId\":4,\"quantity\":2}','{\"msg\":\"操作成功\",\"code\":200}',0,NULL,'2025-04-14 06:58:50',63),(318,'订单详情',1,'com.ruoyi.system.controller.OrderDetailController.add()','POST',1,'admin','研发部门','/system/detail','127.0.0.1','内网IP','{\"detailId\":20,\"orderId\":28,\"params\":{},\"price\":5,\"productId\":3,\"quantity\":4}','{\"msg\":\"操作成功\",\"code\":200}',0,NULL,'2025-04-14 06:58:50',63),(319,'订单详情',1,'com.ruoyi.system.controller.OrderDetailController.add()','POST',1,'admin','研发部门','/system/detail','127.0.0.1','内网IP','{\"detailId\":19,\"orderId\":28,\"params\":{},\"price\":8,\"productId\":2,\"quantity\":5}','{\"msg\":\"操作成功\",\"code\":200}',0,NULL,'2025-04-14 06:58:50',63),(320,'订单',1,'com.ruoyi.system.controller.OrderController.add()','POST',1,'admin','研发部门','/system/order','127.0.0.1','内网IP','{\"orderId\":29,\"params\":{},\"totalAmount\":78,\"userId\":1}','{\"msg\":\"订单创建成功\",\"code\":200,\"data\":{\"orderId\":29}}',0,NULL,'2025-04-14 07:02:03',23),(321,'订单详情',1,'com.ruoyi.system.controller.OrderDetailController.add()','POST',1,'admin','研发部门','/system/detail','127.0.0.1','内网IP','{\"detailId\":22,\"orderId\":29,\"params\":{},\"price\":5,\"productId\":3,\"quantity\":4}','{\"msg\":\"操作成功\",\"code\":200}',0,NULL,'2025-04-14 07:02:05',201),(322,'订单详情',1,'com.ruoyi.system.controller.OrderDetailController.add()','POST',1,'admin','研发部门','/system/detail','127.0.0.1','内网IP','{\"detailId\":24,\"orderId\":29,\"params\":{},\"price\":8,\"productId\":2,\"quantity\":5}','{\"msg\":\"操作成功\",\"code\":200}',0,NULL,'2025-04-14 07:02:05',200),(323,'订单详情',1,'com.ruoyi.system.controller.OrderDetailController.add()','POST',1,'admin','研发部门','/system/detail','127.0.0.1','内网IP','{\"detailId\":23,\"orderId\":29,\"params\":{},\"price\":9,\"productId\":4,\"quantity\":2}','{\"msg\":\"操作成功\",\"code\":200}',0,NULL,'2025-04-14 07:02:05',185),(324,'订单',1,'com.ruoyi.system.controller.OrderController.add()','POST',1,'admin','研发部门','/system/order','127.0.0.1','内网IP','{\"orderId\":30,\"params\":{},\"totalAmount\":78,\"userId\":1}','{\"msg\":\"订单创建成功\",\"code\":200,\"data\":{\"orderId\":30}}',0,NULL,'2025-04-14 07:04:26',15),(325,'订单详情',1,'com.ruoyi.system.controller.OrderDetailController.add()','POST',1,'admin','研发部门','/system/detail','127.0.0.1','内网IP','{\"detailId\":25,\"orderId\":30,\"params\":{},\"price\":8,\"productId\":2,\"quantity\":5}','{\"msg\":\"操作成功\",\"code\":200}',0,NULL,'2025-04-14 07:04:28',138),(326,'订单详情',1,'com.ruoyi.system.controller.OrderDetailController.add()','POST',1,'admin','研发部门','/system/detail','127.0.0.1','内网IP','{\"detailId\":27,\"orderId\":30,\"params\":{},\"price\":5,\"productId\":3,\"quantity\":4}','{\"msg\":\"操作成功\",\"code\":200}',0,NULL,'2025-04-14 07:04:28',187),(327,'订单详情',1,'com.ruoyi.system.controller.OrderDetailController.add()','POST',1,'admin','研发部门','/system/detail','127.0.0.1','内网IP','{\"detailId\":26,\"orderId\":30,\"params\":{},\"price\":9,\"productId\":4,\"quantity\":2}','{\"msg\":\"操作成功\",\"code\":200}',0,NULL,'2025-04-14 07:04:28',194),(328,'订单',1,'com.ruoyi.system.controller.OrderController.add()','POST',1,'admin','研发部门','/system/order','127.0.0.1','内网IP','{\"orderId\":31,\"params\":{},\"totalAmount\":78,\"userId\":1}','{\"msg\":\"订单创建成功\",\"code\":200,\"data\":{\"orderId\":31}}',0,NULL,'2025-04-14 07:04:30',19),(329,'订单详情',1,'com.ruoyi.system.controller.OrderDetailController.add()','POST',1,'admin','研发部门','/system/detail','127.0.0.1','内网IP','{\"detailId\":28,\"orderId\":31,\"params\":{},\"price\":8,\"productId\":2,\"quantity\":5}','{\"msg\":\"操作成功\",\"code\":200}',0,NULL,'2025-04-14 07:04:37',106),(330,'订单详情',1,'com.ruoyi.system.controller.OrderDetailController.add()','POST',1,'admin','研发部门','/system/detail','127.0.0.1','内网IP','{\"detailId\":30,\"orderId\":31,\"params\":{},\"price\":5,\"productId\":3,\"quantity\":4}','{\"msg\":\"操作成功\",\"code\":200}',0,NULL,'2025-04-14 07:04:37',110),(331,'订单详情',1,'com.ruoyi.system.controller.OrderDetailController.add()','POST',1,'admin','研发部门','/system/detail','127.0.0.1','内网IP','{\"detailId\":29,\"orderId\":31,\"params\":{},\"price\":9,\"productId\":4,\"quantity\":2}','{\"msg\":\"操作成功\",\"code\":200}',0,NULL,'2025-04-14 07:04:37',105),(332,'订单',1,'com.ruoyi.system.controller.OrderController.add()','POST',1,'admin','研发部门','/system/order','127.0.0.1','内网IP','{\"orderId\":32,\"params\":{},\"totalAmount\":78,\"userId\":1}','{\"msg\":\"订单创建成功\",\"code\":200,\"data\":{\"orderId\":32}}',0,NULL,'2025-04-14 07:04:46',18),(333,'订单详情',1,'com.ruoyi.system.controller.OrderDetailController.add()','POST',1,'admin','研发部门','/system/detail','127.0.0.1','内网IP','{\"detailId\":31,\"orderId\":32,\"params\":{},\"price\":8,\"productId\":2,\"quantity\":5}','{\"msg\":\"操作成功\",\"code\":200}',0,NULL,'2025-04-14 07:04:52',224),(334,'订单详情',1,'com.ruoyi.system.controller.OrderDetailController.add()','POST',1,'admin','研发部门','/system/detail','127.0.0.1','内网IP','{\"detailId\":32,\"orderId\":32,\"params\":{},\"price\":9,\"productId\":4,\"quantity\":2}','{\"msg\":\"操作成功\",\"code\":200}',0,NULL,'2025-04-14 07:04:52',224),(335,'订单详情',1,'com.ruoyi.system.controller.OrderDetailController.add()','POST',1,'admin','研发部门','/system/detail','127.0.0.1','内网IP','{\"detailId\":33,\"orderId\":32,\"params\":{},\"price\":5,\"productId\":3,\"quantity\":4}','{\"msg\":\"操作成功\",\"code\":200}',0,NULL,'2025-04-14 07:04:52',224),(336,'订单',1,'com.ruoyi.system.controller.OrderController.add()','POST',1,'admin','研发部门','/system/order','127.0.0.1','内网IP','{\"orderId\":33,\"params\":{},\"totalAmount\":78,\"userId\":1}','{\"msg\":\"订单创建成功\",\"code\":200,\"data\":{\"orderId\":33}}',0,NULL,'2025-04-14 07:09:39',44),(337,'订单',1,'com.ruoyi.system.controller.OrderController.add()','POST',1,'admin','研发部门','/system/order','127.0.0.1','内网IP','{\"orderId\":34,\"params\":{},\"totalAmount\":78,\"userId\":1}','{\"msg\":\"订单创建成功\",\"code\":200,\"data\":{\"orderId\":34}}',0,NULL,'2025-04-14 07:10:03',32),(338,'订单详情',1,'com.ruoyi.system.controller.OrderDetailController.add()','POST',1,'admin','研发部门','/system/detail','127.0.0.1','内网IP','{\"detailId\":36,\"orderId\":34,\"params\":{},\"price\":8,\"productId\":2,\"quantity\":5}','{\"msg\":\"操作成功\",\"code\":200}',0,NULL,'2025-04-14 07:10:03',33),(339,'订单详情',1,'com.ruoyi.system.controller.OrderDetailController.add()','POST',1,'admin','研发部门','/system/detail','127.0.0.1','内网IP','{\"detailId\":34,\"orderId\":34,\"params\":{},\"price\":9,\"productId\":4,\"quantity\":2}','{\"msg\":\"操作成功\",\"code\":200}',0,NULL,'2025-04-14 07:10:03',31),(340,'订单详情',1,'com.ruoyi.system.controller.OrderDetailController.add()','POST',1,'admin','研发部门','/system/detail','127.0.0.1','内网IP','{\"detailId\":35,\"orderId\":34,\"params\":{},\"price\":5,\"productId\":3,\"quantity\":4}','{\"msg\":\"操作成功\",\"code\":200}',0,NULL,'2025-04-14 07:10:03',33),(341,'订单',1,'com.ruoyi.system.controller.OrderController.add()','POST',1,'admin','研发部门','/system/order','127.0.0.1','内网IP','{\"orderId\":35,\"params\":{},\"totalAmount\":78,\"userId\":1}','{\"msg\":\"订单创建成功\",\"code\":200,\"data\":{\"orderId\":35}}',0,NULL,'2025-04-14 07:10:10',25),(342,'订单详情',1,'com.ruoyi.system.controller.OrderDetailController.add()','POST',1,'admin','研发部门','/system/detail','127.0.0.1','内网IP','{\"detailId\":38,\"orderId\":35,\"params\":{},\"price\":8,\"productId\":2,\"quantity\":5}','{\"msg\":\"操作成功\",\"code\":200}',0,NULL,'2025-04-14 07:10:10',12),(343,'订单详情',1,'com.ruoyi.system.controller.OrderDetailController.add()','POST',1,'admin','研发部门','/system/detail','127.0.0.1','内网IP','{\"detailId\":37,\"orderId\":35,\"params\":{},\"price\":9,\"productId\":4,\"quantity\":2}','{\"msg\":\"操作成功\",\"code\":200}',0,NULL,'2025-04-14 07:10:10',16),(344,'订单详情',1,'com.ruoyi.system.controller.OrderDetailController.add()','POST',1,'admin','研发部门','/system/detail','127.0.0.1','内网IP','{\"detailId\":39,\"orderId\":35,\"params\":{},\"price\":5,\"productId\":3,\"quantity\":4}','{\"msg\":\"操作成功\",\"code\":200}',0,NULL,'2025-04-14 07:10:10',18),(345,'订单',1,'com.ruoyi.system.controller.OrderController.add()','POST',1,'admin','研发部门','/system/order','127.0.0.1','内网IP','{\"orderId\":36,\"params\":{},\"totalAmount\":78,\"userId\":1}','{\"msg\":\"订单创建成功\",\"code\":200,\"data\":{\"orderId\":36}}',0,NULL,'2025-04-14 07:13:34',24),(346,'订单',1,'com.ruoyi.system.controller.OrderController.add()','POST',1,'admin','研发部门','/system/order','127.0.0.1','内网IP','{\"orderId\":37,\"params\":{},\"totalAmount\":78,\"userId\":1}','{\"msg\":\"订单创建成功\",\"code\":200,\"data\":{\"orderId\":37}}',0,NULL,'2025-04-14 07:13:42',20),(347,'订单',1,'com.ruoyi.system.controller.OrderController.add()','POST',1,'admin','研发部门','/system/order','127.0.0.1','内网IP','{\"orderId\":38,\"params\":{},\"totalAmount\":78,\"userId\":1}','{\"msg\":\"订单创建成功\",\"code\":200,\"data\":{\"orderId\":38}}',0,NULL,'2025-04-14 07:14:06',29),(348,'订单',1,'com.ruoyi.system.controller.OrderController.add()','POST',1,'admin','研发部门','/system/order','127.0.0.1','内网IP','{\"orderId\":39,\"params\":{},\"totalAmount\":78,\"userId\":1}','{\"msg\":\"订单创建成功\",\"code\":200,\"data\":{\"orderId\":39}}',0,NULL,'2025-04-14 07:14:36',19),(349,'订单详情',1,'com.ruoyi.system.controller.OrderDetailController.add()','POST',1,'admin','研发部门','/system/detail','127.0.0.1','内网IP','{\"detailId\":40,\"orderId\":39,\"params\":{},\"price\":8,\"productId\":2,\"quantity\":5}','{\"msg\":\"操作成功\",\"code\":200}',0,NULL,'2025-04-14 07:14:36',16),(350,'订单详情',1,'com.ruoyi.system.controller.OrderDetailController.add()','POST',1,'admin','研发部门','/system/detail','127.0.0.1','内网IP','{\"detailId\":41,\"orderId\":39,\"params\":{},\"price\":5,\"productId\":3,\"quantity\":4}','{\"msg\":\"操作成功\",\"code\":200}',0,NULL,'2025-04-14 07:14:36',17),(351,'订单详情',1,'com.ruoyi.system.controller.OrderDetailController.add()','POST',1,'admin','研发部门','/system/detail','127.0.0.1','内网IP','{\"detailId\":42,\"orderId\":39,\"params\":{},\"price\":9,\"productId\":4,\"quantity\":2}','{\"msg\":\"操作成功\",\"code\":200}',0,NULL,'2025-04-14 07:14:36',20),(352,'购物车',3,'com.ruoyi.system.controller.CartController.remove()','DELETE',1,'admin','研发部门','/system/cart/1','127.0.0.1','内网IP','[1]','{\"msg\":\"操作成功\",\"code\":200}',0,NULL,'2025-04-14 07:14:47',71),(353,'订单',1,'com.ruoyi.system.controller.OrderController.add()','POST',1,'admin','研发部门','/system/order','127.0.0.1','内网IP','{\"orderId\":40,\"params\":{},\"totalAmount\":38,\"userId\":1}','{\"msg\":\"订单创建成功\",\"code\":200,\"data\":{\"orderId\":40}}',0,NULL,'2025-04-14 07:15:52',39),(354,'订单详情',1,'com.ruoyi.system.controller.OrderDetailController.add()','POST',1,'admin','研发部门','/system/detail','127.0.0.1','内网IP','{\"detailId\":43,\"orderId\":40,\"params\":{},\"price\":5,\"productId\":3,\"quantity\":4}','{\"msg\":\"操作成功\",\"code\":200}',0,NULL,'2025-04-14 07:15:52',24),(355,'订单详情',1,'com.ruoyi.system.controller.OrderDetailController.add()','POST',1,'admin','研发部门','/system/detail','127.0.0.1','内网IP','{\"detailId\":44,\"orderId\":40,\"params\":{},\"price\":9,\"productId\":4,\"quantity\":2}','{\"msg\":\"操作成功\",\"code\":200}',0,NULL,'2025-04-14 07:15:52',27),(356,'购物车',3,'com.ruoyi.system.controller.CartController.remove()','DELETE',1,'admin','研发部门','/system/cart/6','127.0.0.1','内网IP','[6]','{\"msg\":\"操作成功\",\"code\":200}',0,NULL,'2025-04-14 07:15:56',18),(357,'购物车',1,'com.ruoyi.system.controller.CartController.add()','POST',1,'admin','研发部门','/system/cart','127.0.0.1','内网IP','{\"cartId\":10,\"params\":{},\"productId\":3,\"quantity\":1,\"userId\":1}','{\"msg\":\"操作成功\",\"code\":200}',0,NULL,'2025-04-14 07:17:36',56),(358,'购物车',1,'com.ruoyi.system.controller.CartController.add()','POST',1,'admin','研发部门','/system/cart','127.0.0.1','内网IP','{\"cartId\":9,\"params\":{},\"productId\":3,\"quantity\":1,\"userId\":1}','{\"msg\":\"操作成功\",\"code\":200}',0,NULL,'2025-04-14 07:17:36',53),(359,'购物车',2,'com.ruoyi.system.controller.CartController.edit()','PUT',1,'admin','研发部门','/system/cart','127.0.0.1','内网IP','{\"addedAt\":\"2025-04-14\",\"cartId\":8,\"params\":{},\"productId\":4,\"quantity\":3,\"userId\":1}','{\"msg\":\"操作成功\",\"code\":200}',0,NULL,'2025-04-14 07:17:39',10),(360,'订单',1,'com.ruoyi.system.controller.OrderController.add()','POST',1,'admin','研发部门','/system/order','127.0.0.1','内网IP','{\"orderId\":41,\"params\":{},\"totalAmount\":37,\"userId\":1}','{\"msg\":\"订单创建成功\",\"code\":200,\"data\":{\"orderId\":41}}',0,NULL,'2025-04-14 07:17:45',18),(361,'订单详情',1,'com.ruoyi.system.controller.OrderDetailController.add()','POST',1,'admin','研发部门','/system/detail','127.0.0.1','内网IP','{\"detailId\":47,\"orderId\":41,\"params\":{},\"price\":9,\"productId\":4,\"quantity\":3}','{\"msg\":\"操作成功\",\"code\":200}',0,NULL,'2025-04-14 07:17:45',13),(362,'订单详情',1,'com.ruoyi.system.controller.OrderDetailController.add()','POST',1,'admin','研发部门','/system/detail','127.0.0.1','内网IP','{\"detailId\":46,\"orderId\":41,\"params\":{},\"price\":5,\"productId\":3,\"quantity\":1}','{\"msg\":\"操作成功\",\"code\":200}',0,NULL,'2025-04-14 07:17:45',13),(363,'订单详情',1,'com.ruoyi.system.controller.OrderDetailController.add()','POST',1,'admin','研发部门','/system/detail','127.0.0.1','内网IP','{\"detailId\":45,\"orderId\":41,\"params\":{},\"price\":5,\"productId\":3,\"quantity\":1}','{\"msg\":\"操作成功\",\"code\":200}',0,NULL,'2025-04-14 07:17:45',11),(364,'订单',1,'com.ruoyi.system.controller.OrderController.add()','POST',1,'admin','研发部门','/system/order','127.0.0.1','内网IP','{\"orderId\":42,\"params\":{},\"totalAmount\":37,\"userId\":1}','{\"msg\":\"订单创建成功\",\"code\":200,\"data\":{\"orderId\":42}}',0,NULL,'2025-04-14 07:18:27',21),(365,'订单详情',1,'com.ruoyi.system.controller.OrderDetailController.add()','POST',1,'admin','研发部门','/system/detail','127.0.0.1','内网IP','{\"detailId\":48,\"orderId\":42,\"params\":{},\"price\":5,\"productId\":3,\"quantity\":1}','{\"msg\":\"操作成功\",\"code\":200}',0,NULL,'2025-04-14 07:18:27',10),(366,'订单详情',1,'com.ruoyi.system.controller.OrderDetailController.add()','POST',1,'admin','研发部门','/system/detail','127.0.0.1','内网IP','{\"detailId\":49,\"orderId\":42,\"params\":{},\"price\":9,\"productId\":4,\"quantity\":3}','{\"msg\":\"操作成功\",\"code\":200}',0,NULL,'2025-04-14 07:18:27',10),(367,'订单详情',1,'com.ruoyi.system.controller.OrderDetailController.add()','POST',1,'admin','研发部门','/system/detail','127.0.0.1','内网IP','{\"detailId\":50,\"orderId\":42,\"params\":{},\"price\":5,\"productId\":3,\"quantity\":1}','{\"msg\":\"操作成功\",\"code\":200}',0,NULL,'2025-04-14 07:18:27',12),(368,'订单',1,'com.ruoyi.system.controller.OrderController.add()','POST',1,'admin','研发部门','/system/order','127.0.0.1','内网IP','{\"orderId\":43,\"params\":{},\"totalAmount\":37,\"userId\":1}','{\"msg\":\"订单创建成功\",\"code\":200,\"data\":{\"orderId\":43}}',0,NULL,'2025-04-14 07:20:12',56),(369,'订单详情',1,'com.ruoyi.system.controller.OrderDetailController.add()','POST',1,'admin','研发部门','/system/detail','127.0.0.1','内网IP','{\"detailId\":52,\"orderId\":43,\"params\":{},\"price\":9,\"productId\":4,\"quantity\":3}','{\"msg\":\"操作成功\",\"code\":200}',0,NULL,'2025-04-14 07:20:12',14),(370,'订单详情',1,'com.ruoyi.system.controller.OrderDetailController.add()','POST',1,'admin','研发部门','/system/detail','127.0.0.1','内网IP','{\"detailId\":53,\"orderId\":43,\"params\":{},\"price\":5,\"productId\":3,\"quantity\":1}','{\"msg\":\"操作成功\",\"code\":200}',0,NULL,'2025-04-14 07:20:12',12),(371,'订单详情',1,'com.ruoyi.system.controller.OrderDetailController.add()','POST',1,'admin','研发部门','/system/detail','127.0.0.1','内网IP','{\"detailId\":51,\"orderId\":43,\"params\":{},\"price\":5,\"productId\":3,\"quantity\":1}','{\"msg\":\"操作成功\",\"code\":200}',0,NULL,'2025-04-14 07:20:12',14),(372,'订单',1,'com.ruoyi.system.controller.OrderController.add()','POST',1,'admin','研发部门','/system/order','127.0.0.1','内网IP','{\"orderId\":44,\"params\":{},\"totalAmount\":37,\"userId\":1}','{\"msg\":\"订单创建成功\",\"code\":200,\"data\":{\"orderId\":44}}',0,NULL,'2025-04-14 07:21:00',20),(373,'订单详情',1,'com.ruoyi.system.controller.OrderDetailController.add()','POST',1,'admin','研发部门','/system/detail','127.0.0.1','内网IP','{\"detailId\":54,\"orderId\":44,\"params\":{},\"price\":9,\"productId\":4,\"quantity\":3}','{\"msg\":\"操作成功\",\"code\":200}',0,NULL,'2025-04-14 07:21:00',9),(374,'订单详情',1,'com.ruoyi.system.controller.OrderDetailController.add()','POST',1,'admin','研发部门','/system/detail','127.0.0.1','内网IP','{\"detailId\":55,\"orderId\":44,\"params\":{},\"price\":5,\"productId\":3,\"quantity\":1}','{\"msg\":\"操作成功\",\"code\":200}',0,NULL,'2025-04-14 07:21:00',19),(375,'订单详情',1,'com.ruoyi.system.controller.OrderDetailController.add()','POST',1,'admin','研发部门','/system/detail','127.0.0.1','内网IP','{\"detailId\":56,\"orderId\":44,\"params\":{},\"price\":5,\"productId\":3,\"quantity\":1}','{\"msg\":\"操作成功\",\"code\":200}',0,NULL,'2025-04-14 07:21:00',24),(376,'订单',1,'com.ruoyi.system.controller.OrderController.add()','POST',1,'admin','研发部门','/system/order','127.0.0.1','内网IP','{\"orderId\":45,\"params\":{},\"totalAmount\":37,\"userId\":1}','{\"msg\":\"订单创建成功\",\"code\":200,\"data\":{\"orderId\":45}}',0,NULL,'2025-04-14 07:22:14',38),(377,'订单详情',1,'com.ruoyi.system.controller.OrderDetailController.add()','POST',1,'admin','研发部门','/system/detail','127.0.0.1','内网IP','{\"detailId\":57,\"orderId\":45,\"params\":{},\"price\":5,\"productId\":3,\"quantity\":1}','{\"msg\":\"操作成功\",\"code\":200}',0,NULL,'2025-04-14 07:22:14',49),(378,'订单详情',1,'com.ruoyi.system.controller.OrderDetailController.add()','POST',1,'admin','研发部门','/system/detail','127.0.0.1','内网IP','{\"detailId\":58,\"orderId\":45,\"params\":{},\"price\":5,\"productId\":3,\"quantity\":1}','{\"msg\":\"操作成功\",\"code\":200}',0,NULL,'2025-04-14 07:22:14',23),(379,'订单详情',1,'com.ruoyi.system.controller.OrderDetailController.add()','POST',1,'admin','研发部门','/system/detail','127.0.0.1','内网IP','{\"detailId\":59,\"orderId\":45,\"params\":{},\"price\":9,\"productId\":4,\"quantity\":3}','{\"msg\":\"操作成功\",\"code\":200}',0,NULL,'2025-04-14 07:22:14',50),(380,'订单',1,'com.ruoyi.system.controller.OrderController.add()','POST',1,'admin','研发部门','/system/order','127.0.0.1','内网IP','{\"orderId\":46,\"params\":{},\"totalAmount\":37,\"userId\":1}','{\"msg\":\"订单创建成功\",\"code\":200,\"data\":{\"orderId\":46}}',0,NULL,'2025-04-14 07:23:07',38),(381,'订单详情',1,'com.ruoyi.system.controller.OrderDetailController.add()','POST',1,'admin','研发部门','/system/detail','127.0.0.1','内网IP','{\"detailId\":60,\"orderId\":46,\"params\":{},\"price\":5,\"productId\":3,\"quantity\":1}','{\"msg\":\"操作成功\",\"code\":200}',0,NULL,'2025-04-14 07:23:07',50),(382,'订单详情',1,'com.ruoyi.system.controller.OrderDetailController.add()','POST',1,'admin','研发部门','/system/detail','127.0.0.1','内网IP','{\"detailId\":62,\"orderId\":46,\"params\":{},\"price\":5,\"productId\":3,\"quantity\":1}','{\"msg\":\"操作成功\",\"code\":200}',0,NULL,'2025-04-14 07:23:07',188),(383,'订单详情',1,'com.ruoyi.system.controller.OrderDetailController.add()','POST',1,'admin','研发部门','/system/detail','127.0.0.1','内网IP','{\"detailId\":61,\"orderId\":46,\"params\":{},\"price\":9,\"productId\":4,\"quantity\":3}','{\"msg\":\"操作成功\",\"code\":200}',0,NULL,'2025-04-14 07:23:07',206),(384,'订单',1,'com.ruoyi.system.controller.OrderController.add()','POST',1,'admin','研发部门','/system/order','127.0.0.1','内网IP','{\"orderId\":47,\"params\":{},\"totalAmount\":37,\"userId\":1}','{\"msg\":\"订单创建成功\",\"code\":200,\"data\":{\"orderId\":47}}',0,NULL,'2025-04-14 07:23:31',38),(385,'订单详情',1,'com.ruoyi.system.controller.OrderDetailController.add()','POST',1,'admin','研发部门','/system/detail','127.0.0.1','内网IP','{\"detailId\":63,\"orderId\":47,\"params\":{},\"price\":5,\"productId\":3,\"quantity\":1}','{\"msg\":\"操作成功\",\"code\":200}',0,NULL,'2025-04-14 07:23:31',54),(386,'订单详情',1,'com.ruoyi.system.controller.OrderDetailController.add()','POST',1,'admin','研发部门','/system/detail','127.0.0.1','内网IP','{\"detailId\":64,\"orderId\":47,\"params\":{},\"price\":9,\"productId\":4,\"quantity\":3}','{\"msg\":\"操作成功\",\"code\":200}',0,NULL,'2025-04-14 07:23:32',220),(387,'订单详情',1,'com.ruoyi.system.controller.OrderDetailController.add()','POST',1,'admin','研发部门','/system/detail','127.0.0.1','内网IP','{\"detailId\":65,\"orderId\":47,\"params\":{},\"price\":5,\"productId\":3,\"quantity\":1}','{\"msg\":\"操作成功\",\"code\":200}',0,NULL,'2025-04-14 07:23:32',333),(388,'订单',1,'com.ruoyi.system.controller.OrderController.add()','POST',1,'admin','研发部门','/system/order','127.0.0.1','内网IP','{\"orderId\":48,\"params\":{},\"totalAmount\":37,\"userId\":1}','{\"msg\":\"订单创建成功\",\"code\":200,\"data\":{\"orderId\":48}}',0,NULL,'2025-04-14 07:26:42',41),(389,'订单详情',1,'com.ruoyi.system.controller.OrderDetailController.add()','POST',1,'admin','研发部门','/system/detail','127.0.0.1','内网IP','{\"detailId\":66,\"orderId\":48,\"params\":{},\"price\":5,\"productId\":3,\"quantity\":1}','{\"msg\":\"操作成功\",\"code\":200}',0,NULL,'2025-04-14 07:26:42',64),(390,'订单详情',1,'com.ruoyi.system.controller.OrderDetailController.add()','POST',1,'admin','研发部门','/system/detail','127.0.0.1','内网IP','{\"detailId\":68,\"orderId\":48,\"params\":{},\"price\":9,\"productId\":4,\"quantity\":3}','{\"msg\":\"操作成功\",\"code\":200}',0,NULL,'2025-04-14 07:26:42',69),(391,'订单详情',1,'com.ruoyi.system.controller.OrderDetailController.add()','POST',1,'admin','研发部门','/system/detail','127.0.0.1','内网IP','{\"detailId\":67,\"orderId\":48,\"params\":{},\"price\":5,\"productId\":3,\"quantity\":1}','{\"msg\":\"操作成功\",\"code\":200}',0,NULL,'2025-04-14 07:26:42',69),(392,'订单',1,'com.ruoyi.system.controller.OrderController.add()','POST',1,'admin','研发部门','/system/order','127.0.0.1','内网IP','{\"orderId\":49,\"params\":{},\"totalAmount\":37,\"userId\":1}','{\"msg\":\"订单创建成功\",\"code\":200,\"data\":{\"orderId\":49}}',0,NULL,'2025-04-14 07:27:06',16),(393,'订单详情',1,'com.ruoyi.system.controller.OrderDetailController.add()','POST',1,'admin','研发部门','/system/detail','127.0.0.1','内网IP','{\"detailId\":69,\"orderId\":49,\"params\":{},\"price\":9,\"productId\":4,\"quantity\":3}','{\"msg\":\"操作成功\",\"code\":200}',0,NULL,'2025-04-14 07:27:06',15),(394,'订单详情',1,'com.ruoyi.system.controller.OrderDetailController.add()','POST',1,'admin','研发部门','/system/detail','127.0.0.1','内网IP','{\"detailId\":71,\"orderId\":49,\"params\":{},\"price\":5,\"productId\":3,\"quantity\":1}','{\"msg\":\"操作成功\",\"code\":200}',0,NULL,'2025-04-14 07:27:06',8),(395,'订单详情',1,'com.ruoyi.system.controller.OrderDetailController.add()','POST',1,'admin','研发部门','/system/detail','127.0.0.1','内网IP','{\"detailId\":70,\"orderId\":49,\"params\":{},\"price\":5,\"productId\":3,\"quantity\":1}','{\"msg\":\"操作成功\",\"code\":200}',0,NULL,'2025-04-14 07:27:06',9),(396,'订单',1,'com.ruoyi.system.controller.OrderController.add()','POST',1,'admin','研发部门','/system/order','127.0.0.1','内网IP','{\"orderId\":50,\"params\":{},\"totalAmount\":37,\"userId\":1}','{\"msg\":\"订单创建成功\",\"code\":200,\"data\":{\"orderId\":50}}',0,NULL,'2025-04-14 07:28:44',280),(397,'订单',1,'com.ruoyi.system.controller.OrderController.add()','POST',1,'admin','研发部门','/system/order','127.0.0.1','内网IP','{\"orderId\":51,\"params\":{},\"totalAmount\":37,\"userId\":1}','{\"msg\":\"订单创建成功\",\"code\":200,\"data\":{\"orderId\":51}}',0,NULL,'2025-04-14 07:28:50',15),(398,'订单详情',1,'com.ruoyi.system.controller.OrderDetailController.add()','POST',1,'admin','研发部门','/system/detail','127.0.0.1','内网IP','{\"detailId\":72,\"orderId\":51,\"params\":{},\"price\":5,\"productId\":3,\"quantity\":1}','{\"msg\":\"操作成功\",\"code\":200}',0,NULL,'2025-04-14 07:28:50',9),(399,'订单详情',1,'com.ruoyi.system.controller.OrderDetailController.add()','POST',1,'admin','研发部门','/system/detail','127.0.0.1','内网IP','{\"detailId\":74,\"orderId\":51,\"params\":{},\"price\":9,\"productId\":4,\"quantity\":3}','{\"msg\":\"操作成功\",\"code\":200}',0,NULL,'2025-04-14 07:28:50',12),(400,'订单详情',1,'com.ruoyi.system.controller.OrderDetailController.add()','POST',1,'admin','研发部门','/system/detail','127.0.0.1','内网IP','{\"detailId\":73,\"orderId\":51,\"params\":{},\"price\":5,\"productId\":3,\"quantity\":1}','{\"msg\":\"操作成功\",\"code\":200}',0,NULL,'2025-04-14 07:28:50',14),(401,'订单',1,'com.ruoyi.system.controller.OrderController.add()','POST',1,'admin','研发部门','/system/order','127.0.0.1','内网IP','{\"orderId\":52,\"params\":{},\"totalAmount\":37,\"userId\":1}','{\"msg\":\"订单创建成功\",\"code\":200,\"data\":{\"orderId\":52}}',0,NULL,'2025-04-14 07:30:18',37),(402,'订单详情',1,'com.ruoyi.system.controller.OrderDetailController.add()','POST',1,'admin','研发部门','/system/detail','127.0.0.1','内网IP','{\"detailId\":75,\"orderId\":52,\"params\":{},\"price\":9,\"productId\":4,\"quantity\":3}','{\"msg\":\"操作成功\",\"code\":200}',0,NULL,'2025-04-14 07:30:19',119),(403,'订单详情',1,'com.ruoyi.system.controller.OrderDetailController.add()','POST',1,'admin','研发部门','/system/detail','127.0.0.1','内网IP','{\"detailId\":76,\"orderId\":52,\"params\":{},\"price\":5,\"productId\":3,\"quantity\":1}','{\"msg\":\"操作成功\",\"code\":200}',0,NULL,'2025-04-14 07:30:19',118),(404,'订单详情',1,'com.ruoyi.system.controller.OrderDetailController.add()','POST',1,'admin','研发部门','/system/detail','127.0.0.1','内网IP','{\"detailId\":77,\"orderId\":52,\"params\":{},\"price\":5,\"productId\":3,\"quantity\":1}','{\"msg\":\"操作成功\",\"code\":200}',0,NULL,'2025-04-14 07:30:19',122),(405,'订单',1,'com.ruoyi.system.controller.OrderController.add()','POST',1,'admin','研发部门','/system/order','127.0.0.1','内网IP','{\"orderId\":53,\"params\":{},\"totalAmount\":37,\"userId\":1}','{\"msg\":\"订单创建成功\",\"code\":200,\"data\":{\"orderId\":53}}',0,NULL,'2025-04-14 07:30:41',26),(406,'订单详情',1,'com.ruoyi.system.controller.OrderDetailController.add()','POST',1,'admin','研发部门','/system/detail','127.0.0.1','内网IP','{\"detailId\":78,\"orderId\":53,\"params\":{},\"price\":5,\"productId\":3,\"quantity\":1}','{\"msg\":\"操作成功\",\"code\":200}',0,NULL,'2025-04-14 07:30:41',23),(407,'订单详情',1,'com.ruoyi.system.controller.OrderDetailController.add()','POST',1,'admin','研发部门','/system/detail','127.0.0.1','内网IP','{\"detailId\":79,\"orderId\":53,\"params\":{},\"price\":5,\"productId\":3,\"quantity\":1}','{\"msg\":\"操作成功\",\"code\":200}',0,NULL,'2025-04-14 07:30:41',28),(408,'订单详情',1,'com.ruoyi.system.controller.OrderDetailController.add()','POST',1,'admin','研发部门','/system/detail','127.0.0.1','内网IP','{\"detailId\":80,\"orderId\":53,\"params\":{},\"price\":9,\"productId\":4,\"quantity\":3}','{\"msg\":\"操作成功\",\"code\":200}',0,NULL,'2025-04-14 07:30:41',33),(409,'订单',1,'com.ruoyi.system.controller.OrderController.add()','POST',1,'admin','研发部门','/system/order','127.0.0.1','内网IP','{\"orderId\":54,\"params\":{},\"totalAmount\":37,\"userId\":1}','{\"msg\":\"订单创建成功\",\"code\":200,\"data\":{\"orderId\":54}}',0,NULL,'2025-04-14 07:31:52',29),(410,'订单详情',1,'com.ruoyi.system.controller.OrderDetailController.add()','POST',1,'admin','研发部门','/system/detail','127.0.0.1','内网IP','{\"detailId\":82,\"orderId\":54,\"params\":{},\"price\":9,\"productId\":4,\"quantity\":3}','{\"msg\":\"操作成功\",\"code\":200}',0,NULL,'2025-04-14 07:31:52',23),(411,'订单详情',1,'com.ruoyi.system.controller.OrderDetailController.add()','POST',1,'admin','研发部门','/system/detail','127.0.0.1','内网IP','{\"detailId\":81,\"orderId\":54,\"params\":{},\"price\":5,\"productId\":3,\"quantity\":1}','{\"msg\":\"操作成功\",\"code\":200}',0,NULL,'2025-04-14 07:31:52',19),(412,'订单详情',1,'com.ruoyi.system.controller.OrderDetailController.add()','POST',1,'admin','研发部门','/system/detail','127.0.0.1','内网IP','{\"detailId\":83,\"orderId\":54,\"params\":{},\"price\":5,\"productId\":3,\"quantity\":1}','{\"msg\":\"操作成功\",\"code\":200}',0,NULL,'2025-04-14 07:31:52',22),(413,'购物车',3,'com.ruoyi.system.controller.CartController.remove()','DELETE',1,'admin','研发部门','/system/cart/8','127.0.0.1','内网IP','[8]','{\"msg\":\"操作成功\",\"code\":200}',0,NULL,'2025-04-14 07:31:53',34),(414,'用户管理',1,'com.ruoyi.web.controller.system.SysUserController.add()','POST',1,'admin','研发部门','/system/user','127.0.0.1','内网IP','{\"admin\":false,\"createBy\":\"admin\",\"nickName\":\"saller\",\"params\":{},\"postIds\":[],\"roleIds\":[],\"status\":\"0\",\"userId\":100,\"userName\":\"商家\"}','{\"msg\":\"操作成功\",\"code\":200}',0,NULL,'2025-04-14 09:04:57',188),(415,'角色管理',1,'com.ruoyi.web.controller.system.SysRoleController.add()','POST',1,'admin','研发部门','/system/role','127.0.0.1','内网IP','{\"admin\":false,\"createBy\":\"admin\",\"deptCheckStrictly\":true,\"deptIds\":[],\"flag\":false,\"menuCheckStrictly\":true,\"menuIds\":[2000,2001,2002,2003,2004,2005,2006,2007,2008,2009,2010,2011,2012,2013,2014,2015,2016,2017,2018,2025,2026,2027,2028,2029,2030,2031,2032,2033,2034,2035,2036,2037,2038,2039,2040,2041,2042],\"params\":{},\"roleId\":100,\"roleKey\":\"saller\",\"roleName\":\"商家\",\"roleSort\":0,\"status\":\"0\"}','{\"msg\":\"操作成功\",\"code\":200}',0,NULL,'2025-04-14 09:05:46',74),(416,'用户管理',2,'com.ruoyi.web.controller.system.SysUserController.edit()','PUT',1,'admin','研发部门','/system/user','127.0.0.1','内网IP','{\"admin\":false,\"avatar\":\"\",\"createBy\":\"admin\",\"createTime\":\"2025-04-14 09:04:57\",\"delFlag\":\"0\",\"email\":\"\",\"loginIp\":\"\",\"nickName\":\"saller\",\"params\":{},\"phonenumber\":\"\",\"postIds\":[],\"roleIds\":[100],\"roles\":[],\"sex\":\"0\",\"status\":\"0\",\"updateBy\":\"admin\",\"userId\":100,\"userName\":\"商家\"}','{\"msg\":\"操作成功\",\"code\":200}',0,NULL,'2025-04-14 09:06:21',43),(417,'用户管理',3,'com.ruoyi.web.controller.system.SysUserController.remove()','DELETE',1,'admin','研发部门','/system/user/100','127.0.0.1','内网IP','[100]','{\"msg\":\"操作成功\",\"code\":200}',0,NULL,'2025-04-14 09:06:32',59),(418,'用户管理',1,'com.ruoyi.web.controller.system.SysUserController.add()','POST',1,'admin','研发部门','/system/user','127.0.0.1','内网IP','{\"admin\":false,\"createBy\":\"admin\",\"nickName\":\"saller\",\"params\":{},\"postIds\":[],\"roleIds\":[100],\"status\":\"0\",\"userId\":101,\"userName\":\"商家\"}','{\"msg\":\"操作成功\",\"code\":200}',0,NULL,'2025-04-14 09:06:45',147),(419,'用户管理',3,'com.ruoyi.web.controller.system.SysUserController.remove()','DELETE',1,'admin','研发部门','/system/user/101','127.0.0.1','内网IP','[101]','{\"msg\":\"操作成功\",\"code\":200}',0,NULL,'2025-04-14 09:07:05',47),(420,'用户管理',1,'com.ruoyi.web.controller.system.SysUserController.add()','POST',1,'admin','研发部门','/system/user','127.0.0.1','内网IP','{\"admin\":false,\"createBy\":\"admin\",\"nickName\":\"商家\",\"params\":{},\"postIds\":[],\"roleIds\":[100],\"status\":\"0\",\"userId\":102,\"userName\":\"saller\"}','{\"msg\":\"操作成功\",\"code\":200}',0,NULL,'2025-04-14 09:07:17',180),(421,'订单',1,'com.ruoyi.system.controller.OrderController.add()','POST',1,'admin','研发部门','/system/order','127.0.0.1','内网IP','{\"orderId\":55,\"params\":{},\"totalAmount\":10,\"userId\":1}','{\"msg\":\"订单创建成功\",\"code\":200,\"data\":{\"orderId\":55}}',0,NULL,'2025-04-14 09:28:22',36),(422,'订单详情',1,'com.ruoyi.system.controller.OrderDetailController.add()','POST',1,'admin','研发部门','/system/detail','127.0.0.1','内网IP','{\"detailId\":85,\"orderId\":55,\"params\":{},\"price\":5,\"productId\":3,\"quantity\":1}','{\"msg\":\"操作成功\",\"code\":200}',0,NULL,'2025-04-14 09:28:22',18),(423,'订单详情',1,'com.ruoyi.system.controller.OrderDetailController.add()','POST',1,'admin','研发部门','/system/detail','127.0.0.1','内网IP','{\"detailId\":84,\"orderId\":55,\"params\":{},\"price\":5,\"productId\":3,\"quantity\":1}','{\"msg\":\"操作成功\",\"code\":200}',0,NULL,'2025-04-14 09:28:22',50),(424,'订单',3,'com.ruoyi.system.controller.OrderController.remove()','DELETE',1,'admin','研发部门','/system/order/22,23,24,25,26,27,28,29,30,31,32,33,34,35,36,37,38,39,40,41,42,43,44,45,46,47,48,49,50,51,52,53,54,55','127.0.0.1','内网IP','[22,23,24,25,26,27,28,29,30,31,32,33,34,35,36,37,38,39,40,41,42,43,44,45,46,47,48,49,50,51,52,53,54,55]',NULL,1,'\n### Error updating database.  Cause: java.sql.SQLIntegrityConstraintViolationException: Cannot delete or update a parent row: a foreign key constraint fails (`hbps`.`order_detail`, CONSTRAINT `order_detail_ibfk_1` FOREIGN KEY (`order_id`) REFERENCES `order` (`order_id`))\n### The error may exist in URL [jar:file:/Users/lingluo/Documents/project/hxx3/RuoYi-Vue/ruoyi-admin/target/ruoyi-admin.jar!/BOOT-INF/lib/ruoyi-system-3.8.9.jar!/mapper/system/OrderMapper.xml]\n### The error may involve com.ruoyi.system.mapper.OrderMapper.deleteOrderByOrderIds-Inline\n### The error occurred while setting parameters\n### SQL: delete from `order` where order_id in           (               ?          ,              ?          ,              ?          ,              ?          ,              ?          ,              ?          ,              ?          ,              ?          ,              ?          ,              ?          ,              ?          ,              ?          ,              ?          ,              ?          ,              ?          ,              ?          ,              ?          ,              ?          ,              ?          ,              ?          ,              ?          ,              ?          ,              ?          ,              ?          ,              ?          ,              ?          ,              ?          ,              ?          ,              ?          ,              ?          ,              ?          ,              ?          ,              ?          ,              ?          )\n### Cause: java.sql.SQLIntegrityConstraintViolationException: Cannot delete or update a parent row: a foreign key constraint fails (`hbps`.`order_detail`, CONSTRAINT `order_detail_ibfk_1` FOREIGN KEY (`order_id`) REFERENCES `order` (`order_id`))\n; Cannot delete or update a parent row: a foreign key constraint fails (`hbps`.`order_detail`, CONSTRAINT `order_detail_ibfk_1` FOREIGN KEY (`order_id`) REFERENCES `order` (`order_id`)); nested exception i','2025-04-14 09:28:35',47),(425,'订单详情',3,'com.ruoyi.system.controller.OrderDetailController.remove()','DELETE',1,'admin','研发部门','/system/detail/1,2,3,4,5,6,7,8,9,10,11,12,13,14,15,16,17,18,19,20,21,22,23,24,25,26,27,28,29,30,31,32,33,34,35,36,37,38,39,40,41,42,43,44,45,46,47,48,49,50','127.0.0.1','内网IP','[1,2,3,4,5,6,7,8,9,10,11,12,13,14,15,16,17,18,19,20,21,22,23,24,25,26,27,28,29,30,31,32,33,34,35,36,37,38,39,40,41,42,43,44,45,46,47,48,49,50]','{\"msg\":\"操作成功\",\"code\":200}',0,NULL,'2025-04-14 09:28:42',31),(426,'订单详情',3,'com.ruoyi.system.controller.OrderDetailController.remove()','DELETE',1,'admin','研发部门','/system/detail/51,52,53,54,55,56,57,58,59,60,61,62,63,64,65,66,67,68,69,70,71,72,73,74,75,76,77,78,79,80,81,82,83,84,85','127.0.0.1','内网IP','[51,52,53,54,55,56,57,58,59,60,61,62,63,64,65,66,67,68,69,70,71,72,73,74,75,76,77,78,79,80,81,82,83,84,85]','{\"msg\":\"操作成功\",\"code\":200}',0,NULL,'2025-04-14 09:28:45',12),(427,'订单',3,'com.ruoyi.system.controller.OrderController.remove()','DELETE',1,'admin','研发部门','/system/order/22,23,24,25,26,27,28,29,30,31,32,33,34,35,36,37,38,39,40,41,42,43,44,45,46,47,48,49,50,51,52,53,54,55','127.0.0.1','内网IP','[22,23,24,25,26,27,28,29,30,31,32,33,34,35,36,37,38,39,40,41,42,43,44,45,46,47,48,49,50,51,52,53,54,55]','{\"msg\":\"操作成功\",\"code\":200}',0,NULL,'2025-04-14 09:28:49',43),(428,'订单',1,'com.ruoyi.system.controller.OrderController.add()','POST',1,'admin','研发部门','/system/order','127.0.0.1','内网IP','{\"orderId\":56,\"params\":{},\"totalAmount\":10,\"userId\":1}','{\"msg\":\"订单创建成功\",\"code\":200,\"data\":{\"orderId\":56}}',0,NULL,'2025-04-14 09:28:52',75),(429,'订单详情',1,'com.ruoyi.system.controller.OrderDetailController.add()','POST',1,'admin','研发部门','/system/detail','127.0.0.1','内网IP','{\"detailId\":87,\"orderId\":56,\"params\":{},\"price\":5,\"productId\":3,\"quantity\":1}','{\"msg\":\"操作成功\",\"code\":200}',0,NULL,'2025-04-14 09:28:52',102),(430,'订单详情',1,'com.ruoyi.system.controller.OrderDetailController.add()','POST',1,'admin','研发部门','/system/detail','127.0.0.1','内网IP','{\"detailId\":86,\"orderId\":56,\"params\":{},\"price\":5,\"productId\":3,\"quantity\":1}','{\"msg\":\"操作成功\",\"code\":200}',0,NULL,'2025-04-14 09:28:52',101),(431,'商品',2,'com.ruoyi.system.controller.ProductController.edit()','PUT',1,'saller',NULL,'/system/product','127.0.0.1','内网IP','{\"pStatus\":0,\"params\":{},\"productId\":4}','{\"msg\":\"操作成功\",\"code\":200}',0,NULL,'2025-04-14 09:44:26',243),(432,'商品',2,'com.ruoyi.system.controller.ProductController.edit()','PUT',1,'saller',NULL,'/system/product','127.0.0.1','内网IP','{\"pStatus\":0,\"params\":{},\"productId\":3}','{\"msg\":\"操作成功\",\"code\":200}',0,NULL,'2025-04-14 09:44:27',16),(433,'商品',2,'com.ruoyi.system.controller.ProductController.edit()','PUT',1,'saller',NULL,'/system/product','127.0.0.1','内网IP','{\"pStatus\":0,\"params\":{},\"productId\":2}','{\"msg\":\"操作成功\",\"code\":200}',0,NULL,'2025-04-14 09:44:28',10),(434,'商品',2,'com.ruoyi.system.controller.ProductController.edit()','PUT',1,'saller',NULL,'/system/product','127.0.0.1','内网IP','{\"pStatus\":1,\"params\":{},\"productId\":3}','{\"msg\":\"操作成功\",\"code\":200}',0,NULL,'2025-04-14 09:44:29',13),(435,'商品',2,'com.ruoyi.system.controller.ProductController.edit()','PUT',1,'saller',NULL,'/system/product','127.0.0.1','内网IP','{\"pStatus\":1,\"params\":{},\"productId\":2}','{\"msg\":\"操作成功\",\"code\":200}',0,NULL,'2025-04-14 09:44:30',25),(436,'商品',2,'com.ruoyi.system.controller.ProductController.edit()','PUT',1,'saller',NULL,'/system/product','127.0.0.1','内网IP','{\"pStatus\":1,\"params\":{},\"productId\":4}','{\"msg\":\"操作成功\",\"code\":200}',0,NULL,'2025-04-14 09:44:31',10),(437,'商品',2,'com.ruoyi.system.controller.ProductController.edit()','PUT',1,'saller',NULL,'/system/product','127.0.0.1','内网IP','{\"pStatus\":0,\"params\":{},\"productId\":3}','{\"msg\":\"操作成功\",\"code\":200}',0,NULL,'2025-04-14 09:44:32',12),(438,'商品',2,'com.ruoyi.system.controller.ProductController.edit()','PUT',1,'saller',NULL,'/system/product','127.0.0.1','内网IP','{\"pStatus\":1,\"params\":{},\"productId\":3}','{\"msg\":\"操作成功\",\"code\":200}',0,NULL,'2025-04-14 09:44:32',10),(439,'商品',2,'com.ruoyi.system.controller.ProductController.edit()','PUT',1,'saller',NULL,'/system/product','127.0.0.1','内网IP','{\"pStatus\":0,\"params\":{},\"productId\":3}','{\"msg\":\"操作成功\",\"code\":200}',0,NULL,'2025-04-14 09:44:33',9),(440,'商品',2,'com.ruoyi.system.controller.ProductController.edit()','PUT',1,'saller',NULL,'/system/product','127.0.0.1','内网IP','{\"pStatus\":1,\"params\":{},\"productId\":3}','{\"msg\":\"操作成功\",\"code\":200}',0,NULL,'2025-04-14 09:44:33',9),(441,'商品',2,'com.ruoyi.system.controller.ProductController.edit()','PUT',1,'saller',NULL,'/system/product','127.0.0.1','内网IP','{\"pStatus\":0,\"params\":{},\"productId\":3}','{\"msg\":\"操作成功\",\"code\":200}',0,NULL,'2025-04-14 09:44:34',28),(442,'商品',2,'com.ruoyi.system.controller.ProductController.edit()','PUT',1,'saller',NULL,'/system/product','127.0.0.1','内网IP','{\"pStatus\":1,\"params\":{},\"productId\":3}','{\"msg\":\"操作成功\",\"code\":200}',0,NULL,'2025-04-14 09:44:34',31),(443,'商品',2,'com.ruoyi.system.controller.ProductController.edit()','PUT',1,'saller',NULL,'/system/product','127.0.0.1','内网IP','{\"pStatus\":0,\"params\":{},\"productId\":3}','{\"msg\":\"操作成功\",\"code\":200}',0,NULL,'2025-04-14 09:46:10',16),(444,'商品',2,'com.ruoyi.system.controller.ProductController.edit()','PUT',1,'admin','研发部门','/system/product','127.0.0.1','内网IP','{\"categoryId\":1,\"createdAt\":\"2025-04-13\",\"description\":\"红富士苹果,好吃\",\"imageUrl\":\"/images/produc/hfs1\",\"name\":\"红富士苹果\",\"pStatus\":1,\"params\":{},\"price\":8,\"productId\":2,\"qualityLevel\":1,\"stock\":10,\"updatedAt\":\"2025-04-14\"}','{\"msg\":\"操作成功\",\"code\":200}',0,NULL,'2025-04-14 10:26:32',71),(445,'商品',2,'com.ruoyi.system.controller.ProductController.edit()','PUT',1,'admin','研发部门','/system/product','127.0.0.1','内网IP','{\"categoryId\":1,\"createdAt\":\"2025-04-13\",\"description\":\"红富士苹果,好吃\",\"imageUrl\":\"/images/product/hfs1\",\"name\":\"红富士苹果\",\"pStatus\":1,\"params\":{},\"price\":8,\"productId\":2,\"qualityLevel\":1,\"stock\":10,\"updatedAt\":\"2025-04-14\"}','{\"msg\":\"操作成功\",\"code\":200}',0,NULL,'2025-04-14 10:26:56',30),(446,'商品',2,'com.ruoyi.system.controller.ProductController.edit()','PUT',1,'admin','研发部门','/system/product','127.0.0.1','内网IP','{\"categoryId\":1,\"createdAt\":\"2025-04-13\",\"description\":\"红富士苹果,好吃\",\"imageUrl\":\"/images/product/hfs1.jpg\",\"name\":\"红富士苹果\",\"pStatus\":1,\"params\":{},\"price\":8,\"productId\":2,\"qualityLevel\":1,\"stock\":10,\"updatedAt\":\"2025-04-14\"}','{\"msg\":\"操作成功\",\"code\":200}',0,NULL,'2025-04-14 10:27:15',31),(447,'购物车',3,'com.ruoyi.system.controller.CartController.remove()','DELETE',1,'admin','研发部门','/system/cart/10','127.0.0.1','内网IP','[10]','{\"msg\":\"操作成功\",\"code\":200}',0,NULL,'2025-04-14 10:27:48',56),(448,'购物车',3,'com.ruoyi.system.controller.CartController.remove()','DELETE',1,'admin','研发部门','/system/cart/9','127.0.0.1','内网IP','[9]','{\"msg\":\"操作成功\",\"code\":200}',0,NULL,'2025-04-14 10:27:51',14),(449,'购物车',1,'com.ruoyi.system.controller.CartController.add()','POST',1,'admin','研发部门','/system/cart','127.0.0.1','内网IP','{\"cartId\":11,\"params\":{},\"productId\":2,\"quantity\":1,\"userId\":1}','{\"msg\":\"操作成功\",\"code\":200}',0,NULL,'2025-04-14 10:28:00',30),(450,'购物车',2,'com.ruoyi.system.controller.CartController.edit()','PUT',1,'admin','研发部门','/system/cart','127.0.0.1','内网IP','{\"addedAt\":\"2025-04-14\",\"cartId\":11,\"params\":{},\"productId\":2,\"quantity\":2,\"userId\":1}','{\"msg\":\"操作成功\",\"code\":200}',0,NULL,'2025-04-14 10:28:03',84),(451,'购物车',2,'com.ruoyi.system.controller.CartController.edit()','PUT',1,'admin','研发部门','/system/cart','127.0.0.1','内网IP','{\"cartId\":11,\"params\":{},\"quantity\":3}','{\"msg\":\"操作成功\",\"code\":200}',0,NULL,'2025-04-14 10:28:11',23),(452,'购物车',2,'com.ruoyi.system.controller.CartController.edit()','PUT',1,'admin','研发部门','/system/cart','127.0.0.1','内网IP','{\"cartId\":11,\"params\":{},\"quantity\":4}','{\"msg\":\"操作成功\",\"code\":200}',0,NULL,'2025-04-14 10:28:11',12),(453,'购物车',2,'com.ruoyi.system.controller.CartController.edit()','PUT',1,'admin','研发部门','/system/cart','127.0.0.1','内网IP','{\"cartId\":11,\"params\":{},\"quantity\":5}','{\"msg\":\"操作成功\",\"code\":200}',0,NULL,'2025-04-14 10:28:12',10),(454,'购物车',2,'com.ruoyi.system.controller.CartController.edit()','PUT',1,'admin','研发部门','/system/cart','127.0.0.1','内网IP','{\"cartId\":11,\"params\":{},\"quantity\":4}','{\"msg\":\"操作成功\",\"code\":200}',0,NULL,'2025-04-14 10:28:12',12),(455,'购物车',2,'com.ruoyi.system.controller.CartController.edit()','PUT',1,'admin','研发部门','/system/cart','127.0.0.1','内网IP','{\"cartId\":11,\"params\":{},\"quantity\":3}','{\"msg\":\"操作成功\",\"code\":200}',0,NULL,'2025-04-14 10:28:12',33),(456,'购物车',2,'com.ruoyi.system.controller.CartController.edit()','PUT',1,'admin','研发部门','/system/cart','127.0.0.1','内网IP','{\"cartId\":11,\"params\":{},\"quantity\":2}','{\"msg\":\"操作成功\",\"code\":200}',0,NULL,'2025-04-14 10:28:13',6),(457,'购物车',2,'com.ruoyi.system.controller.CartController.edit()','PUT',1,'admin','研发部门','/system/cart','127.0.0.1','内网IP','{\"cartId\":11,\"params\":{},\"quantity\":1}','{\"msg\":\"操作成功\",\"code\":200}',0,NULL,'2025-04-14 10:28:13',13),(458,'购物车',2,'com.ruoyi.system.controller.CartController.edit()','PUT',1,'admin','研发部门','/system/cart','127.0.0.1','内网IP','{\"cartId\":11,\"params\":{},\"quantity\":2}','{\"msg\":\"操作成功\",\"code\":200}',0,NULL,'2025-04-14 10:28:15',20),(459,'购物车',2,'com.ruoyi.system.controller.CartController.edit()','PUT',1,'admin','研发部门','/system/cart','127.0.0.1','内网IP','{\"cartId\":11,\"params\":{},\"quantity\":3}','{\"msg\":\"操作成功\",\"code\":200}',0,NULL,'2025-04-14 10:28:15',10),(460,'订单',1,'com.ruoyi.system.controller.OrderController.add()','POST',1,'admin','研发部门','/system/order','127.0.0.1','内网IP','{\"orderId\":57,\"params\":{},\"totalAmount\":24,\"userId\":1}','{\"msg\":\"订单创建成功\",\"code\":200,\"data\":{\"orderId\":57}}',0,NULL,'2025-04-14 10:28:16',24),(461,'订单详情',1,'com.ruoyi.system.controller.OrderDetailController.add()','POST',1,'admin','研发部门','/system/detail','127.0.0.1','内网IP','{\"detailId\":88,\"orderId\":57,\"params\":{},\"price\":8,\"productId\":2,\"quantity\":3}','{\"msg\":\"操作成功\",\"code\":200}',0,NULL,'2025-04-14 10:28:16',17),(462,'商品',2,'com.ruoyi.system.controller.ProductController.edit()','PUT',1,'admin','研发部门','/system/product','127.0.0.1','内网IP','{\"categoryId\":1,\"createdAt\":\"2025-04-13\",\"description\":\"绿苹果,酸酸的\",\"imageUrl\":\"/images/product/q1.jpg\",\"name\":\"绿苹果\",\"pStatus\":0,\"params\":{},\"price\":5,\"productId\":3,\"qualityLevel\":2,\"stock\":8,\"updatedAt\":\"2025-04-14\"}','{\"msg\":\"操作成功\",\"code\":200}',0,NULL,'2025-04-14 10:28:57',46),(463,'商品',2,'com.ruoyi.system.controller.ProductController.edit()','PUT',1,'admin','研发部门','/system/product','127.0.0.1','内网IP','{\"categoryId\":1,\"createdAt\":\"2025-04-13\",\"description\":\"绿苹果,酸酸的\",\"imageUrl\":\"/images/product/q1.jpg\",\"name\":\"绿苹果\",\"pStatus\":0,\"params\":{},\"price\":5,\"productId\":3,\"qualityLevel\":2,\"stock\":8,\"updatedAt\":\"2025-04-14\"}','{\"msg\":\"操作成功\",\"code\":200}',0,NULL,'2025-04-14 10:29:05',19),(464,'商品',2,'com.ruoyi.system.controller.ProductController.edit()','PUT',1,'admin','研发部门','/system/product','127.0.0.1','内网IP','{\"categoryId\":2,\"createdAt\":\"2025-04-13\",\"description\":\"小小的香蕉\",\"imageUrl\":\"/images/product/xj1.jpg\",\"name\":\"小香蕉\",\"pStatus\":1,\"params\":{},\"price\":9,\"productId\":4,\"qualityLevel\":1,\"stock\":10,\"updatedAt\":\"2025-04-14\"}','{\"msg\":\"操作成功\",\"code\":200}',0,NULL,'2025-04-14 10:29:19',22),(465,'商品',1,'com.ruoyi.system.controller.ProductController.add()','POST',1,'admin','研发部门','/system/product','127.0.0.1','内网IP','{\"categoryId\":1,\"description\":\"稍微有点酸\",\"imageUrl\":\"/images/product/hfs2.jpg\",\"name\":\"红富士二级\",\"params\":{},\"price\":12,\"productId\":5,\"qualityLevel\":1,\"stock\":12}','{\"msg\":\"操作成功\",\"code\":200}',0,NULL,'2025-04-14 10:29:54',27),(466,'商品',1,'com.ruoyi.system.controller.ProductController.add()','POST',1,'admin','研发部门','/system/product','127.0.0.1','内网IP','{\"categoryId\":1,\"description\":\"精选版.更好吃\",\"imageUrl\":\"/images/product/hfs3.jpg\",\"name\":\"精选红富士\",\"params\":{},\"price\":18,\"productId\":6,\"qualityLevel\":1,\"stock\":18}','{\"msg\":\"操作成功\",\"code\":200}',0,NULL,'2025-04-14 10:30:40',54),(467,'商品',2,'com.ruoyi.system.controller.ProductController.edit()','PUT',1,'admin','研发部门','/system/product','127.0.0.1','内网IP','{\"categoryId\":2,\"createdAt\":\"2025-04-13\",\"description\":\"小小的香蕉\",\"imageUrl\":\"/images/product/xj1.png\",\"name\":\"小香蕉\",\"pStatus\":1,\"params\":{},\"price\":9,\"productId\":4,\"qualityLevel\":1,\"stock\":10,\"updatedAt\":\"2025-04-14\"}','{\"msg\":\"操作成功\",\"code\":200}',0,NULL,'2025-04-14 10:31:01',30),(468,'商品类别',1,'com.ruoyi.system.controller.ProductCategoryController.add()','POST',1,'admin','研发部门','/system/category','127.0.0.1','内网IP','{\"categoryId\":3,\"name\":\"橘子\",\"params\":{}}','{\"msg\":\"操作成功\",\"code\":200}',0,NULL,'2025-04-14 10:31:19',50),(469,'商品',1,'com.ruoyi.system.controller.ProductController.add()','POST',1,'admin','研发部门','/system/product','127.0.0.1','内网IP','{\"categoryId\":3,\"description\":\"甜\",\"imageUrl\":\"/images/product/ju1.jpg\",\"name\":\"砂糖橘\",\"params\":{},\"price\":2,\"productId\":7,\"qualityLevel\":2,\"stock\":2}','{\"msg\":\"操作成功\",\"code\":200}',0,NULL,'2025-04-14 10:31:48',48),(470,'商品',1,'com.ruoyi.system.controller.ProductController.add()','POST',1,'admin','研发部门','/system/product','127.0.0.1','内网IP','{\"categoryId\":3,\"description\":\"略酸\",\"imageUrl\":\"/images/product/ju2.jpg\",\"name\":\"小橘子\",\"params\":{},\"price\":3,\"productId\":8,\"qualityLevel\":1,\"stock\":4}','{\"msg\":\"操作成功\",\"code\":200}',0,NULL,'2025-04-14 10:32:22',48),(471,'商品类别',1,'com.ruoyi.system.controller.ProductCategoryController.add()','POST',1,'admin','研发部门','/system/category','127.0.0.1','内网IP','{\"categoryId\":4,\"name\":\"菠萝\",\"params\":{}}','{\"msg\":\"操作成功\",\"code\":200}',0,NULL,'2025-04-14 10:35:12',28),(472,'商品类别',1,'com.ruoyi.system.controller.ProductCategoryController.add()','POST',1,'admin','研发部门','/system/category','127.0.0.1','内网IP','{\"categoryId\":5,\"name\":\"哈密瓜\",\"params\":{}}','{\"msg\":\"操作成功\",\"code\":200}',0,NULL,'2025-04-14 10:35:20',42),(473,'商品',1,'com.ruoyi.system.controller.ProductController.add()','POST',1,'admin','研发部门','/system/product','127.0.0.1','内网IP','{\"categoryId\":4,\"description\":\"美国有苹果,中国有菠萝\",\"imageUrl\":\"/images/product/bl1.jpg\",\"name\":\"大菠萝\",\"params\":{},\"price\":299,\"productId\":9,\"qualityLevel\":1,\"stock\":26}','{\"msg\":\"操作成功\",\"code\":200}',0,NULL,'2025-04-14 10:36:03',37),(474,'商品',1,'com.ruoyi.system.controller.ProductController.add()','POST',1,'admin','研发部门','/system/product','127.0.0.1','内网IP','{\"categoryId\":5,\"description\":\"好吃\",\"imageUrl\":\"/images/product/hmg1.png\",\"name\":\"特级哈密瓜\",\"params\":{},\"price\":25,\"productId\":10,\"qualityLevel\":1,\"stock\":1}','{\"msg\":\"操作成功\",\"code\":200}',0,NULL,'2025-04-14 10:36:35',50),(475,'评论',1,'com.ruoyi.system.controller.ReviewController.add()','POST',1,'admin','研发部门','/system/review','127.0.0.1','内网IP','{\"comment\":\"11\",\"params\":{},\"productId\":9,\"reviewId\":10,\"userId\":1}','{\"msg\":\"操作成功\",\"code\":200}',0,NULL,'2025-04-14 10:39:28',80),(476,'购物车',1,'com.ruoyi.system.controller.CartController.add()','POST',1,'admin','研发部门','/system/cart','127.0.0.1','内网IP','{\"cartId\":12,\"params\":{},\"productId\":9,\"quantity\":1,\"userId\":1}','{\"msg\":\"操作成功\",\"code\":200}',0,NULL,'2025-04-14 10:39:34',200),(477,'商品',2,'com.ruoyi.system.controller.ProductController.edit()','PUT',1,'admin','研发部门','/system/product','127.0.0.1','内网IP','{\"pStatus\":1,\"params\":{},\"productId\":3}','{\"msg\":\"操作成功\",\"code\":200}',0,NULL,'2025-04-14 10:57:05',75),(478,'商品',2,'com.ruoyi.system.controller.ProductController.edit()','PUT',1,'admin','研发部门','/system/product','127.0.0.1','内网IP','{\"pStatus\":0,\"params\":{},\"productId\":3}','{\"msg\":\"操作成功\",\"code\":200}',0,NULL,'2025-04-14 10:57:06',18),(479,'菜单管理',3,'com.ruoyi.web.controller.system.SysMenuController.remove()','DELETE',1,'admin','研发部门','/system/menu/4','127.0.0.1','内网IP','4','{\"msg\":\"菜单已分配,不允许删除\",\"code\":601}',0,NULL,'2025-04-14 15:38:20',59),(480,'菜单管理',2,'com.ruoyi.web.controller.system.SysMenuController.edit()','PUT',1,'admin','研发部门','/system/menu','127.0.0.1','内网IP','{\"children\":[],\"createTime\":\"2025-04-12 17:51:01\",\"icon\":\"guide\",\"isCache\":\"0\",\"isFrame\":\"0\",\"menuId\":4,\"menuName\":\"若依官网\",\"menuType\":\"M\",\"orderNum\":4,\"params\":{},\"parentId\":0,\"path\":\"http://ruoyi.vip\",\"perms\":\"\",\"query\":\"\",\"routeName\":\"\",\"status\":\"1\",\"updateBy\":\"admin\",\"visible\":\"0\"}','{\"msg\":\"操作成功\",\"code\":200}',0,NULL,'2025-04-14 15:38:27',89),(481,'菜单管理',3,'com.ruoyi.web.controller.system.SysMenuController.remove()','DELETE',1,'admin','研发部门','/system/menu/4','127.0.0.1','内网IP','4','{\"msg\":\"菜单已分配,不允许删除\",\"code\":601}',0,NULL,'2025-04-14 15:38:29',12),(482,'菜单管理',2,'com.ruoyi.web.controller.system.SysMenuController.edit()','PUT',1,'admin','研发部门','/system/menu','127.0.0.1','内网IP','{\"children\":[],\"createTime\":\"2025-04-12 17:51:01\",\"icon\":\"guide\",\"isCache\":\"0\",\"isFrame\":\"0\",\"menuId\":4,\"menuName\":\"若依官网\",\"menuType\":\"M\",\"orderNum\":4,\"params\":{},\"parentId\":0,\"path\":\"http://ruoyi.vip\",\"perms\":\"\",\"query\":\"\",\"routeName\":\"\",\"status\":\"1\",\"updateBy\":\"admin\",\"visible\":\"1\"}','{\"msg\":\"操作成功\",\"code\":200}',0,NULL,'2025-04-14 15:38:37',23),(483,'菜单管理',2,'com.ruoyi.web.controller.system.SysMenuController.edit()','PUT',1,'admin','研发部门','/system/menu','127.0.0.1','内网IP','{\"children\":[],\"createTime\":\"2025-04-12 17:51:01\",\"icon\":\"guide\",\"isCache\":\"0\",\"isFrame\":\"0\",\"menuId\":4,\"menuName\":\"若依官网\",\"menuType\":\"M\",\"orderNum\":4,\"params\":{},\"parentId\":0,\"path\":\"0\",\"perms\":\"\",\"query\":\"\",\"routeName\":\"\",\"status\":\"1\",\"visible\":\"1\"}','{\"msg\":\"修改菜单\'若依官网\'失败，地址必须以http(s)://开头\",\"code\":500}',0,NULL,'2025-04-14 15:38:57',26),(484,'菜单管理',2,'com.ruoyi.web.controller.system.SysMenuController.edit()','PUT',1,'admin','研发部门','/system/menu','127.0.0.1','内网IP','{\"children\":[],\"createTime\":\"2025-04-12 17:51:01\",\"icon\":\"guide\",\"isCache\":\"0\",\"isFrame\":\"1\",\"menuId\":4,\"menuName\":\"若依官网\",\"menuType\":\"M\",\"orderNum\":4,\"params\":{},\"parentId\":0,\"path\":\"0\",\"perms\":\"\",\"query\":\"\",\"routeName\":\"\",\"status\":\"1\",\"updateBy\":\"admin\",\"visible\":\"1\"}','{\"msg\":\"操作成功\",\"code\":200}',0,NULL,'2025-04-14 15:39:03',50),(485,'菜单管理',3,'com.ruoyi.web.controller.system.SysMenuController.remove()','DELETE',1,'admin','研发部门','/system/menu/4','127.0.0.1','内网IP','4','{\"msg\":\"菜单已分配,不允许删除\",\"code\":601}',0,NULL,'2025-04-14 15:39:06',17),(486,'菜单管理',2,'com.ruoyi.web.controller.system.SysMenuController.edit()','PUT',1,'admin','研发部门','/system/menu','127.0.0.1','内网IP','{\"children\":[],\"createTime\":\"2025-04-12 17:51:01\",\"icon\":\"guide\",\"isCache\":\"0\",\"isFrame\":\"1\",\"menuId\":4,\"menuName\":\"若依官网\",\"menuType\":\"F\",\"orderNum\":4,\"params\":{},\"parentId\":4,\"path\":\"0\",\"perms\":\"\",\"query\":\"\",\"routeName\":\"\",\"status\":\"1\",\"visible\":\"1\"}','{\"msg\":\"修改菜单\'若依官网\'失败，上级菜单不能选择自己\",\"code\":500}',0,NULL,'2025-04-14 15:39:19',40),(487,'菜单管理',2,'com.ruoyi.web.controller.system.SysMenuController.edit()','PUT',1,'admin','研发部门','/system/menu','127.0.0.1','内网IP','{\"children\":[],\"createTime\":\"2025-04-12 17:51:01\",\"icon\":\"guide\",\"isCache\":\"0\",\"isFrame\":\"1\",\"menuId\":4,\"menuName\":\"若依官网\",\"menuType\":\"F\",\"orderNum\":4,\"params\":{},\"parentId\":4,\"path\":\"0\",\"perms\":\"\",\"query\":\"\",\"routeName\":\"\",\"status\":\"1\",\"visible\":\"1\"}','{\"msg\":\"修改菜单\'若依官网\'失败，上级菜单不能选择自己\",\"code\":500}',0,NULL,'2025-04-14 15:39:20',7),(488,'菜单管理',2,'com.ruoyi.web.controller.system.SysMenuController.edit()','PUT',1,'admin','研发部门','/system/menu','127.0.0.1','内网IP','{\"children\":[],\"createTime\":\"2025-04-12 17:51:01\",\"icon\":\"guide\",\"isCache\":\"0\",\"isFrame\":\"1\",\"menuId\":4,\"menuName\":\"若依官网\",\"menuType\":\"F\",\"orderNum\":4,\"params\":{},\"parentId\":0,\"path\":\"0\",\"perms\":\"\",\"query\":\"\",\"routeName\":\"\",\"status\":\"1\",\"updateBy\":\"admin\",\"visible\":\"1\"}','{\"msg\":\"操作成功\",\"code\":200}',0,NULL,'2025-04-14 15:39:23',17),(489,'菜单管理',3,'com.ruoyi.web.controller.system.SysMenuController.remove()','DELETE',1,'admin','研发部门','/system/menu/4','127.0.0.1','内网IP','4','{\"msg\":\"菜单已分配,不允许删除\",\"code\":601}',0,NULL,'2025-04-14 15:39:25',27),(490,'菜单管理',2,'com.ruoyi.web.controller.system.SysMenuController.edit()','PUT',1,'admin','研发部门','/system/menu','127.0.0.1','内网IP','{\"children\":[],\"createTime\":\"2025-04-12 17:51:01\",\"icon\":\"guide\",\"isCache\":\"0\",\"isFrame\":\"1\",\"menuId\":4,\"menuName\":\"xxx\",\"menuType\":\"F\",\"orderNum\":4,\"params\":{},\"parentId\":0,\"path\":\"0\",\"perms\":\"\",\"query\":\"\",\"routeName\":\"\",\"status\":\"0\",\"updateBy\":\"admin\",\"visible\":\"1\"}','{\"msg\":\"操作成功\",\"code\":200}',0,NULL,'2025-04-14 15:39:34',50),(491,'菜单管理',3,'com.ruoyi.web.controller.system.SysMenuController.remove()','DELETE',1,'admin','研发部门','/system/menu/4','127.0.0.1','内网IP','4','{\"msg\":\"菜单已分配,不允许删除\",\"code\":601}',0,NULL,'2025-04-14 15:39:36',14),(492,'菜单管理',2,'com.ruoyi.web.controller.system.SysMenuController.edit()','PUT',1,'admin','研发部门','/system/menu','127.0.0.1','内网IP','{\"children\":[],\"createTime\":\"2025-04-12 17:51:01\",\"icon\":\"guide\",\"isCache\":\"0\",\"isFrame\":\"1\",\"menuId\":4,\"menuName\":\"xxx\",\"menuType\":\"F\",\"orderNum\":4,\"params\":{},\"parentId\":0,\"path\":\"0\",\"perms\":\"\",\"query\":\"\",\"routeName\":\"\",\"status\":\"1\",\"updateBy\":\"admin\",\"visible\":\"1\"}','{\"msg\":\"操作成功\",\"code\":200}',0,NULL,'2025-04-14 15:39:46',23),(493,'菜单管理',2,'com.ruoyi.web.controller.system.SysMenuController.edit()','PUT',1,'admin','研发部门','/system/menu','127.0.0.1','内网IP','{\"children\":[],\"createTime\":\"2025-04-12 17:51:01\",\"icon\":\"tool\",\"isCache\":\"0\",\"isFrame\":\"1\",\"menuId\":3,\"menuName\":\"系统工具\",\"menuType\":\"M\",\"orderNum\":3,\"params\":{},\"parentId\":0,\"path\":\"tool\",\"perms\":\"\",\"query\":\"\",\"routeName\":\"\",\"status\":\"1\",\"updateBy\":\"admin\",\"visible\":\"1\"}','{\"msg\":\"操作成功\",\"code\":200}',0,NULL,'2025-04-14 15:39:52',20),(494,'部门管理',3,'com.ruoyi.web.controller.system.SysDeptController.remove()','DELETE',1,'admin','研发部门','/system/dept/101','127.0.0.1','内网IP','101','{\"msg\":\"存在下级部门,不允许删除\",\"code\":601}',0,NULL,'2025-04-14 15:40:17',9),(495,'部门管理',3,'com.ruoyi.web.controller.system.SysDeptController.remove()','DELETE',1,'admin','研发部门','/system/dept/103','127.0.0.1','内网IP','103','{\"msg\":\"部门存在用户,不允许删除\",\"code\":601}',0,NULL,'2025-04-14 15:40:20',22),(496,'角色管理',2,'com.ruoyi.web.controller.system.SysRoleController.edit()','PUT',1,'admin','研发部门','/system/role','127.0.0.1','内网IP','{\"admin\":false,\"createTime\":\"2025-04-14 09:05:46\",\"dataScope\":\"1\",\"delFlag\":\"0\",\"deptCheckStrictly\":true,\"flag\":false,\"menuCheckStrictly\":true,\"menuIds\":[2000,2001,2002,2003,2004,2005,2006,2007,2008,2009,2010,2011,2012,2013,2014,2015,2016,2017,2018,2025,2026,2027,2028,2029,2030,2031,2032,2033,2034,2035,2036,2037,2038,2039,2040,2041,2042],\"params\":{},\"roleId\":100,\"roleKey\":\"saller\",\"roleName\":\"商家\",\"roleSort\":0,\"status\":\"0\",\"updateBy\":\"admin\"}','{\"msg\":\"操作成功\",\"code\":200}',0,NULL,'2025-04-14 15:40:42',59),(497,'角色管理',2,'com.ruoyi.web.controller.system.SysRoleController.edit()','PUT',1,'admin','研发部门','/system/role','127.0.0.1','内网IP','{\"admin\":false,\"createTime\":\"2025-04-12 17:51:01\",\"dataScope\":\"2\",\"delFlag\":\"0\",\"deptCheckStrictly\":true,\"flag\":false,\"menuCheckStrictly\":true,\"menuIds\":[1,100,1000,1001,1002,1003,1004,1005,1006,101,1007,1008,1009,1010,1011,107,1035,1036,1037,1038,108,500,1039,1040,1041,501,1042,1043,1044,1045,2000,2001,2002,2003,2004,2005,2006,2007,2008,2009,2010,2011,2012,2013,2014,2015,2016,2017,2018,2019,2020,2021,2022,2023,2024,2025,2026,2027,2028,2029,2030,2031,2032,2033,2034,2035,2036,2037,2038,2039,2040,2041,2042,2,109,1046,1047,1048,110,1049,1050,1051,1052,1053,1054,111,112,113,114],\"params\":{},\"remark\":\"普通角色\",\"roleId\":2,\"roleKey\":\"common\",\"roleName\":\"普通角色\",\"roleSort\":2,\"status\":\"0\",\"updateBy\":\"admin\"}','{\"msg\":\"操作成功\",\"code\":200}',0,NULL,'2025-04-14 15:41:08',94),(498,'用户管理',2,'com.ruoyi.web.controller.system.SysUserController.edit()','PUT',1,'admin','研发部门','/system/user','127.0.0.1','内网IP','{\"admin\":false,\"avatar\":\"\",\"createBy\":\"admin\",\"createTime\":\"2025-04-12 17:51:01\",\"delFlag\":\"0\",\"dept\":{\"ancestors\":\"0,100,101\",\"children\":[],\"deptId\":105,\"deptName\":\"测试部门\",\"leader\":\"若依\",\"orderNum\":3,\"params\":{},\"parentId\":101,\"status\":\"0\"},\"deptId\":105,\"email\":\"ry@qq.com\",\"loginDate\":\"2025-04-14 10:14:27\",\"loginIp\":\"127.0.0.1\",\"nickName\":\"hxx\",\"params\":{},\"phonenumber\":\"15666666666\",\"postIds\":[],\"remark\":\"测试员\",\"roleIds\":[2],\"roles\":[{\"admin\":false,\"dataScope\":\"2\",\"deptCheckStrictly\":false,\"flag\":false,\"menuCheckStrictly\":false,\"params\":{},\"roleId\":2,\"roleKey\":\"common\",\"roleName\":\"普通角色\",\"roleSort\":2,\"status\":\"0\"}],\"sex\":\"1\",\"status\":\"0\",\"updateBy\":\"admin\",\"userId\":2,\"userName\":\"ry\"}','{\"msg\":\"操作成功\",\"code\":200}',0,NULL,'2025-04-14 15:41:32',36),(499,'用户管理',2,'com.ruoyi.web.controller.system.SysUserController.edit()','PUT',1,'admin','研发部门','/system/user','127.0.0.1','内网IP','{\"admin\":false,\"avatar\":\"\",\"createBy\":\"admin\",\"createTime\":\"2025-04-12 17:51:01\",\"delFlag\":\"0\",\"dept\":{\"ancestors\":\"0,100,101\",\"children\":[],\"deptId\":105,\"deptName\":\"测试部门\",\"leader\":\"若依\",\"orderNum\":3,\"params\":{},\"parentId\":101,\"status\":\"0\"},\"deptId\":105,\"email\":\"ry@qq.com\",\"loginDate\":\"2025-04-14 10:14:27\",\"loginIp\":\"127.0.0.1\",\"nickName\":\"hxx\",\"params\":{},\"phonenumber\":\"15666666666\",\"postIds\":[],\"remark\":\"测试员\",\"roleIds\":[2],\"roles\":[{\"admin\":false,\"dataScope\":\"2\",\"deptCheckStrictly\":false,\"flag\":false,\"menuCheckStrictly\":false,\"params\":{},\"roleId\":2,\"roleKey\":\"common\",\"roleName\":\"普通角色\",\"roleSort\":2,\"status\":\"0\"}],\"sex\":\"1\",\"status\":\"0\",\"updateBy\":\"admin\",\"userId\":2,\"userName\":\"ry\"}','{\"msg\":\"操作成功\",\"code\":200}',0,NULL,'2025-04-14 15:41:36',46),(500,'用户管理',2,'com.ruoyi.web.controller.system.SysUserController.edit()','PUT',1,'admin','研发部门','/system/user','127.0.0.1','内网IP','{\"admin\":true,\"avatar\":\"\",\"createBy\":\"admin\",\"createTime\":\"2025-04-12 17:51:01\",\"delFlag\":\"0\",\"dept\":{\"ancestors\":\"0,100,101\",\"children\":[],\"deptId\":103,\"deptName\":\"研发部门\",\"leader\":\"若依\",\"orderNum\":1,\"params\":{},\"parentId\":101,\"status\":\"0\"},\"deptId\":103,\"email\":\"ry@163.com\",\"loginDate\":\"2025-04-14 23:29:43\",\"loginIp\":\"127.0.0.1\",\"nickName\":\"若依\",\"params\":{},\"phonenumber\":\"15888888888\",\"postIds\":[],\"remark\":\"管理员\",\"roleIds\":[1],\"roles\":[{\"admin\":true,\"dataScope\":\"1\",\"deptCheckStrictly\":false,\"flag\":false,\"menuCheckStrictly\":false,\"params\":{},\"roleId\":1,\"roleKey\":\"admin\",\"roleName\":\"超级管理员\",\"roleSort\":1,\"status\":\"0\"}],\"sex\":\"1\",\"status\":\"0\",\"userId\":1,\"userName\":\"admin\"}',NULL,1,'不允许操作超级管理员用户','2025-04-14 15:41:47',9),(501,'用户管理',2,'com.ruoyi.web.controller.system.SysUserController.edit()','PUT',1,'admin','研发部门','/system/user','127.0.0.1','内网IP','{\"admin\":false,\"avatar\":\"\",\"createBy\":\"admin\",\"createTime\":\"2025-04-12 17:51:01\",\"delFlag\":\"0\",\"dept\":{\"ancestors\":\"0,100,101\",\"children\":[],\"deptId\":105,\"deptName\":\"测试部门\",\"leader\":\"若依\",\"orderNum\":3,\"params\":{},\"parentId\":101,\"status\":\"0\"},\"email\":\"ry@qq.com\",\"loginDate\":\"2025-04-14 10:14:27\",\"loginIp\":\"127.0.0.1\",\"nickName\":\"hxx\",\"params\":{},\"phonenumber\":\"15666666666\",\"postIds\":[],\"remark\":\"测试员\",\"roleIds\":[2],\"roles\":[{\"admin\":false,\"dataScope\":\"2\",\"deptCheckStrictly\":false,\"flag\":false,\"menuCheckStrictly\":false,\"params\":{},\"roleId\":2,\"roleKey\":\"common\",\"roleName\":\"普通角色\",\"roleSort\":2,\"status\":\"0\"}],\"sex\":\"1\",\"status\":\"0\",\"updateBy\":\"admin\",\"userId\":2,\"userName\":\"ry\"}','{\"msg\":\"操作成功\",\"code\":200}',0,NULL,'2025-04-14 15:41:59',64),(502,'用户管理',2,'com.ruoyi.web.controller.system.SysUserController.edit()','PUT',1,'admin','研发部门','/system/user','127.0.0.1','内网IP','{\"admin\":false,\"avatar\":\"\",\"createBy\":\"admin\",\"createTime\":\"2025-04-12 17:51:01\",\"delFlag\":\"0\",\"dept\":{\"ancestors\":\"0,100,101\",\"children\":[],\"deptId\":105,\"deptName\":\"测试部门\",\"leader\":\"若依\",\"orderNum\":3,\"params\":{},\"parentId\":101,\"status\":\"0\"},\"deptId\":103,\"email\":\"ry@qq.com\",\"loginDate\":\"2025-04-14 10:14:27\",\"loginIp\":\"127.0.0.1\",\"nickName\":\"hxx\",\"params\":{},\"phonenumber\":\"15666666666\",\"postIds\":[],\"remark\":\"测试员\",\"roleIds\":[2],\"roles\":[{\"admin\":false,\"dataScope\":\"2\",\"deptCheckStrictly\":false,\"flag\":false,\"menuCheckStrictly\":false,\"params\":{},\"roleId\":2,\"roleKey\":\"common\",\"roleName\":\"普通角色\",\"roleSort\":2,\"status\":\"0\"}],\"sex\":\"1\",\"status\":\"0\",\"updateBy\":\"admin\",\"userId\":2,\"userName\":\"ry\"}','{\"msg\":\"操作成功\",\"code\":200}',0,NULL,'2025-04-14 15:42:10',57),(503,'部门管理',3,'com.ruoyi.web.controller.system.SysDeptController.remove()','DELETE',1,'admin','研发部门','/system/dept/104','127.0.0.1','内网IP','104','{\"msg\":\"操作成功\",\"code\":200}',0,NULL,'2025-04-14 15:42:16',36),(504,'部门管理',3,'com.ruoyi.web.controller.system.SysDeptController.remove()','DELETE',1,'admin','研发部门','/system/dept/105','127.0.0.1','内网IP','105','{\"msg\":\"操作成功\",\"code\":200}',0,NULL,'2025-04-14 15:42:18',17),(505,'部门管理',3,'com.ruoyi.web.controller.system.SysDeptController.remove()','DELETE',1,'admin','研发部门','/system/dept/106','127.0.0.1','内网IP','106','{\"msg\":\"操作成功\",\"code\":200}',0,NULL,'2025-04-14 15:42:20',18),(506,'部门管理',3,'com.ruoyi.web.controller.system.SysDeptController.remove()','DELETE',1,'admin','研发部门','/system/dept/107','127.0.0.1','内网IP','107','{\"msg\":\"操作成功\",\"code\":200}',0,NULL,'2025-04-14 15:42:22',16),(507,'部门管理',2,'com.ruoyi.web.controller.system.SysDeptController.edit()','PUT',1,'admin','研发部门','/system/dept','127.0.0.1','内网IP','{\"ancestors\":\"0\",\"children\":[],\"deptId\":100,\"deptName\":\"平山公司\",\"email\":\"hxx@qq.com\",\"leader\":\"hxx\",\"orderNum\":0,\"params\":{},\"parentId\":0,\"phone\":\"15888888888\",\"status\":\"0\",\"updateBy\":\"admin\"}','{\"msg\":\"操作成功\",\"code\":200}',0,NULL,'2025-04-14 15:42:44',56),(508,'部门管理',2,'com.ruoyi.web.controller.system.SysDeptController.edit()','PUT',1,'admin','研发部门','/system/dept','127.0.0.1','内网IP','{\"ancestors\":\"0,100\",\"children\":[],\"deptId\":101,\"deptName\":\"石家庄总公司\",\"email\":\"hxx@qq.com\",\"leader\":\"hxx\",\"orderNum\":1,\"params\":{},\"parentId\":100,\"parentName\":\"平山公司\",\"phone\":\"15888888888\",\"status\":\"0\",\"updateBy\":\"admin\"}','{\"msg\":\"操作成功\",\"code\":200}',0,NULL,'2025-04-14 15:42:57',91),(509,'部门管理',3,'com.ruoyi.web.controller.system.SysDeptController.remove()','DELETE',1,'admin','研发部门','/system/dept/102','127.0.0.1','内网IP','102','{\"msg\":\"存在下级部门,不允许删除\",\"code\":601}',0,NULL,'2025-04-14 15:42:58',12),(510,'部门管理',3,'com.ruoyi.web.controller.system.SysDeptController.remove()','DELETE',1,'admin','研发部门','/system/dept/108','127.0.0.1','内网IP','108','{\"msg\":\"操作成功\",\"code\":200}',0,NULL,'2025-04-14 15:43:01',30),(511,'部门管理',3,'com.ruoyi.web.controller.system.SysDeptController.remove()','DELETE',1,'admin','研发部门','/system/dept/109','127.0.0.1','内网IP','109','{\"msg\":\"操作成功\",\"code\":200}',0,NULL,'2025-04-14 15:43:02',19),(512,'部门管理',3,'com.ruoyi.web.controller.system.SysDeptController.remove()','DELETE',1,'admin','研发部门','/system/dept/102','127.0.0.1','内网IP','102','{\"msg\":\"操作成功\",\"code\":200}',0,NULL,'2025-04-14 15:43:04',17),(513,'部门管理',2,'com.ruoyi.web.controller.system.SysDeptController.edit()','PUT',1,'admin','研发部门','/system/dept','127.0.0.1','内网IP','{\"ancestors\":\"0,100,101\",\"children\":[],\"deptId\":103,\"deptName\":\"开发部门\",\"email\":\"hxx@qq.com\",\"leader\":\"hxx\",\"orderNum\":1,\"params\":{},\"parentId\":101,\"parentName\":\"石家庄总公司\",\"phone\":\"15888888888\",\"status\":\"0\",\"updateBy\":\"admin\"}','{\"msg\":\"操作成功\",\"code\":200}',0,NULL,'2025-04-14 15:43:25',47),(514,'用户管理',2,'com.ruoyi.web.controller.system.SysUserController.edit()','PUT',1,'admin','开发部门','/system/user','127.0.0.1','内网IP','{\"admin\":false,\"avatar\":\"\",\"createBy\":\"\",\"createTime\":\"2025-04-25 07:56:46\",\"delFlag\":\"0\",\"email\":\"\",\"loginDate\":\"2025-04-25 15:56:55\",\"loginIp\":\"127.0.0.1\",\"nickName\":\"123\",\"params\":{},\"phonenumber\":\"\",\"postIds\":[],\"roleIds\":[2],\"roles\":[],\"sex\":\"0\",\"status\":\"0\",\"updateBy\":\"admin\",\"userId\":103,\"userName\":\"123\"}','{\"msg\":\"操作成功\",\"code\":200}',0,NULL,'2025-04-25 07:57:26',42),(515,'用户管理',2,'com.ruoyi.web.controller.system.SysUserController.edit()','PUT',1,'admin','开发部门','/system/user','127.0.0.1','内网IP','{\"admin\":false,\"avatar\":\"\",\"createBy\":\"admin\",\"createTime\":\"2025-04-12 17:51:01\",\"delFlag\":\"0\",\"dept\":{\"ancestors\":\"0,100,101\",\"children\":[],\"deptId\":103,\"deptName\":\"开发部门\",\"leader\":\"hxx\",\"orderNum\":1,\"params\":{},\"parentId\":101,\"status\":\"0\"},\"deptId\":103,\"email\":\"ry@qq.com\",\"loginDate\":\"2025-04-14 10:14:27\",\"loginIp\":\"127.0.0.1\",\"nickName\":\"hxx\",\"params\":{},\"phonenumber\":\"15666666666\",\"postIds\":[],\"remark\":\"测试员\",\"roleIds\":[2],\"roles\":[{\"admin\":false,\"dataScope\":\"2\",\"deptCheckStrictly\":false,\"flag\":false,\"menuCheckStrictly\":false,\"params\":{},\"roleId\":2,\"roleKey\":\"common\",\"roleName\":\"普通角色\",\"roleSort\":2,\"status\":\"0\"}],\"sex\":\"1\",\"status\":\"0\",\"updateBy\":\"admin\",\"userId\":2,\"userName\":\"ry\"}','{\"msg\":\"操作成功\",\"code\":200}',0,NULL,'2025-04-25 07:57:33',41),(516,'商品',1,'com.ruoyi.system.controller.ProductController.add()','POST',1,'44',NULL,'/system/product','127.0.0.1','内网IP','{\"categoryId\":3,\"description\":\"11\",\"imageUrl\":\"/profile/upload/2025/04/26/ju2_20250426020943A006.jpg\",\"name\":\"好橘子\",\"pStatus\":1,\"params\":{},\"price\":2,\"productId\":11,\"qualityLevel\":1,\"stock\":2}','{\"msg\":\"操作成功\",\"code\":200}',0,NULL,'2025-04-25 18:09:48',81),(517,'商品',1,'com.ruoyi.system.controller.ProductController.add()','POST',1,'44',NULL,'/system/product','127.0.0.1','内网IP','{\"categoryId\":3,\"description\":\"11\",\"imageUrl\":\"http://localhost:8080/profile/upload/2025/04/26/q1_20250426021225A007.jpg\",\"name\":\"好橘子1\",\"pStatus\":1,\"params\":{},\"price\":2,\"productId\":12,\"qualityLevel\":1,\"stock\":2}','{\"msg\":\"操作成功\",\"code\":200}',0,NULL,'2025-04-25 18:12:37',77),(518,'个人信息',2,'com.ruoyi.web.controller.system.SysProfileController.updateProfile()','PUT',1,'admin','开发部门','/system/user/profile','127.0.0.1','内网IP','{\"admin\":true,\"createBy\":\"admin\",\"createTime\":\"2025-04-12 17:51:01\",\"delFlag\":\"0\",\"dept\":{\"ancestors\":\"0,100,101\",\"children\":[],\"deptId\":103,\"deptName\":\"开发部门\",\"leader\":\"hxx\",\"orderNum\":1,\"params\":{\"@type\":\"java.util.HashMap\"},\"parentId\":101,\"status\":\"0\"},\"deptId\":103,\"email\":\"ry@163.com\",\"loginDate\":\"2025-04-26 00:56:16\",\"loginIp\":\"127.0.0.1\",\"nickName\":\"若依\",\"params\":{\"@type\":\"java.util.HashMap\"},\"phonenumber\":\"18830221092\",\"remark\":\"管理员\",\"roles\":[{\"admin\":true,\"dataScope\":\"1\",\"deptCheckStrictly\":false,\"flag\":false,\"menuCheckStrictly\":false,\"params\":{\"@type\":\"java.util.HashMap\"},\"roleId\":1,\"roleKey\":\"admin\",\"roleName\":\"超级管理员\",\"roleSort\":1,\"status\":\"0\"}],\"sex\":\"1\",\"status\":\"0\",\"userId\":1,\"userName\":\"admin\"}','{\"msg\":\"操作成功\",\"code\":200}',0,NULL,'2025-04-26 08:48:31',274),(519,'菜单管理',2,'com.ruoyi.web.controller.system.SysMenuController.edit()','PUT',1,'admin','开发部门','/system/menu','127.0.0.1','内网IP','{\"children\":[],\"createTime\":\"2025-04-12 17:51:01\",\"icon\":\"tool\",\"isCache\":\"0\",\"isFrame\":\"1\",\"menuId\":3,\"menuName\":\"系统工具\",\"menuType\":\"M\",\"orderNum\":3,\"params\":{},\"parentId\":0,\"path\":\"tool\",\"perms\":\"\",\"query\":\"\",\"routeName\":\"\",\"status\":\"0\",\"updateBy\":\"admin\",\"visible\":\"0\"}','{\"msg\":\"操作成功\",\"code\":200}',0,NULL,'2025-04-26 14:11:05',43),(520,'代码生成',6,'com.ruoyi.generator.controller.GenController.importTableSave()','POST',1,'admin','开发部门','/tool/gen/importTable','127.0.0.1','内网IP','{\"tables\":\"address\"}','{\"msg\":\"操作成功\",\"code\":200}',0,NULL,'2025-04-26 14:11:13',114),(521,'代码生成',2,'com.ruoyi.generator.controller.GenController.synchDb()','GET',1,'admin','开发部门','/tool/gen/synchDb/order','127.0.0.1','内网IP','{}','{\"msg\":\"操作成功\",\"code\":200}',0,NULL,'2025-04-26 14:12:50',113),(522,'代码生成',2,'com.ruoyi.generator.controller.GenController.editSave()','PUT',1,'admin','开发部门','/tool/gen','127.0.0.1','内网IP','{\"businessName\":\"order\",\"className\":\"Order\",\"columns\":[{\"capJavaField\":\"OrderId\",\"columnComment\":\"订单ID\",\"columnId\":6,\"columnName\":\"order_id\",\"columnType\":\"int\",\"createBy\":\"admin\",\"createTime\":\"2025-04-12 18:04:00\",\"dictType\":\"\",\"edit\":false,\"htmlType\":\"input\",\"increment\":true,\"insert\":true,\"isIncrement\":\"1\",\"isInsert\":\"1\",\"isPk\":\"1\",\"isRequired\":\"0\",\"javaField\":\"orderId\",\"javaType\":\"Long\",\"list\":false,\"params\":{},\"pk\":true,\"query\":false,\"queryType\":\"EQ\",\"required\":false,\"sort\":1,\"superColumn\":false,\"tableId\":2,\"updateBy\":\"\",\"updateTime\":\"2025-04-26 14:12:50\",\"usableColumn\":false},{\"capJavaField\":\"UserId\",\"columnComment\":\"用户ID\",\"columnId\":7,\"columnName\":\"user_id\",\"columnType\":\"bigint\",\"createBy\":\"admin\",\"createTime\":\"2025-04-12 18:04:00\",\"dictType\":\"\",\"edit\":true,\"htmlType\":\"input\",\"increment\":false,\"insert\":true,\"isEdit\":\"1\",\"isIncrement\":\"0\",\"isInsert\":\"1\",\"isList\":\"1\",\"isPk\":\"0\",\"isQuery\":\"1\",\"isRequired\":\"1\",\"javaField\":\"userId\",\"javaType\":\"Long\",\"list\":true,\"params\":{},\"pk\":false,\"query\":true,\"queryType\":\"EQ\",\"required\":true,\"sort\":2,\"superColumn\":false,\"tableId\":2,\"updateBy\":\"\",\"updateTime\":\"2025-04-26 14:12:50\",\"usableColumn\":false},{\"capJavaField\":\"TotalAmount\",\"columnComment\":\"订单总金额\",\"columnId\":8,\"columnName\":\"total_amount\",\"columnType\":\"decimal(10,2)\",\"createBy\":\"admin\",\"createTime\":\"2025-04-12 18:04:00\",\"dictType\":\"\",\"edit\":true,\"htmlType\":\"input\",\"increment\":false,\"insert\":true,\"isEdit\":\"1\",\"isIncrement\":\"0\",\"isInsert\":\"1\",\"isList\":\"1\",\"isPk\":\"0\",\"isQuery\":\"1\",\"isRequired\":\"1\",\"javaField\":\"totalAmount\",\"javaType\":\"BigDecimal\",\"list\":true,\"params\":{},\"pk\":false,\"query\":true,\"queryType\":\"EQ\",\"required\":true,\"sort\":3,\"superColumn\":false,\"tableId\":2,\"updateBy\":\"\",\"updateTime\":\"2025-04-26 14:12:50\",\"usableColumn\":false},{\"capJavaField\":\"Status\",\"columnComment\":\"订单状态（如待付款、已发货）\",\"columnId\":9,\"columnName\":\"status\",\"columnType\":\"varchar(20)\",\"createBy\":\"admin\",\"createTime\":\"2025-04-12 18:04:00\",\"dictType\":\"\",\"edit\":true,\"htmlType\":\"radio\",\"increment\":false,\"insert','{\"msg\":\"操作成功\",\"code\":200}',0,NULL,'2025-04-26 14:13:06',58),(523,'代码生成',2,'com.ruoyi.generator.controller.GenController.editSave()','PUT',1,'admin','开发部门','/tool/gen','127.0.0.1','内网IP','{\"businessName\":\"address\",\"className\":\"Address\",\"columns\":[{\"capJavaField\":\"AddressId\",\"columnComment\":\"地址主键\",\"columnId\":46,\"columnName\":\"address_id\",\"columnType\":\"int\",\"createBy\":\"admin\",\"createTime\":\"2025-04-26 14:11:13\",\"dictType\":\"\",\"edit\":false,\"htmlType\":\"input\",\"increment\":true,\"insert\":true,\"isIncrement\":\"1\",\"isInsert\":\"1\",\"isPk\":\"1\",\"isRequired\":\"0\",\"javaField\":\"addressId\",\"javaType\":\"Long\",\"list\":false,\"params\":{},\"pk\":true,\"query\":false,\"queryType\":\"EQ\",\"required\":false,\"sort\":1,\"superColumn\":false,\"tableId\":8,\"updateBy\":\"\",\"usableColumn\":false},{\"capJavaField\":\"UserId\",\"columnComment\":\"关联用户ID\",\"columnId\":47,\"columnName\":\"user_id\",\"columnType\":\"bigint\",\"createBy\":\"admin\",\"createTime\":\"2025-04-26 14:11:13\",\"dictType\":\"\",\"edit\":true,\"htmlType\":\"input\",\"increment\":false,\"insert\":true,\"isEdit\":\"1\",\"isIncrement\":\"0\",\"isInsert\":\"1\",\"isList\":\"1\",\"isPk\":\"0\",\"isQuery\":\"1\",\"isRequired\":\"1\",\"javaField\":\"userId\",\"javaType\":\"Long\",\"list\":true,\"params\":{},\"pk\":false,\"query\":true,\"queryType\":\"EQ\",\"required\":true,\"sort\":2,\"superColumn\":false,\"tableId\":8,\"updateBy\":\"\",\"usableColumn\":false},{\"capJavaField\":\"OrderId\",\"columnComment\":\"关联订单ID\",\"columnId\":48,\"columnName\":\"order_id\",\"columnType\":\"int\",\"createBy\":\"admin\",\"createTime\":\"2025-04-26 14:11:13\",\"dictType\":\"\",\"edit\":true,\"htmlType\":\"input\",\"increment\":false,\"insert\":true,\"isEdit\":\"1\",\"isIncrement\":\"0\",\"isInsert\":\"1\",\"isList\":\"1\",\"isPk\":\"0\",\"isQuery\":\"1\",\"isRequired\":\"1\",\"javaField\":\"orderId\",\"javaType\":\"Long\",\"list\":true,\"params\":{},\"pk\":false,\"query\":true,\"queryType\":\"EQ\",\"required\":true,\"sort\":3,\"superColumn\":false,\"tableId\":8,\"updateBy\":\"\",\"usableColumn\":false},{\"capJavaField\":\"Address\",\"columnComment\":\"详细地址\",\"columnId\":49,\"columnName\":\"address\",\"columnType\":\"varchar(255)\",\"createBy\":\"admin\",\"createTime\":\"2025-04-26 14:11:13\",\"dictType\":\"\",\"edit\":true,\"htmlType\":\"input\",\"increment\":false,\"insert\":true,\"isEdit\":\"1\",\"isIncrement\":\"0\",\"isInsert\":\"1\",\"isList\":\"1\",\"isPk\":\"0\",\"isQuery\":\"1\",\"isRequired\":\"1\",\"javaField\":\"ad','{\"msg\":\"操作成功\",\"code\":200}',0,NULL,'2025-04-26 14:13:33',49),(524,'代码生成',8,'com.ruoyi.generator.controller.GenController.batchGenCode()','GET',1,'admin','开发部门','/tool/gen/batchGenCode','127.0.0.1','内网IP','{\"tables\":\"address,order\"}',NULL,0,NULL,'2025-04-26 14:13:38',282),(525,'代码生成',6,'com.ruoyi.generator.controller.GenController.importTableSave()','POST',1,'admin','开发部门','/tool/gen/importTable','127.0.0.1','内网IP','{\"tables\":\"user_address\"}','{\"msg\":\"操作成功\",\"code\":200}',0,NULL,'2025-04-26 16:25:16',77),(526,'代码生成',2,'com.ruoyi.generator.controller.GenController.synchDb()','GET',1,'admin','开发部门','/tool/gen/synchDb/address','127.0.0.1','内网IP','{}','{\"msg\":\"操作成功\",\"code\":200}',0,NULL,'2025-04-26 16:25:20',71),(527,'代码生成',2,'com.ruoyi.generator.controller.GenController.editSave()','PUT',1,'admin','开发部门','/tool/gen','127.0.0.1','内网IP','{\"businessName\":\"address\",\"className\":\"Address\",\"columns\":[{\"capJavaField\":\"AddressId\",\"columnComment\":\"地址主键\",\"columnId\":46,\"columnName\":\"address_id\",\"columnType\":\"int\",\"createBy\":\"admin\",\"createTime\":\"2025-04-26 14:11:13\",\"dictType\":\"\",\"edit\":false,\"htmlType\":\"input\",\"increment\":true,\"insert\":true,\"isIncrement\":\"1\",\"isInsert\":\"1\",\"isPk\":\"1\",\"isRequired\":\"0\",\"javaField\":\"addressId\",\"javaType\":\"Long\",\"list\":false,\"params\":{},\"pk\":true,\"query\":false,\"queryType\":\"EQ\",\"required\":false,\"sort\":1,\"superColumn\":false,\"tableId\":8,\"updateBy\":\"\",\"updateTime\":\"2025-04-26 16:25:20\",\"usableColumn\":false},{\"capJavaField\":\"OrderId\",\"columnComment\":\"关联订单ID\",\"columnId\":48,\"columnName\":\"order_id\",\"columnType\":\"int\",\"createBy\":\"admin\",\"createTime\":\"2025-04-26 14:11:13\",\"dictType\":\"\",\"edit\":true,\"htmlType\":\"input\",\"increment\":false,\"insert\":true,\"isEdit\":\"1\",\"isIncrement\":\"0\",\"isInsert\":\"1\",\"isList\":\"1\",\"isPk\":\"0\",\"isQuery\":\"1\",\"isRequired\":\"1\",\"javaField\":\"orderId\",\"javaType\":\"Long\",\"list\":true,\"params\":{},\"pk\":false,\"query\":true,\"queryType\":\"EQ\",\"required\":true,\"sort\":2,\"superColumn\":false,\"tableId\":8,\"updateBy\":\"\",\"updateTime\":\"2025-04-26 16:25:20\",\"usableColumn\":false},{\"capJavaField\":\"Address\",\"columnComment\":\"详细地址\",\"columnId\":49,\"columnName\":\"address\",\"columnType\":\"varchar(255)\",\"createBy\":\"admin\",\"createTime\":\"2025-04-26 14:11:13\",\"dictType\":\"\",\"edit\":true,\"htmlType\":\"input\",\"increment\":false,\"insert\":true,\"isEdit\":\"1\",\"isIncrement\":\"0\",\"isInsert\":\"1\",\"isList\":\"1\",\"isPk\":\"0\",\"isQuery\":\"1\",\"isRequired\":\"1\",\"javaField\":\"address\",\"javaType\":\"String\",\"list\":true,\"params\":{},\"pk\":false,\"query\":true,\"queryType\":\"EQ\",\"required\":true,\"sort\":3,\"superColumn\":false,\"tableId\":8,\"updateBy\":\"\",\"updateTime\":\"2025-04-26 16:25:20\",\"usableColumn\":false}],\"crud\":true,\"functionAuthor\":\"hxx\",\"functionName\":\"订单地址信息\",\"genPath\":\"/\",\"genType\":\"0\",\"moduleName\":\"system\",\"options\":\"{\\\"parentMenuId\\\":2000}\",\"packageName\":\"com.ruoyi.system\",\"params\":{\"parentMenuId\":2000},\"parentMenuId\":2000,\"sub\":false,\"table','{\"msg\":\"操作成功\",\"code\":200}',0,NULL,'2025-04-26 16:25:38',74),(528,'代码生成',2,'com.ruoyi.generator.controller.GenController.editSave()','PUT',1,'admin','开发部门','/tool/gen','127.0.0.1','内网IP','{\"businessName\":\"address\",\"className\":\"UserAddress\",\"columns\":[{\"capJavaField\":\"AddressId\",\"columnComment\":\"地址主键\",\"columnId\":51,\"columnName\":\"address_id\",\"columnType\":\"int\",\"createBy\":\"admin\",\"createTime\":\"2025-04-26 16:25:16\",\"dictType\":\"\",\"edit\":false,\"htmlType\":\"input\",\"increment\":true,\"insert\":true,\"isIncrement\":\"1\",\"isInsert\":\"1\",\"isPk\":\"1\",\"isRequired\":\"0\",\"javaField\":\"addressId\",\"javaType\":\"Long\",\"list\":false,\"params\":{},\"pk\":true,\"query\":false,\"queryType\":\"EQ\",\"required\":false,\"sort\":1,\"superColumn\":false,\"tableId\":9,\"updateBy\":\"\",\"usableColumn\":false},{\"capJavaField\":\"UserId\",\"columnComment\":\"关联用户ID\",\"columnId\":52,\"columnName\":\"user_id\",\"columnType\":\"bigint\",\"createBy\":\"admin\",\"createTime\":\"2025-04-26 16:25:16\",\"dictType\":\"\",\"edit\":true,\"htmlType\":\"input\",\"increment\":false,\"insert\":true,\"isEdit\":\"1\",\"isIncrement\":\"0\",\"isInsert\":\"1\",\"isList\":\"1\",\"isPk\":\"0\",\"isQuery\":\"1\",\"isRequired\":\"1\",\"javaField\":\"userId\",\"javaType\":\"Long\",\"list\":true,\"params\":{},\"pk\":false,\"query\":true,\"queryType\":\"EQ\",\"required\":true,\"sort\":2,\"superColumn\":false,\"tableId\":9,\"updateBy\":\"\",\"usableColumn\":false},{\"capJavaField\":\"Address\",\"columnComment\":\"详细地址\",\"columnId\":53,\"columnName\":\"address\",\"columnType\":\"varchar(255)\",\"createBy\":\"admin\",\"createTime\":\"2025-04-26 16:25:16\",\"dictType\":\"\",\"edit\":true,\"htmlType\":\"input\",\"increment\":false,\"insert\":true,\"isEdit\":\"1\",\"isIncrement\":\"0\",\"isInsert\":\"1\",\"isList\":\"1\",\"isPk\":\"0\",\"isQuery\":\"1\",\"isRequired\":\"1\",\"javaField\":\"address\",\"javaType\":\"String\",\"list\":true,\"params\":{},\"pk\":false,\"query\":true,\"queryType\":\"EQ\",\"required\":true,\"sort\":3,\"superColumn\":false,\"tableId\":9,\"updateBy\":\"\",\"usableColumn\":false}],\"crud\":true,\"functionAuthor\":\"hxx\",\"functionName\":\"用户地址信息\",\"genPath\":\"/\",\"genType\":\"0\",\"moduleName\":\"system\",\"options\":\"{\\\"parentMenuId\\\":2000}\",\"packageName\":\"com.ruoyi.system\",\"params\":{\"parentMenuId\":2000},\"parentMenuId\":2000,\"sub\":false,\"tableComment\":\"用户地址信息\",\"tableId\":9,\"tableName\":\"user_address\",\"tplCategory\":\"crud\",\"tplWebType\":\"element-u','{\"msg\":\"操作成功\",\"code\":200}',0,NULL,'2025-04-26 16:25:50',53),(529,'代码生成',8,'com.ruoyi.generator.controller.GenController.batchGenCode()','GET',1,'admin','开发部门','/tool/gen/batchGenCode','127.0.0.1','内网IP','{\"tables\":\"user_address,address\"}',NULL,0,NULL,'2025-04-26 16:25:54',400),(530,'代码生成',2,'com.ruoyi.generator.controller.GenController.editSave()','PUT',1,'admin','开发部门','/tool/gen','127.0.0.1','内网IP','{\"businessName\":\"user_address\",\"className\":\"UserAddress\",\"columns\":[{\"capJavaField\":\"AddressId\",\"columnComment\":\"地址主键\",\"columnId\":51,\"columnName\":\"address_id\",\"columnType\":\"int\",\"createBy\":\"admin\",\"createTime\":\"2025-04-26 16:25:16\",\"dictType\":\"\",\"edit\":false,\"htmlType\":\"input\",\"increment\":true,\"insert\":true,\"isIncrement\":\"1\",\"isInsert\":\"1\",\"isPk\":\"1\",\"isRequired\":\"0\",\"javaField\":\"addressId\",\"javaType\":\"Long\",\"list\":false,\"params\":{},\"pk\":true,\"query\":false,\"queryType\":\"EQ\",\"required\":false,\"sort\":1,\"superColumn\":false,\"tableId\":9,\"updateBy\":\"\",\"updateTime\":\"2025-04-26 16:25:50\",\"usableColumn\":false},{\"capJavaField\":\"UserId\",\"columnComment\":\"关联用户ID\",\"columnId\":52,\"columnName\":\"user_id\",\"columnType\":\"bigint\",\"createBy\":\"admin\",\"createTime\":\"2025-04-26 16:25:16\",\"dictType\":\"\",\"edit\":true,\"htmlType\":\"input\",\"increment\":false,\"insert\":true,\"isEdit\":\"1\",\"isIncrement\":\"0\",\"isInsert\":\"1\",\"isList\":\"1\",\"isPk\":\"0\",\"isQuery\":\"1\",\"isRequired\":\"1\",\"javaField\":\"userId\",\"javaType\":\"Long\",\"list\":true,\"params\":{},\"pk\":false,\"query\":true,\"queryType\":\"EQ\",\"required\":true,\"sort\":2,\"superColumn\":false,\"tableId\":9,\"updateBy\":\"\",\"updateTime\":\"2025-04-26 16:25:50\",\"usableColumn\":false},{\"capJavaField\":\"Address\",\"columnComment\":\"详细地址\",\"columnId\":53,\"columnName\":\"address\",\"columnType\":\"varchar(255)\",\"createBy\":\"admin\",\"createTime\":\"2025-04-26 16:25:16\",\"dictType\":\"\",\"edit\":true,\"htmlType\":\"input\",\"increment\":false,\"insert\":true,\"isEdit\":\"1\",\"isIncrement\":\"0\",\"isInsert\":\"1\",\"isList\":\"1\",\"isPk\":\"0\",\"isQuery\":\"1\",\"isRequired\":\"1\",\"javaField\":\"address\",\"javaType\":\"String\",\"list\":true,\"params\":{},\"pk\":false,\"query\":true,\"queryType\":\"EQ\",\"required\":true,\"sort\":3,\"superColumn\":false,\"tableId\":9,\"updateBy\":\"\",\"updateTime\":\"2025-04-26 16:25:50\",\"usableColumn\":false}],\"crud\":true,\"functionAuthor\":\"hxx\",\"functionName\":\"用户地址信息\",\"genPath\":\"/\",\"genType\":\"0\",\"moduleName\":\"system\",\"options\":\"{\\\"parentMenuId\\\":2000}\",\"packageName\":\"com.ruoyi.system\",\"params\":{\"parentMenuId\":2000},\"parentMenuId\":2000,\"sub\":fal','{\"msg\":\"操作成功\",\"code\":200}',0,NULL,'2025-04-26 16:26:27',50),(531,'代码生成',8,'com.ruoyi.generator.controller.GenController.batchGenCode()','GET',1,'admin','开发部门','/tool/gen/batchGenCode','127.0.0.1','内网IP','{\"tables\":\"user_address,address\"}',NULL,0,NULL,'2025-04-26 16:26:37',110),(532,'用户地址信息',1,'com.ruoyi.system.controller.UserAddressController.add()','POST',1,'admin','开发部门','/system/user_address','127.0.0.1','内网IP','{\"address\":\"1234\",\"params\":{}}',NULL,1,'\n### Error updating database.  Cause: java.sql.SQLException: Field \'user_id\' doesn\'t have a default value\n### The error may exist in URL [jar:file:/Users/lingluo/Documents/project/hxx3/RuoYi-Vue/ruoyi-admin/target/ruoyi-admin.jar!/BOOT-INF/lib/ruoyi-system-3.8.9.jar!/mapper/system/UserAddressMapper.xml]\n### The error may involve com.ruoyi.system.mapper.UserAddressMapper.insertUserAddress-Inline\n### The error occurred while setting parameters\n### SQL: insert into user_address          ( address )           values ( ? )\n### Cause: java.sql.SQLException: Field \'user_id\' doesn\'t have a default value\n; Field \'user_id\' doesn\'t have a default value; nested exception is java.sql.SQLException: Field \'user_id\' doesn\'t have a default value','2025-04-26 16:47:00',249),(533,'用户地址信息',1,'com.ruoyi.system.controller.UserAddressController.add()','POST',1,'admin','开发部门','/system/user_address','127.0.0.1','内网IP','{\"address\":\"112233\",\"addressId\":1,\"params\":{},\"userId\":1}','{\"msg\":\"操作成功\",\"code\":200}',0,NULL,'2025-04-26 17:03:58',152),(534,'用户地址信息',1,'com.ruoyi.system.controller.UserAddressController.add()','POST',1,'admin','开发部门','/system/user_address','127.0.0.1','内网IP','{\"address\":\"123456\",\"addressId\":2,\"params\":{},\"userId\":1}','{\"msg\":\"操作成功\",\"code\":200}',0,NULL,'2025-04-26 17:04:19',42),(535,'用户地址信息',3,'com.ruoyi.system.controller.UserAddressController.remove()','DELETE',1,'admin','开发部门','/system/user_address/1','127.0.0.1','内网IP','[1]','{\"msg\":\"操作成功\",\"code\":200}',0,NULL,'2025-04-26 17:09:38',87),(536,'用户地址信息',2,'com.ruoyi.system.controller.UserAddressController.edit()','PUT',1,'admin','开发部门','/system/user_address','127.0.0.1','内网IP','{\"address\":\"1111111111\",\"addressId\":2,\"params\":{}}','{\"msg\":\"操作成功\",\"code\":200}',0,NULL,'2025-04-26 17:09:46',33),(537,'菜单管理',1,'com.ruoyi.web.controller.system.SysMenuController.add()','POST',1,'admin','开发部门','/system/menu','127.0.0.1','内网IP','{\"children\":[],\"createBy\":\"admin\",\"icon\":\"build\",\"isCache\":\"0\",\"isFrame\":\"1\",\"menuName\":\"数据统计\",\"menuType\":\"C\",\"orderNum\":1,\"params\":{},\"parentId\":2,\"path\":\"statistics\",\"routeName\":\"数据统计\",\"status\":\"0\",\"visible\":\"0\"}','{\"msg\":\"操作成功\",\"code\":200}',0,NULL,'2025-04-26 17:16:51',142),(538,'菜单管理',2,'com.ruoyi.web.controller.system.SysMenuController.edit()','PUT',1,'admin','开发部门','/system/menu','127.0.0.1','内网IP','{\"children\":[],\"component\":\"montior/statistics\",\"createTime\":\"2025-04-26 17:16:51\",\"icon\":\"build\",\"isCache\":\"0\",\"isFrame\":\"1\",\"menuId\":2055,\"menuName\":\"数据统计\",\"menuType\":\"C\",\"orderNum\":1,\"params\":{},\"parentId\":2,\"path\":\"statistics\",\"perms\":\"\",\"routeName\":\"数据统计\",\"status\":\"0\",\"updateBy\":\"admin\",\"visible\":\"0\"}','{\"msg\":\"操作成功\",\"code\":200}',0,NULL,'2025-04-26 17:19:23',60),(539,'菜单管理',2,'com.ruoyi.web.controller.system.SysMenuController.edit()','PUT',1,'admin','开发部门','/system/menu','127.0.0.1','内网IP','{\"children\":[],\"component\":\"montior/statistics/index\",\"createTime\":\"2025-04-26 17:16:51\",\"icon\":\"build\",\"isCache\":\"0\",\"isFrame\":\"1\",\"menuId\":2055,\"menuName\":\"数据统计\",\"menuType\":\"C\",\"orderNum\":1,\"params\":{},\"parentId\":2,\"path\":\"statistics\",\"perms\":\"monitor:statistics:list\",\"routeName\":\"数据统计\",\"status\":\"0\",\"updateBy\":\"admin\",\"visible\":\"0\"}','{\"msg\":\"操作成功\",\"code\":200}',0,NULL,'2025-04-26 17:19:53',42),(540,'菜单管理',2,'com.ruoyi.web.controller.system.SysMenuController.edit()','PUT',1,'admin','开发部门','/system/menu','127.0.0.1','内网IP','{\"children\":[],\"component\":\"monitor/job/index\",\"createTime\":\"2025-04-12 17:51:01\",\"icon\":\"job\",\"isCache\":\"0\",\"isFrame\":\"1\",\"menuId\":110,\"menuName\":\"定时任务\",\"menuType\":\"C\",\"orderNum\":2,\"params\":{},\"parentId\":2,\"path\":\"job\",\"perms\":\"monitor:job:list\",\"query\":\"\",\"routeName\":\"\",\"status\":\"0\",\"updateBy\":\"admin\",\"visible\":\"0\"}','{\"msg\":\"操作成功\",\"code\":200}',0,NULL,'2025-04-26 17:19:58',16),(541,'菜单管理',2,'com.ruoyi.web.controller.system.SysMenuController.edit()','PUT',1,'admin','开发部门','/system/menu','127.0.0.1','内网IP','{\"children\":[],\"component\":\"monitor/statistics/index\",\"createTime\":\"2025-04-26 17:16:51\",\"icon\":\"build\",\"isCache\":\"0\",\"isFrame\":\"1\",\"menuId\":2055,\"menuName\":\"数据统计\",\"menuType\":\"C\",\"orderNum\":1,\"params\":{},\"parentId\":2,\"path\":\"statistics\",\"perms\":\"monitor:statistics:list\",\"routeName\":\"数据统计\",\"status\":\"0\",\"updateBy\":\"admin\",\"visible\":\"0\"}','{\"msg\":\"操作成功\",\"code\":200}',0,NULL,'2025-04-26 17:25:36',39),(542,'购物车',2,'com.ruoyi.system.controller.CartController.edit()','PUT',1,'admin','开发部门','/system/cart','127.0.0.1','内网IP','{\"addedAt\":\"2025-04-14\",\"cartId\":11,\"params\":{},\"productId\":2,\"quantity\":4,\"userId\":1}','{\"msg\":\"操作成功\",\"code\":200}',0,NULL,'2025-04-27 02:06:47',42),(543,'订单',1,'com.ruoyi.system.controller.OrderController.add()','POST',1,'admin','开发部门','/system/order','127.0.0.1','内网IP','{\"params\":{},\"totalAmount\":331,\"userId\":1}',NULL,1,'\n### Error updating database.  Cause: java.sql.SQLSyntaxErrorException: You have an error in your SQL syntax; check the manual that corresponds to your MySQL server version for the right syntax to use near \'order\n         ( user_id,\n            total_amount ) \n         values ( 1,\n     \' at line 1\n### The error may exist in URL [jar:file:/Users/lingluo/Documents/project/hxx3/RuoYi-Vue/ruoyi-admin/target/ruoyi-admin.jar!/BOOT-INF/lib/ruoyi-system-3.8.9.jar!/mapper/system/OrderMapper.xml]\n### The error may involve com.ruoyi.system.mapper.OrderMapper.insertOrder-Inline\n### The error occurred while setting parameters\n### SQL: insert into order          ( user_id,             total_amount )           values ( ?,             ? )\n### Cause: java.sql.SQLSyntaxErrorException: You have an error in your SQL syntax; check the manual that corresponds to your MySQL server version for the right syntax to use near \'order\n         ( user_id,\n            total_amount ) \n         values ( 1,\n     \' at line 1\n; bad SQL grammar []; nested exception is java.sql.SQLSyntaxErrorException: You have an error in your SQL syntax; check the manual that corresponds to your MySQL server version for the right syntax to use near \'order\n         ( user_id,\n            total_amount ) \n         values ( 1,\n     \' at line 1','2025-04-27 02:06:56',103),(544,'订单',1,'com.ruoyi.system.controller.OrderController.add()','POST',1,'admin','开发部门','/system/order','127.0.0.1','内网IP','{\"orderId\":59,\"params\":{},\"totalAmount\":331,\"userId\":1}','{\"msg\":\"操作成功\",\"code\":200}',0,NULL,'2025-04-27 03:07:48',190),(545,'订单',1,'com.ruoyi.system.controller.OrderController.add()','POST',1,'admin','开发部门','/system/order','127.0.0.1','内网IP','{\"addressId\":2,\"params\":{},\"userId\":1}',NULL,1,'\n### Error updating database.  Cause: java.sql.SQLIntegrityConstraintViolationException: Cannot add or update a child row: a foreign key constraint fails (`hbps`.`order`, CONSTRAINT `fk_order_address` FOREIGN KEY (`address_id`) REFERENCES `address` (`address_id`))\n### The error may exist in URL [jar:file:/Users/lingluo/Documents/project/hxx3/RuoYi-Vue/ruoyi-admin/target/ruoyi-admin.jar!/BOOT-INF/lib/ruoyi-system-3.8.9.jar!/mapper/system/OrderMapper.xml]\n### The error may involve com.ruoyi.system.mapper.OrderMapper.insertOrder-Inline\n### The error occurred while setting parameters\n### SQL: insert into `order`          ( user_id,                                                                                           address_id )           values ( ?,                                                                                           ? )\n### Cause: java.sql.SQLIntegrityConstraintViolationException: Cannot add or update a child row: a foreign key constraint fails (`hbps`.`order`, CONSTRAINT `fk_order_address` FOREIGN KEY (`address_id`) REFERENCES `address` (`address_id`))\n; Cannot add or update a child row: a foreign key constraint fails (`hbps`.`order`, CONSTRAINT `fk_order_address` FOREIGN KEY (`address_id`) REFERENCES `address` (`address_id`)); nested exception is java.sql.SQLIntegrityConstraintViolationException: Cannot add or update a child row: a foreign key constraint fails (`hbps`.`order`, CONSTRAINT `fk_order_address` FOREIGN KEY (`address_id`) REFERENCES `address` (`address_id`))','2025-04-27 03:07:49',400),(546,'订单',1,'com.ruoyi.system.controller.OrderController.add()','POST',1,'admin','开发部门','/system/order','127.0.0.1','内网IP','{\"addressId\":2,\"orderId\":60,\"params\":{},\"userId\":1}','{\"msg\":\"操作成功\",\"code\":200}',0,NULL,'2025-04-27 03:10:53',50),(547,'订单',1,'com.ruoyi.system.controller.OrderController.add()','POST',1,'admin','开发部门','/system/order','127.0.0.1','内网IP','{\"orderId\":61,\"params\":{},\"totalAmount\":331,\"userId\":1}','{\"msg\":\"操作成功\",\"code\":200}',0,NULL,'2025-04-27 03:10:53',9),(548,'购物车',2,'com.ruoyi.system.controller.CartController.edit()','PUT',1,'admin','开发部门','/system/cart','127.0.0.1','内网IP','{\"cartId\":11,\"params\":{},\"quantity\":2}','{\"msg\":\"操作成功\",\"code\":200}',0,NULL,'2025-04-27 03:12:22',30),(549,'购物车',2,'com.ruoyi.system.controller.CartController.edit()','PUT',1,'admin','开发部门','/system/cart','127.0.0.1','内网IP','{\"cartId\":11,\"params\":{},\"quantity\":3}','{\"msg\":\"操作成功\",\"code\":200}',0,NULL,'2025-04-27 03:12:22',56),(550,'购物车',2,'com.ruoyi.system.controller.CartController.edit()','PUT',1,'admin','开发部门','/system/cart','127.0.0.1','内网IP','{\"cartId\":11,\"params\":{},\"quantity\":1}','{\"msg\":\"操作成功\",\"code\":200}',0,NULL,'2025-04-27 03:12:22',13),(551,'购物车',2,'com.ruoyi.system.controller.CartController.edit()','PUT',1,'admin','开发部门','/system/cart','127.0.0.1','内网IP','{\"cartId\":11,\"params\":{},\"quantity\":1}','{\"msg\":\"操作成功\",\"code\":200}',0,NULL,'2025-04-27 03:12:22',4),(552,'订单',1,'com.ruoyi.system.controller.OrderController.add()','POST',1,'admin','开发部门','/system/order','127.0.0.1','内网IP','{\"addressId\":2,\"orderId\":62,\"params\":{},\"userId\":1}','{\"msg\":\"操作成功\",\"code\":200}',0,NULL,'2025-04-27 03:12:23',17),(553,'订单',3,'com.ruoyi.system.controller.OrderController.remove()','DELETE',1,'admin','开发部门','/system/order/56','127.0.0.1','内网IP','[56]',NULL,1,'\n### Error updating database.  Cause: java.sql.SQLIntegrityConstraintViolationException: Cannot delete or update a parent row: a foreign key constraint fails (`hbps`.`order_detail`, CONSTRAINT `order_detail_ibfk_1` FOREIGN KEY (`order_id`) REFERENCES `order` (`order_id`))\n### The error may exist in URL [jar:file:/Users/lingluo/Documents/project/hxx3/RuoYi-Vue/ruoyi-admin/target/ruoyi-admin.jar!/BOOT-INF/lib/ruoyi-system-3.8.9.jar!/mapper/system/OrderMapper.xml]\n### The error may involve com.ruoyi.system.mapper.OrderMapper.deleteOrderByOrderIds-Inline\n### The error occurred while setting parameters\n### SQL: delete from `order` where order_id in           (               ?          )\n### Cause: java.sql.SQLIntegrityConstraintViolationException: Cannot delete or update a parent row: a foreign key constraint fails (`hbps`.`order_detail`, CONSTRAINT `order_detail_ibfk_1` FOREIGN KEY (`order_id`) REFERENCES `order` (`order_id`))\n; Cannot delete or update a parent row: a foreign key constraint fails (`hbps`.`order_detail`, CONSTRAINT `order_detail_ibfk_1` FOREIGN KEY (`order_id`) REFERENCES `order` (`order_id`)); nested exception is java.sql.SQLIntegrityConstraintViolationException: Cannot delete or update a parent row: a foreign key constraint fails (`hbps`.`order_detail`, CONSTRAINT `order_detail_ibfk_1` FOREIGN KEY (`order_id`) REFERENCES `order` (`order_id`))','2025-04-27 03:12:39',32),(554,'订单',3,'com.ruoyi.system.controller.OrderController.remove()','DELETE',1,'admin','开发部门','/system/order/57','127.0.0.1','内网IP','[57]',NULL,1,'\n### Error updating database.  Cause: java.sql.SQLIntegrityConstraintViolationException: Cannot delete or update a parent row: a foreign key constraint fails (`hbps`.`order_detail`, CONSTRAINT `order_detail_ibfk_1` FOREIGN KEY (`order_id`) REFERENCES `order` (`order_id`))\n### The error may exist in URL [jar:file:/Users/lingluo/Documents/project/hxx3/RuoYi-Vue/ruoyi-admin/target/ruoyi-admin.jar!/BOOT-INF/lib/ruoyi-system-3.8.9.jar!/mapper/system/OrderMapper.xml]\n### The error may involve com.ruoyi.system.mapper.OrderMapper.deleteOrderByOrderIds-Inline\n### The error occurred while setting parameters\n### SQL: delete from `order` where order_id in           (               ?          )\n### Cause: java.sql.SQLIntegrityConstraintViolationException: Cannot delete or update a parent row: a foreign key constraint fails (`hbps`.`order_detail`, CONSTRAINT `order_detail_ibfk_1` FOREIGN KEY (`order_id`) REFERENCES `order` (`order_id`))\n; Cannot delete or update a parent row: a foreign key constraint fails (`hbps`.`order_detail`, CONSTRAINT `order_detail_ibfk_1` FOREIGN KEY (`order_id`) REFERENCES `order` (`order_id`)); nested exception is java.sql.SQLIntegrityConstraintViolationException: Cannot delete or update a parent row: a foreign key constraint fails (`hbps`.`order_detail`, CONSTRAINT `order_detail_ibfk_1` FOREIGN KEY (`order_id`) REFERENCES `order` (`order_id`))','2025-04-27 03:12:42',19),(555,'订单详情',3,'com.ruoyi.system.controller.OrderDetailController.remove()','DELETE',1,'admin','开发部门','/system/detail/86','127.0.0.1','内网IP','[86]','{\"msg\":\"操作成功\",\"code\":200}',0,NULL,'2025-04-27 03:13:11',45),(556,'订单详情',3,'com.ruoyi.system.controller.OrderDetailController.remove()','DELETE',1,'admin','开发部门','/system/detail/87','127.0.0.1','内网IP','[87]','{\"msg\":\"操作成功\",\"code\":200}',0,NULL,'2025-04-27 03:13:12',16),(557,'订单详情',3,'com.ruoyi.system.controller.OrderDetailController.remove()','DELETE',1,'admin','开发部门','/system/detail/88','127.0.0.1','内网IP','[88]','{\"msg\":\"操作成功\",\"code\":200}',0,NULL,'2025-04-27 03:13:14',12),(558,'订单',3,'com.ruoyi.system.controller.OrderController.remove()','DELETE',1,'admin','开发部门','/system/order/56','127.0.0.1','内网IP','[56]','{\"msg\":\"操作成功\",\"code\":200}',0,NULL,'2025-04-27 03:13:18',44),(559,'订单',3,'com.ruoyi.system.controller.OrderController.remove()','DELETE',1,'admin','开发部门','/system/order/57','127.0.0.1','内网IP','[57]','{\"msg\":\"操作成功\",\"code\":200}',0,NULL,'2025-04-27 03:13:19',10),(560,'订单',3,'com.ruoyi.system.controller.OrderController.remove()','DELETE',1,'admin','开发部门','/system/order/59','127.0.0.1','内网IP','[59]','{\"msg\":\"操作成功\",\"code\":200}',0,NULL,'2025-04-27 03:13:21',11),(561,'订单',3,'com.ruoyi.system.controller.OrderController.remove()','DELETE',1,'admin','开发部门','/system/order/60','127.0.0.1','内网IP','[60]','{\"msg\":\"操作成功\",\"code\":200}',0,NULL,'2025-04-27 03:13:22',12),(562,'订单',3,'com.ruoyi.system.controller.OrderController.remove()','DELETE',1,'admin','开发部门','/system/order/61','127.0.0.1','内网IP','[61]','{\"msg\":\"操作成功\",\"code\":200}',0,NULL,'2025-04-27 03:13:23',10),(563,'订单',3,'com.ruoyi.system.controller.OrderController.remove()','DELETE',1,'admin','开发部门','/system/order/62','127.0.0.1','内网IP','[62]','{\"msg\":\"操作成功\",\"code\":200}',0,NULL,'2025-04-27 03:13:24',9),(564,'订单',1,'com.ruoyi.system.controller.OrderController.add()','POST',1,'admin','开发部门','/system/order','127.0.0.1','内网IP','{\"addressId\":2,\"orderId\":63,\"params\":{},\"userId\":1}','{\"msg\":\"操作成功\",\"code\":200}',0,NULL,'2025-04-27 03:13:29',43),(565,'订单',1,'com.ruoyi.system.controller.OrderController.add()','POST',1,'admin','开发部门','/system/order','127.0.0.1','内网IP','{\"orderId\":64,\"params\":{},\"totalAmount\":307,\"userId\":1}','{\"msg\":\"操作成功\",\"code\":200}',0,NULL,'2025-04-27 03:13:29',10),(566,'订单',1,'com.ruoyi.system.controller.OrderController.add()','POST',1,'admin','开发部门','/system/order','127.0.0.1','内网IP','{\"addressId\":2,\"orderId\":65,\"params\":{},\"userId\":1}','{\"msg\":\"操作成功\",\"code\":200}',0,NULL,'2025-04-27 03:14:26',37),(567,'订单',1,'com.ruoyi.system.controller.OrderController.add()','POST',1,'admin','开发部门','/system/order','127.0.0.1','内网IP','{\"addressId\":2,\"orderId\":66,\"params\":{},\"totalAmount\":307,\"userId\":1}','{\"msg\":\"操作成功\",\"code\":200}',0,NULL,'2025-04-27 03:17:11',23),(568,'订单',3,'com.ruoyi.system.controller.OrderController.remove()','DELETE',1,'admin','开发部门','/system/order/63','127.0.0.1','内网IP','[63]','{\"msg\":\"操作成功\",\"code\":200}',0,NULL,'2025-04-27 03:17:26',100),(569,'订单',3,'com.ruoyi.system.controller.OrderController.remove()','DELETE',1,'admin','开发部门','/system/order/64','127.0.0.1','内网IP','[64]','{\"msg\":\"操作成功\",\"code\":200}',0,NULL,'2025-04-27 03:17:28',9),(570,'订单',3,'com.ruoyi.system.controller.OrderController.remove()','DELETE',1,'admin','开发部门','/system/order/65','127.0.0.1','内网IP','[65]','{\"msg\":\"操作成功\",\"code\":200}',0,NULL,'2025-04-27 03:17:30',14),(571,'订单',3,'com.ruoyi.system.controller.OrderController.remove()','DELETE',1,'admin','开发部门','/system/order/66','127.0.0.1','内网IP','[66]','{\"msg\":\"操作成功\",\"code\":200}',0,NULL,'2025-04-27 03:17:36',23),(572,'订单',1,'com.ruoyi.system.controller.OrderController.add()','POST',1,'admin','开发部门','/system/order','127.0.0.1','内网IP','{\"addressId\":2,\"orderId\":67,\"params\":{},\"totalAmount\":307,\"userId\":1}','{\"msg\":\"操作成功\",\"code\":200}',0,NULL,'2025-04-27 03:20:06',25),(573,'订单',3,'com.ruoyi.system.controller.OrderController.remove()','DELETE',1,'admin','开发部门','/system/order/67','127.0.0.1','内网IP','[67]','{\"msg\":\"操作成功\",\"code\":200}',0,NULL,'2025-04-27 03:20:47',64),(574,'订单',1,'com.ruoyi.system.controller.OrderController.add()','POST',1,'admin','开发部门','/system/order','127.0.0.1','内网IP','{\"addressId\":2,\"orderId\":68,\"params\":{},\"totalAmount\":307,\"userId\":1}','{\"msg\":\"操作成功\",\"code\":200}',0,NULL,'2025-04-27 03:20:51',28),(575,'订单详情',1,'com.ruoyi.system.controller.OrderDetailController.add()','POST',1,'admin','开发部门','/system/detail','127.0.0.1','内网IP','{\"params\":{},\"price\":8,\"productId\":2,\"quantity\":1}',NULL,1,'\n### Error updating database.  Cause: java.sql.SQLException: Field \'order_id\' doesn\'t have a default value\n### The error may exist in URL [jar:file:/Users/lingluo/Documents/project/hxx3/RuoYi-Vue/ruoyi-admin/target/ruoyi-admin.jar!/BOOT-INF/lib/ruoyi-system-3.8.9.jar!/mapper/system/OrderDetailMapper.xml]\n### The error may involve com.ruoyi.system.mapper.OrderDetailMapper.insertOrderDetail-Inline\n### The error occurred while setting parameters\n### SQL: insert into order_detail          ( product_id,             quantity,             price )           values ( ?,             ?,             ? )\n### Cause: java.sql.SQLException: Field \'order_id\' doesn\'t have a default value\n; Field \'order_id\' doesn\'t have a default value; nested exception is java.sql.SQLException: Field \'order_id\' doesn\'t have a default value','2025-04-27 03:20:51',69),(576,'订单详情',1,'com.ruoyi.system.controller.OrderDetailController.add()','POST',1,'admin','开发部门','/system/detail','127.0.0.1','内网IP','{\"params\":{},\"price\":299,\"productId\":9,\"quantity\":1}',NULL,1,'\n### Error updating database.  Cause: java.sql.SQLException: Field \'order_id\' doesn\'t have a default value\n### The error may exist in URL [jar:file:/Users/lingluo/Documents/project/hxx3/RuoYi-Vue/ruoyi-admin/target/ruoyi-admin.jar!/BOOT-INF/lib/ruoyi-system-3.8.9.jar!/mapper/system/OrderDetailMapper.xml]\n### The error may involve com.ruoyi.system.mapper.OrderDetailMapper.insertOrderDetail-Inline\n### The error occurred while setting parameters\n### SQL: insert into order_detail          ( product_id,             quantity,             price )           values ( ?,             ?,             ? )\n### Cause: java.sql.SQLException: Field \'order_id\' doesn\'t have a default value\n; Field \'order_id\' doesn\'t have a default value; nested exception is java.sql.SQLException: Field \'order_id\' doesn\'t have a default value','2025-04-27 03:20:51',69),(577,'订单',1,'com.ruoyi.system.controller.OrderController.add()','POST',1,'admin','开发部门','/system/order','127.0.0.1','内网IP','{\"addressId\":2,\"orderId\":69,\"params\":{},\"totalAmount\":307,\"userId\":1}','{\"msg\":\"订单创建成功\",\"code\":200,\"data\":{\"orderId\":69}}',0,NULL,'2025-04-27 03:35:54',25),(578,'订单详情',1,'com.ruoyi.system.controller.OrderDetailController.add()','POST',1,'admin','开发部门','/system/detail','127.0.0.1','内网IP','{\"detailId\":90,\"orderId\":69,\"params\":{},\"price\":299,\"productId\":9,\"quantity\":1}','{\"msg\":\"操作成功\",\"code\":200}',0,NULL,'2025-04-27 03:35:54',12),(579,'订单详情',1,'com.ruoyi.system.controller.OrderDetailController.add()','POST',1,'admin','开发部门','/system/detail','127.0.0.1','内网IP','{\"detailId\":89,\"orderId\":69,\"params\":{},\"price\":8,\"productId\":2,\"quantity\":1}','{\"msg\":\"操作成功\",\"code\":200}',0,NULL,'2025-04-27 03:35:54',12),(580,'购物车',3,'com.ruoyi.system.controller.CartController.remove()','DELETE',1,'admin','开发部门','/system/cart/11','127.0.0.1','内网IP','[11]','{\"msg\":\"操作成功\",\"code\":200}',0,NULL,'2025-04-27 04:43:31',24),(581,'购物车',2,'com.ruoyi.system.controller.CartController.edit()','PUT',1,'admin','开发部门','/system/cart','127.0.0.1','内网IP','{\"cartId\":12,\"params\":{},\"quantity\":2}','{\"msg\":\"操作成功\",\"code\":200}',0,NULL,'2025-04-27 04:43:35',24),(582,'购物车',2,'com.ruoyi.system.controller.CartController.edit()','PUT',1,'admin','开发部门','/system/cart','127.0.0.1','内网IP','{\"cartId\":12,\"params\":{},\"quantity\":3}','{\"msg\":\"操作成功\",\"code\":200}',0,NULL,'2025-04-27 04:43:35',8),(583,'购物车',2,'com.ruoyi.system.controller.CartController.edit()','PUT',1,'admin','开发部门','/system/cart','127.0.0.1','内网IP','{\"cartId\":12,\"params\":{},\"quantity\":3}','{\"msg\":\"操作成功\",\"code\":200}',0,NULL,'2025-04-27 04:43:35',4),(584,'购物车',2,'com.ruoyi.system.controller.CartController.edit()','PUT',1,'admin','开发部门','/system/cart','127.0.0.1','内网IP','{\"cartId\":12,\"params\":{},\"quantity\":4}','{\"msg\":\"操作成功\",\"code\":200}',0,NULL,'2025-04-27 04:43:36',11),(585,'购物车',2,'com.ruoyi.system.controller.CartController.edit()','PUT',1,'admin','开发部门','/system/cart','127.0.0.1','内网IP','{\"cartId\":12,\"params\":{},\"quantity\":5}','{\"msg\":\"操作成功\",\"code\":200}',0,NULL,'2025-04-27 04:43:36',12),(586,'购物车',2,'com.ruoyi.system.controller.CartController.edit()','PUT',1,'admin','开发部门','/system/cart','127.0.0.1','内网IP','{\"cartId\":12,\"params\":{},\"quantity\":6}','{\"msg\":\"操作成功\",\"code\":200}',0,NULL,'2025-04-27 04:43:36',6),(587,'购物车',2,'com.ruoyi.system.controller.CartController.edit()','PUT',1,'admin','开发部门','/system/cart','127.0.0.1','内网IP','{\"cartId\":12,\"params\":{},\"quantity\":7}','{\"msg\":\"操作成功\",\"code\":200}',0,NULL,'2025-04-27 04:43:36',7),(588,'购物车',2,'com.ruoyi.system.controller.CartController.edit()','PUT',1,'admin','开发部门','/system/cart','127.0.0.1','内网IP','{\"cartId\":12,\"params\":{},\"quantity\":8}','{\"msg\":\"操作成功\",\"code\":200}',0,NULL,'2025-04-27 04:43:37',7),(589,'购物车',2,'com.ruoyi.system.controller.CartController.edit()','PUT',1,'admin','开发部门','/system/cart','127.0.0.1','内网IP','{\"cartId\":12,\"params\":{},\"quantity\":9}','{\"msg\":\"操作成功\",\"code\":200}',0,NULL,'2025-04-27 04:43:37',10),(590,'购物车',2,'com.ruoyi.system.controller.CartController.edit()','PUT',1,'admin','开发部门','/system/cart','127.0.0.1','内网IP','{\"cartId\":12,\"params\":{},\"quantity\":10}','{\"msg\":\"操作成功\",\"code\":200}',0,NULL,'2025-04-27 04:43:37',7),(591,'购物车',2,'com.ruoyi.system.controller.CartController.edit()','PUT',1,'admin','开发部门','/system/cart','127.0.0.1','内网IP','{\"cartId\":12,\"params\":{},\"quantity\":11}','{\"msg\":\"操作成功\",\"code\":200}',0,NULL,'2025-04-27 04:43:37',9),(592,'购物车',2,'com.ruoyi.system.controller.CartController.edit()','PUT',1,'admin','开发部门','/system/cart','127.0.0.1','内网IP','{\"cartId\":12,\"params\":{},\"quantity\":12}','{\"msg\":\"操作成功\",\"code\":200}',0,NULL,'2025-04-27 04:43:37',8),(593,'购物车',2,'com.ruoyi.system.controller.CartController.edit()','PUT',1,'admin','开发部门','/system/cart','127.0.0.1','内网IP','{\"cartId\":12,\"params\":{},\"quantity\":13}','{\"msg\":\"操作成功\",\"code\":200}',0,NULL,'2025-04-27 04:43:38',7),(594,'购物车',2,'com.ruoyi.system.controller.CartController.edit()','PUT',1,'admin','开发部门','/system/cart','127.0.0.1','内网IP','{\"cartId\":12,\"params\":{},\"quantity\":14}','{\"msg\":\"操作成功\",\"code\":200}',0,NULL,'2025-04-27 04:43:38',10),(595,'购物车',2,'com.ruoyi.system.controller.CartController.edit()','PUT',1,'admin','开发部门','/system/cart','127.0.0.1','内网IP','{\"cartId\":12,\"params\":{},\"quantity\":15}','{\"msg\":\"操作成功\",\"code\":200}',0,NULL,'2025-04-27 04:43:38',10),(596,'购物车',2,'com.ruoyi.system.controller.CartController.edit()','PUT',1,'admin','开发部门','/system/cart','127.0.0.1','内网IP','{\"cartId\":12,\"params\":{},\"quantity\":16}','{\"msg\":\"操作成功\",\"code\":200}',0,NULL,'2025-04-27 04:43:38',8),(597,'购物车',2,'com.ruoyi.system.controller.CartController.edit()','PUT',1,'admin','开发部门','/system/cart','127.0.0.1','内网IP','{\"cartId\":12,\"params\":{},\"quantity\":17}','{\"msg\":\"操作成功\",\"code\":200}',0,NULL,'2025-04-27 04:43:38',9),(598,'购物车',2,'com.ruoyi.system.controller.CartController.edit()','PUT',1,'admin','开发部门','/system/cart','127.0.0.1','内网IP','{\"cartId\":12,\"params\":{},\"quantity\":18}','{\"msg\":\"操作成功\",\"code\":200}',0,NULL,'2025-04-27 04:43:38',6),(599,'购物车',2,'com.ruoyi.system.controller.CartController.edit()','PUT',1,'admin','开发部门','/system/cart','127.0.0.1','内网IP','{\"cartId\":12,\"params\":{},\"quantity\":19}','{\"msg\":\"操作成功\",\"code\":200}',0,NULL,'2025-04-27 04:43:39',11),(600,'购物车',2,'com.ruoyi.system.controller.CartController.edit()','PUT',1,'admin','开发部门','/system/cart','127.0.0.1','内网IP','{\"cartId\":12,\"params\":{},\"quantity\":20}','{\"msg\":\"操作成功\",\"code\":200}',0,NULL,'2025-04-27 04:43:39',6),(601,'购物车',2,'com.ruoyi.system.controller.CartController.edit()','PUT',1,'admin','开发部门','/system/cart','127.0.0.1','内网IP','{\"cartId\":12,\"params\":{},\"quantity\":21}','{\"msg\":\"操作成功\",\"code\":200}',0,NULL,'2025-04-27 04:43:39',8),(602,'购物车',2,'com.ruoyi.system.controller.CartController.edit()','PUT',1,'admin','开发部门','/system/cart','127.0.0.1','内网IP','{\"cartId\":12,\"params\":{},\"quantity\":22}','{\"msg\":\"操作成功\",\"code\":200}',0,NULL,'2025-04-27 04:43:39',11),(603,'购物车',2,'com.ruoyi.system.controller.CartController.edit()','PUT',1,'admin','开发部门','/system/cart','127.0.0.1','内网IP','{\"cartId\":12,\"params\":{},\"quantity\":23}','{\"msg\":\"操作成功\",\"code\":200}',0,NULL,'2025-04-27 04:43:39',8),(604,'购物车',2,'com.ruoyi.system.controller.CartController.edit()','PUT',1,'admin','开发部门','/system/cart','127.0.0.1','内网IP','{\"cartId\":12,\"params\":{},\"quantity\":24}','{\"msg\":\"操作成功\",\"code\":200}',0,NULL,'2025-04-27 04:43:39',5),(605,'购物车',2,'com.ruoyi.system.controller.CartController.edit()','PUT',1,'admin','开发部门','/system/cart','127.0.0.1','内网IP','{\"cartId\":12,\"params\":{},\"quantity\":25}','{\"msg\":\"操作成功\",\"code\":200}',0,NULL,'2025-04-27 04:43:40',6),(606,'购物车',2,'com.ruoyi.system.controller.CartController.edit()','PUT',1,'admin','开发部门','/system/cart','127.0.0.1','内网IP','{\"cartId\":12,\"params\":{},\"quantity\":26}','{\"msg\":\"操作成功\",\"code\":200}',0,NULL,'2025-04-27 04:43:40',8),(607,'购物车',2,'com.ruoyi.system.controller.CartController.edit()','PUT',1,'admin','开发部门','/system/cart','127.0.0.1','内网IP','{\"cartId\":12,\"params\":{},\"quantity\":25}','{\"msg\":\"操作成功\",\"code\":200}',0,NULL,'2025-04-27 04:43:43',7),(608,'购物车',2,'com.ruoyi.system.controller.CartController.edit()','PUT',1,'admin','开发部门','/system/cart','127.0.0.1','内网IP','{\"cartId\":12,\"params\":{},\"quantity\":24}','{\"msg\":\"操作成功\",\"code\":200}',0,NULL,'2025-04-27 04:43:43',7),(609,'购物车',2,'com.ruoyi.system.controller.CartController.edit()','PUT',1,'admin','开发部门','/system/cart','127.0.0.1','内网IP','{\"cartId\":12,\"params\":{},\"quantity\":23}','{\"msg\":\"操作成功\",\"code\":200}',0,NULL,'2025-04-27 04:43:43',11),(610,'购物车',2,'com.ruoyi.system.controller.CartController.edit()','PUT',1,'admin','开发部门','/system/cart','127.0.0.1','内网IP','{\"cartId\":12,\"params\":{},\"quantity\":22}','{\"msg\":\"操作成功\",\"code\":200}',0,NULL,'2025-04-27 04:43:43',4),(611,'购物车',2,'com.ruoyi.system.controller.CartController.edit()','PUT',1,'admin','开发部门','/system/cart','127.0.0.1','内网IP','{\"cartId\":12,\"params\":{},\"quantity\":21}','{\"msg\":\"操作成功\",\"code\":200}',0,NULL,'2025-04-27 04:43:43',8),(612,'购物车',2,'com.ruoyi.system.controller.CartController.edit()','PUT',1,'admin','开发部门','/system/cart','127.0.0.1','内网IP','{\"cartId\":12,\"params\":{},\"quantity\":20}','{\"msg\":\"操作成功\",\"code\":200}',0,NULL,'2025-04-27 04:43:44',9),(613,'购物车',2,'com.ruoyi.system.controller.CartController.edit()','PUT',1,'admin','开发部门','/system/cart','127.0.0.1','内网IP','{\"cartId\":12,\"params\":{},\"quantity\":19}','{\"msg\":\"操作成功\",\"code\":200}',0,NULL,'2025-04-27 04:43:44',8),(614,'购物车',2,'com.ruoyi.system.controller.CartController.edit()','PUT',1,'admin','开发部门','/system/cart','127.0.0.1','内网IP','{\"cartId\":12,\"params\":{},\"quantity\":18}','{\"msg\":\"操作成功\",\"code\":200}',0,NULL,'2025-04-27 04:43:44',10),(615,'购物车',2,'com.ruoyi.system.controller.CartController.edit()','PUT',1,'admin','开发部门','/system/cart','127.0.0.1','内网IP','{\"cartId\":12,\"params\":{},\"quantity\":17}','{\"msg\":\"操作成功\",\"code\":200}',0,NULL,'2025-04-27 04:43:44',9),(616,'购物车',2,'com.ruoyi.system.controller.CartController.edit()','PUT',1,'admin','开发部门','/system/cart','127.0.0.1','内网IP','{\"cartId\":12,\"params\":{},\"quantity\":16}','{\"msg\":\"操作成功\",\"code\":200}',0,NULL,'2025-04-27 04:43:44',5),(617,'购物车',2,'com.ruoyi.system.controller.CartController.edit()','PUT',1,'admin','开发部门','/system/cart','127.0.0.1','内网IP','{\"cartId\":12,\"params\":{},\"quantity\":15}','{\"msg\":\"操作成功\",\"code\":200}',0,NULL,'2025-04-27 04:43:44',7),(618,'购物车',2,'com.ruoyi.system.controller.CartController.edit()','PUT',1,'admin','开发部门','/system/cart','127.0.0.1','内网IP','{\"cartId\":12,\"params\":{},\"quantity\":14}','{\"msg\":\"操作成功\",\"code\":200}',0,NULL,'2025-04-27 04:43:45',12),(619,'购物车',2,'com.ruoyi.system.controller.CartController.edit()','PUT',1,'admin','开发部门','/system/cart','127.0.0.1','内网IP','{\"cartId\":12,\"params\":{},\"quantity\":13}','{\"msg\":\"操作成功\",\"code\":200}',0,NULL,'2025-04-27 04:43:45',5),(620,'购物车',2,'com.ruoyi.system.controller.CartController.edit()','PUT',1,'admin','开发部门','/system/cart','127.0.0.1','内网IP','{\"cartId\":12,\"params\":{},\"quantity\":12}','{\"msg\":\"操作成功\",\"code\":200}',0,NULL,'2025-04-27 04:43:45',11),(621,'购物车',2,'com.ruoyi.system.controller.CartController.edit()','PUT',1,'admin','开发部门','/system/cart','127.0.0.1','内网IP','{\"cartId\":12,\"params\":{},\"quantity\":11}','{\"msg\":\"操作成功\",\"code\":200}',0,NULL,'2025-04-27 04:43:45',6),(622,'购物车',2,'com.ruoyi.system.controller.CartController.edit()','PUT',1,'admin','开发部门','/system/cart','127.0.0.1','内网IP','{\"cartId\":12,\"params\":{},\"quantity\":10}','{\"msg\":\"操作成功\",\"code\":200}',0,NULL,'2025-04-27 04:43:45',6),(623,'购物车',2,'com.ruoyi.system.controller.CartController.edit()','PUT',1,'admin','开发部门','/system/cart','127.0.0.1','内网IP','{\"cartId\":12,\"params\":{},\"quantity\":9}','{\"msg\":\"操作成功\",\"code\":200}',0,NULL,'2025-04-27 04:43:46',7),(624,'购物车',2,'com.ruoyi.system.controller.CartController.edit()','PUT',1,'admin','开发部门','/system/cart','127.0.0.1','内网IP','{\"cartId\":12,\"params\":{},\"quantity\":8}','{\"msg\":\"操作成功\",\"code\":200}',0,NULL,'2025-04-27 04:43:46',7),(625,'购物车',2,'com.ruoyi.system.controller.CartController.edit()','PUT',1,'admin','开发部门','/system/cart','127.0.0.1','内网IP','{\"cartId\":12,\"params\":{},\"quantity\":7}','{\"msg\":\"操作成功\",\"code\":200}',0,NULL,'2025-04-27 04:43:46',8),(626,'购物车',2,'com.ruoyi.system.controller.CartController.edit()','PUT',1,'admin','开发部门','/system/cart','127.0.0.1','内网IP','{\"cartId\":12,\"params\":{},\"quantity\":6}','{\"msg\":\"操作成功\",\"code\":200}',0,NULL,'2025-04-27 04:43:46',10),(627,'购物车',2,'com.ruoyi.system.controller.CartController.edit()','PUT',1,'admin','开发部门','/system/cart','127.0.0.1','内网IP','{\"cartId\":12,\"params\":{},\"quantity\":5}','{\"msg\":\"操作成功\",\"code\":200}',0,NULL,'2025-04-27 04:43:46',6),(628,'购物车',2,'com.ruoyi.system.controller.CartController.edit()','PUT',1,'admin','开发部门','/system/cart','127.0.0.1','内网IP','{\"cartId\":12,\"params\":{},\"quantity\":4}','{\"msg\":\"操作成功\",\"code\":200}',0,NULL,'2025-04-27 04:43:47',9),(629,'购物车',2,'com.ruoyi.system.controller.CartController.edit()','PUT',1,'admin','开发部门','/system/cart','127.0.0.1','内网IP','{\"cartId\":12,\"params\":{},\"quantity\":3}','{\"msg\":\"操作成功\",\"code\":200}',0,NULL,'2025-04-27 04:43:47',13),(630,'购物车',2,'com.ruoyi.system.controller.CartController.edit()','PUT',1,'admin','开发部门','/system/cart','127.0.0.1','内网IP','{\"cartId\":12,\"params\":{},\"quantity\":2}','{\"msg\":\"操作成功\",\"code\":200}',0,NULL,'2025-04-27 04:43:47',17),(631,'购物车',2,'com.ruoyi.system.controller.CartController.edit()','PUT',1,'admin','开发部门','/system/cart','127.0.0.1','内网IP','{\"cartId\":12,\"params\":{},\"quantity\":1}','{\"msg\":\"操作成功\",\"code\":200}',0,NULL,'2025-04-27 04:43:47',10),(632,'购物车',2,'com.ruoyi.system.controller.CartController.edit()','PUT',1,'admin','开发部门','/system/cart','127.0.0.1','内网IP','{\"cartId\":12,\"params\":{},\"quantity\":2}','{\"msg\":\"操作成功\",\"code\":200}',0,NULL,'2025-04-27 04:43:48',9),(633,'购物车',1,'com.ruoyi.system.controller.CartController.add()','POST',1,'admin','开发部门','/system/cart','127.0.0.1','内网IP','{\"cartId\":13,\"params\":{},\"productId\":4,\"quantity\":1,\"userId\":1}','{\"msg\":\"操作成功\",\"code\":200}',0,NULL,'2025-04-27 04:43:56',13),(634,'购物车',2,'com.ruoyi.system.controller.CartController.edit()','PUT',1,'admin','开发部门','/system/cart','127.0.0.1','内网IP','{\"cartId\":13,\"params\":{},\"quantity\":2}','{\"msg\":\"操作成功\",\"code\":200}',0,NULL,'2025-04-27 04:44:08',16),(635,'购物车',2,'com.ruoyi.system.controller.CartController.edit()','PUT',1,'admin','开发部门','/system/cart','127.0.0.1','内网IP','{\"cartId\":13,\"params\":{},\"quantity\":3}','{\"msg\":\"操作成功\",\"code\":200}',0,NULL,'2025-04-27 04:44:08',8),(636,'购物车',2,'com.ruoyi.system.controller.CartController.edit()','PUT',1,'admin','开发部门','/system/cart','127.0.0.1','内网IP','{\"cartId\":13,\"params\":{},\"quantity\":4}','{\"msg\":\"操作成功\",\"code\":200}',0,NULL,'2025-04-27 04:44:08',10),(637,'购物车',2,'com.ruoyi.system.controller.CartController.edit()','PUT',1,'admin','开发部门','/system/cart','127.0.0.1','内网IP','{\"cartId\":13,\"params\":{},\"quantity\":5}','{\"msg\":\"操作成功\",\"code\":200}',0,NULL,'2025-04-27 04:44:08',9),(638,'购物车',2,'com.ruoyi.system.controller.CartController.edit()','PUT',1,'admin','开发部门','/system/cart','127.0.0.1','内网IP','{\"cartId\":13,\"params\":{},\"quantity\":6}','{\"msg\":\"操作成功\",\"code\":200}',0,NULL,'2025-04-27 04:44:09',10),(639,'购物车',2,'com.ruoyi.system.controller.CartController.edit()','PUT',1,'admin','开发部门','/system/cart','127.0.0.1','内网IP','{\"cartId\":13,\"params\":{},\"quantity\":7}','{\"msg\":\"操作成功\",\"code\":200}',0,NULL,'2025-04-27 04:44:09',9),(640,'购物车',2,'com.ruoyi.system.controller.CartController.edit()','PUT',1,'admin','开发部门','/system/cart','127.0.0.1','内网IP','{\"cartId\":13,\"params\":{},\"quantity\":8}','{\"msg\":\"操作成功\",\"code\":200}',0,NULL,'2025-04-27 04:44:09',9),(641,'购物车',2,'com.ruoyi.system.controller.CartController.edit()','PUT',1,'admin','开发部门','/system/cart','127.0.0.1','内网IP','{\"cartId\":13,\"params\":{},\"quantity\":9}','{\"msg\":\"操作成功\",\"code\":200}',0,NULL,'2025-04-27 04:44:09',11),(642,'购物车',2,'com.ruoyi.system.controller.CartController.edit()','PUT',1,'admin','开发部门','/system/cart','127.0.0.1','内网IP','{\"cartId\":13,\"params\":{},\"quantity\":10}','{\"msg\":\"操作成功\",\"code\":200}',0,NULL,'2025-04-27 04:44:10',7),(643,'代码生成',6,'com.ruoyi.generator.controller.GenController.importTableSave()','POST',1,'admin','开发部门','/tool/gen/importTable','127.0.0.1','内网IP','{\"tables\":\"saller_order,saller_product\"}','{\"msg\":\"操作成功\",\"code\":200}',0,NULL,'2025-04-27 05:21:23',97),(644,'代码生成',2,'com.ruoyi.generator.controller.GenController.editSave()','PUT',1,'admin','开发部门','/tool/gen','127.0.0.1','内网IP','{\"businessName\":\"order\",\"className\":\"SallerOrder\",\"columns\":[{\"capJavaField\":\"UserId\",\"columnComment\":\"用户ID\",\"columnId\":54,\"columnName\":\"user_id\",\"columnType\":\"bigint\",\"createBy\":\"admin\",\"createTime\":\"2025-04-27 05:21:23\",\"dictType\":\"\",\"edit\":true,\"htmlType\":\"input\",\"increment\":false,\"insert\":true,\"isEdit\":\"1\",\"isIncrement\":\"0\",\"isInsert\":\"1\",\"isList\":\"1\",\"isPk\":\"0\",\"isQuery\":\"1\",\"isRequired\":\"1\",\"javaField\":\"userId\",\"javaType\":\"Long\",\"list\":true,\"params\":{},\"pk\":false,\"query\":true,\"queryType\":\"EQ\",\"required\":true,\"sort\":1,\"superColumn\":false,\"tableId\":10,\"updateBy\":\"\",\"usableColumn\":false},{\"capJavaField\":\"OrderId\",\"columnComment\":\"订单ID\",\"columnId\":55,\"columnName\":\"order_id\",\"columnType\":\"bigint\",\"createBy\":\"admin\",\"createTime\":\"2025-04-27 05:21:23\",\"dictType\":\"\",\"edit\":true,\"htmlType\":\"input\",\"increment\":false,\"insert\":true,\"isEdit\":\"1\",\"isIncrement\":\"0\",\"isInsert\":\"1\",\"isList\":\"1\",\"isPk\":\"0\",\"isQuery\":\"1\",\"isRequired\":\"1\",\"javaField\":\"orderId\",\"javaType\":\"Long\",\"list\":true,\"params\":{},\"pk\":false,\"query\":true,\"queryType\":\"EQ\",\"required\":true,\"sort\":2,\"superColumn\":false,\"tableId\":10,\"updateBy\":\"\",\"usableColumn\":false}],\"crud\":true,\"functionAuthor\":\"hxx\",\"functionName\":\"销售员-订单关联\",\"genPath\":\"/\",\"genType\":\"0\",\"moduleName\":\"system\",\"options\":\"{\\\"parentMenuId\\\":2000}\",\"packageName\":\"com.ruoyi.system\",\"params\":{\"parentMenuId\":2000},\"parentMenuId\":2000,\"sub\":false,\"tableComment\":\"销售员-订单关联表\",\"tableId\":10,\"tableName\":\"saller_order\",\"tplCategory\":\"crud\",\"tplWebType\":\"element-ui\",\"tree\":false}','{\"msg\":\"操作成功\",\"code\":200}',0,NULL,'2025-04-27 05:21:43',30),(645,'代码生成',2,'com.ruoyi.generator.controller.GenController.editSave()','PUT',1,'admin','开发部门','/tool/gen','127.0.0.1','内网IP','{\"businessName\":\"product\",\"className\":\"SallerProduct\",\"columns\":[{\"capJavaField\":\"UserId\",\"columnComment\":\"用户ID\",\"columnId\":56,\"columnName\":\"user_id\",\"columnType\":\"bigint\",\"createBy\":\"admin\",\"createTime\":\"2025-04-27 05:21:23\",\"dictType\":\"\",\"edit\":true,\"htmlType\":\"input\",\"increment\":false,\"insert\":true,\"isEdit\":\"1\",\"isIncrement\":\"0\",\"isInsert\":\"1\",\"isList\":\"1\",\"isPk\":\"0\",\"isQuery\":\"1\",\"isRequired\":\"1\",\"javaField\":\"userId\",\"javaType\":\"Long\",\"list\":true,\"params\":{},\"pk\":false,\"query\":true,\"queryType\":\"EQ\",\"required\":true,\"sort\":1,\"superColumn\":false,\"tableId\":11,\"updateBy\":\"\",\"usableColumn\":false},{\"capJavaField\":\"ProductId\",\"columnComment\":\"产品ID\",\"columnId\":57,\"columnName\":\"product_id\",\"columnType\":\"bigint\",\"createBy\":\"admin\",\"createTime\":\"2025-04-27 05:21:23\",\"dictType\":\"\",\"edit\":true,\"htmlType\":\"input\",\"increment\":false,\"insert\":true,\"isEdit\":\"1\",\"isIncrement\":\"0\",\"isInsert\":\"1\",\"isList\":\"1\",\"isPk\":\"0\",\"isQuery\":\"1\",\"isRequired\":\"1\",\"javaField\":\"productId\",\"javaType\":\"Long\",\"list\":true,\"params\":{},\"pk\":false,\"query\":true,\"queryType\":\"EQ\",\"required\":true,\"sort\":2,\"superColumn\":false,\"tableId\":11,\"updateBy\":\"\",\"usableColumn\":false}],\"crud\":true,\"functionAuthor\":\"hxx\",\"functionName\":\"销售员-产品关联\",\"genPath\":\"/\",\"genType\":\"0\",\"moduleName\":\"system\",\"options\":\"{\\\"parentMenuId\\\":2000}\",\"packageName\":\"com.ruoyi.system\",\"params\":{\"parentMenuId\":2000},\"parentMenuId\":2000,\"sub\":false,\"tableComment\":\"销售员-产品关联表\",\"tableId\":11,\"tableName\":\"saller_product\",\"tplCategory\":\"crud\",\"tplWebType\":\"element-ui\",\"tree\":false}','{\"msg\":\"操作成功\",\"code\":200}',0,NULL,'2025-04-27 05:21:53',24),(646,'代码生成',2,'com.ruoyi.generator.controller.GenController.editSave()','PUT',1,'admin','开发部门','/tool/gen','127.0.0.1','内网IP','{\"businessName\":\"saller_order\",\"className\":\"SallerOrder\",\"columns\":[{\"capJavaField\":\"UserId\",\"columnComment\":\"用户ID\",\"columnId\":54,\"columnName\":\"user_id\",\"columnType\":\"bigint\",\"createBy\":\"admin\",\"createTime\":\"2025-04-27 05:21:23\",\"dictType\":\"\",\"edit\":true,\"htmlType\":\"input\",\"increment\":false,\"insert\":true,\"isEdit\":\"1\",\"isIncrement\":\"0\",\"isInsert\":\"1\",\"isList\":\"1\",\"isPk\":\"0\",\"isQuery\":\"1\",\"isRequired\":\"1\",\"javaField\":\"userId\",\"javaType\":\"Long\",\"list\":true,\"params\":{},\"pk\":false,\"query\":true,\"queryType\":\"EQ\",\"required\":true,\"sort\":1,\"superColumn\":false,\"tableId\":10,\"updateBy\":\"\",\"updateTime\":\"2025-04-27 05:21:43\",\"usableColumn\":false},{\"capJavaField\":\"OrderId\",\"columnComment\":\"订单ID\",\"columnId\":55,\"columnName\":\"order_id\",\"columnType\":\"bigint\",\"createBy\":\"admin\",\"createTime\":\"2025-04-27 05:21:23\",\"dictType\":\"\",\"edit\":true,\"htmlType\":\"input\",\"increment\":false,\"insert\":true,\"isEdit\":\"1\",\"isIncrement\":\"0\",\"isInsert\":\"1\",\"isList\":\"1\",\"isPk\":\"0\",\"isQuery\":\"1\",\"isRequired\":\"1\",\"javaField\":\"orderId\",\"javaType\":\"Long\",\"list\":true,\"params\":{},\"pk\":false,\"query\":true,\"queryType\":\"EQ\",\"required\":true,\"sort\":2,\"superColumn\":false,\"tableId\":10,\"updateBy\":\"\",\"updateTime\":\"2025-04-27 05:21:43\",\"usableColumn\":false}],\"crud\":true,\"functionAuthor\":\"hxx\",\"functionName\":\"销售员-订单关联\",\"genPath\":\"/\",\"genType\":\"0\",\"moduleName\":\"system\",\"options\":\"{\\\"parentMenuId\\\":2000}\",\"packageName\":\"com.ruoyi.system\",\"params\":{\"parentMenuId\":2000},\"parentMenuId\":2000,\"sub\":false,\"tableComment\":\"销售员-订单关联表\",\"tableId\":10,\"tableName\":\"saller_order\",\"tplCategory\":\"crud\",\"tplWebType\":\"element-ui\",\"tree\":false}','{\"msg\":\"操作成功\",\"code\":200}',0,NULL,'2025-04-27 05:22:16',35),(647,'代码生成',2,'com.ruoyi.generator.controller.GenController.editSave()','PUT',1,'admin','开发部门','/tool/gen','127.0.0.1','内网IP','{\"businessName\":\"saller_product\",\"className\":\"SallerProduct\",\"columns\":[{\"capJavaField\":\"UserId\",\"columnComment\":\"用户ID\",\"columnId\":56,\"columnName\":\"user_id\",\"columnType\":\"bigint\",\"createBy\":\"admin\",\"createTime\":\"2025-04-27 05:21:23\",\"dictType\":\"\",\"edit\":true,\"htmlType\":\"input\",\"increment\":false,\"insert\":true,\"isEdit\":\"1\",\"isIncrement\":\"0\",\"isInsert\":\"1\",\"isList\":\"1\",\"isPk\":\"0\",\"isQuery\":\"1\",\"isRequired\":\"1\",\"javaField\":\"userId\",\"javaType\":\"Long\",\"list\":true,\"params\":{},\"pk\":false,\"query\":true,\"queryType\":\"EQ\",\"required\":true,\"sort\":1,\"superColumn\":false,\"tableId\":11,\"updateBy\":\"\",\"updateTime\":\"2025-04-27 05:21:53\",\"usableColumn\":false},{\"capJavaField\":\"ProductId\",\"columnComment\":\"产品ID\",\"columnId\":57,\"columnName\":\"product_id\",\"columnType\":\"bigint\",\"createBy\":\"admin\",\"createTime\":\"2025-04-27 05:21:23\",\"dictType\":\"\",\"edit\":true,\"htmlType\":\"input\",\"increment\":false,\"insert\":true,\"isEdit\":\"1\",\"isIncrement\":\"0\",\"isInsert\":\"1\",\"isList\":\"1\",\"isPk\":\"0\",\"isQuery\":\"1\",\"isRequired\":\"1\",\"javaField\":\"productId\",\"javaType\":\"Long\",\"list\":true,\"params\":{},\"pk\":false,\"query\":true,\"queryType\":\"EQ\",\"required\":true,\"sort\":2,\"superColumn\":false,\"tableId\":11,\"updateBy\":\"\",\"updateTime\":\"2025-04-27 05:21:53\",\"usableColumn\":false}],\"crud\":true,\"functionAuthor\":\"hxx\",\"functionName\":\"销售员-产品关联\",\"genPath\":\"/\",\"genType\":\"0\",\"moduleName\":\"system\",\"options\":\"{\\\"parentMenuId\\\":2000}\",\"packageName\":\"com.ruoyi.system\",\"params\":{\"parentMenuId\":2000},\"parentMenuId\":2000,\"sub\":false,\"tableComment\":\"销售员-产品关联表\",\"tableId\":11,\"tableName\":\"saller_product\",\"tplCategory\":\"crud\",\"tplWebType\":\"element-ui\",\"tree\":false}','{\"msg\":\"操作成功\",\"code\":200}',0,NULL,'2025-04-27 05:22:30',20),(648,'代码生成',8,'com.ruoyi.generator.controller.GenController.batchGenCode()','GET',1,'admin','开发部门','/tool/gen/batchGenCode','127.0.0.1','内网IP','{\"tables\":\"saller_order,saller_product\"}',NULL,0,NULL,'2025-04-27 05:22:33',278),(649,'购物车',3,'com.ruoyi.system.controller.CartController.remove()','DELETE',1,'admin','开发部门','/system/cart/12','127.0.0.1','内网IP','[12]','{\"msg\":\"操作成功\",\"code\":200}',0,NULL,'2025-04-27 07:23:53',45),(650,'购物车',2,'com.ruoyi.system.controller.CartController.edit()','PUT',1,'admin','开发部门','/system/cart','127.0.0.1','内网IP','{\"cartId\":13,\"params\":{},\"quantity\":9}','{\"msg\":\"操作成功\",\"code\":200}',0,NULL,'2025-04-27 07:23:54',15),(651,'购物车',2,'com.ruoyi.system.controller.CartController.edit()','PUT',1,'admin','开发部门','/system/cart','127.0.0.1','内网IP','{\"cartId\":13,\"params\":{},\"quantity\":8}','{\"msg\":\"操作成功\",\"code\":200}',0,NULL,'2025-04-27 07:23:54',8),(652,'购物车',2,'com.ruoyi.system.controller.CartController.edit()','PUT',1,'admin','开发部门','/system/cart','127.0.0.1','内网IP','{\"cartId\":13,\"params\":{},\"quantity\":8}','{\"msg\":\"操作成功\",\"code\":200}',0,NULL,'2025-04-27 07:23:54',5),(653,'购物车',2,'com.ruoyi.system.controller.CartController.edit()','PUT',1,'admin','开发部门','/system/cart','127.0.0.1','内网IP','{\"cartId\":13,\"params\":{},\"quantity\":7}','{\"msg\":\"操作成功\",\"code\":200}',0,NULL,'2025-04-27 07:23:55',11),(654,'购物车',2,'com.ruoyi.system.controller.CartController.edit()','PUT',1,'admin','开发部门','/system/cart','127.0.0.1','内网IP','{\"cartId\":13,\"params\":{},\"quantity\":6}','{\"msg\":\"操作成功\",\"code\":200}',0,NULL,'2025-04-27 07:23:55',9),(655,'购物车',2,'com.ruoyi.system.controller.CartController.edit()','PUT',1,'admin','开发部门','/system/cart','127.0.0.1','内网IP','{\"cartId\":13,\"params\":{},\"quantity\":6}','{\"msg\":\"操作成功\",\"code\":200}',0,NULL,'2025-04-27 07:23:55',8),(656,'购物车',2,'com.ruoyi.system.controller.CartController.edit()','PUT',1,'admin','开发部门','/system/cart','127.0.0.1','内网IP','{\"cartId\":13,\"params\":{},\"quantity\":5}','{\"msg\":\"操作成功\",\"code\":200}',0,NULL,'2025-04-27 07:23:55',9),(657,'购物车',2,'com.ruoyi.system.controller.CartController.edit()','PUT',1,'admin','开发部门','/system/cart','127.0.0.1','内网IP','{\"cartId\":13,\"params\":{},\"quantity\":4}','{\"msg\":\"操作成功\",\"code\":200}',0,NULL,'2025-04-27 07:23:56',7),(658,'订单',1,'com.ruoyi.system.controller.OrderController.add()','POST',1,'admin','开发部门','/system/order','127.0.0.1','内网IP','{\"addressId\":2,\"orderId\":70,\"params\":{},\"totalAmount\":36,\"userId\":1}','{\"msg\":\"订单创建成功\",\"code\":200,\"data\":{\"orderId\":70}}',0,NULL,'2025-04-27 07:24:05',65),(659,'订单详情',1,'com.ruoyi.system.controller.OrderDetailController.add()','POST',1,'admin','开发部门','/system/detail','127.0.0.1','内网IP','{\"detailId\":91,\"orderId\":70,\"params\":{},\"price\":9,\"productId\":4,\"quantity\":4}','{\"msg\":\"操作成功\",\"code\":200}',0,NULL,'2025-04-27 07:24:05',65),(660,'购物车',2,'com.ruoyi.system.controller.CartController.edit()','PUT',1,'admin','开发部门','/system/cart','127.0.0.1','内网IP','{\"cartId\":13,\"params\":{},\"quantity\":5}','{\"msg\":\"操作成功\",\"code\":200}',0,NULL,'2025-04-27 07:24:11',23),(661,'购物车',2,'com.ruoyi.system.controller.CartController.edit()','PUT',1,'admin','开发部门','/system/cart','127.0.0.1','内网IP','{\"cartId\":13,\"params\":{},\"quantity\":6}','{\"msg\":\"操作成功\",\"code\":200}',0,NULL,'2025-04-27 07:24:11',8),(662,'商品',1,'com.ruoyi.system.controller.ProductController.add()','POST',1,'saller',NULL,'/system/product','127.0.0.1','内网IP','{\"categoryId\":1,\"description\":\"11\",\"imageUrl\":\"http://localhost:8080/profile/upload/2025/04/27/q3_20250427160323A001.jpg\",\"name\":\"11\",\"pStatus\":1,\"params\":{},\"price\":1,\"productId\":13,\"qualityLevel\":2,\"stock\":11}','{\"msg\":\"商品创建成功\",\"code\":200,\"data\":{\"productId\":13}}',0,NULL,'2025-04-27 08:03:23',146),(663,'角色管理',2,'com.ruoyi.web.controller.system.SysRoleController.edit()','PUT',1,'admin','开发部门','/system/role','127.0.0.1','内网IP','{\"admin\":false,\"createTime\":\"2025-04-14 09:05:46\",\"dataScope\":\"1\",\"delFlag\":\"0\",\"deptCheckStrictly\":true,\"flag\":false,\"menuCheckStrictly\":true,\"menuIds\":[2000,2001,2002,2003,2004,2005,2006,2007,2008,2009,2010,2011,2012,2013,2014,2015,2016,2017,2018,2025,2026,2027,2028,2029,2030,2031,2032,2033,2034,2035,2036,2037,2038,2039,2040,2041,2042,2043,2044,2045,2046,2047,2048,2056,2057,2058,2059,2060,2061,2062,2063,2064,2065,2066,2067],\"params\":{},\"roleId\":100,\"roleKey\":\"saller\",\"roleName\":\"商家\",\"roleSort\":0,\"status\":\"0\",\"updateBy\":\"admin\"}','{\"msg\":\"操作成功\",\"code\":200}',0,NULL,'2025-04-27 08:04:13',68),(664,'角色管理',2,'com.ruoyi.web.controller.system.SysRoleController.edit()','PUT',1,'admin','开发部门','/system/role','127.0.0.1','内网IP','{\"admin\":false,\"createTime\":\"2025-04-14 09:05:46\",\"dataScope\":\"1\",\"delFlag\":\"0\",\"deptCheckStrictly\":true,\"flag\":false,\"menuCheckStrictly\":true,\"menuIds\":[2000,2001,2002,2003,2004,2005,2006,2007,2008,2009,2010,2011,2012,2013,2014,2015,2016,2017,2018,2025,2026,2027,2028,2029,2030,2031,2032,2033,2034,2035,2036,2037,2038,2039,2040,2041,2042,2043,2044,2045,2046,2047,2048,2049,2050,2051,2052,2053,2054,2056,2057,2058,2059,2060,2061,2062,2063,2064,2065,2066,2067],\"params\":{},\"roleId\":100,\"roleKey\":\"saller\",\"roleName\":\"商家\",\"roleSort\":0,\"status\":\"0\",\"updateBy\":\"admin\"}','{\"msg\":\"操作成功\",\"code\":200}',0,NULL,'2025-04-27 08:04:21',52),(665,'商品',1,'com.ruoyi.system.controller.ProductController.add()','POST',1,'saller',NULL,'/system/product','127.0.0.1','内网IP','{\"categoryId\":2,\"description\":\"11\",\"imageUrl\":\"http://localhost:8080/profile/upload/2025/04/27/xj1_20250427160618A002.png\",\"name\":\"11\",\"pStatus\":1,\"params\":{},\"price\":1,\"productId\":14,\"qualityLevel\":2,\"stock\":11}','{\"msg\":\"商品创建成功\",\"code\":200,\"data\":{\"productId\":14}}',0,NULL,'2025-04-27 08:06:24',30),(666,'销售员-产品关联',1,'com.ruoyi.system.controller.SallerProductController.add()','POST',1,'saller',NULL,'/system/saller_product','127.0.0.1','内网IP','{\"params\":{},\"productId\":14}',NULL,1,'\n### Error updating database.  Cause: java.sql.SQLException: Field \'user_id\' doesn\'t have a default value\n### The error may exist in URL [jar:file:/Users/lingluo/Documents/project/hxx3/RuoYi-Vue/ruoyi-admin/target/ruoyi-admin.jar!/BOOT-INF/lib/ruoyi-system-3.8.9.jar!/mapper/system/SallerProductMapper.xml]\n### The error may involve com.ruoyi.system.mapper.SallerProductMapper.insertSallerProduct-Inline\n### The error occurred while setting parameters\n### SQL: insert into saller_product          ( product_id )           values ( ? )\n### Cause: java.sql.SQLException: Field \'user_id\' doesn\'t have a default value\n; Field \'user_id\' doesn\'t have a default value; nested exception is java.sql.SQLException: Field \'user_id\' doesn\'t have a default value','2025-04-27 08:06:24',122),(667,'商品',1,'com.ruoyi.system.controller.ProductController.add()','POST',1,'saller',NULL,'/system/product','127.0.0.1','内网IP','{\"categoryId\":2,\"description\":\"11\",\"imageUrl\":\"http://localhost:8080/profile/upload/2025/04/27/xj1_20250427160618A002.png\",\"name\":\"11\",\"pStatus\":1,\"params\":{},\"price\":1,\"productId\":15,\"qualityLevel\":2,\"stock\":11}','{\"msg\":\"商品创建成功\",\"code\":200,\"data\":{\"productId\":15}}',0,NULL,'2025-04-27 08:09:48',120),(668,'销售员-产品关联',1,'com.ruoyi.system.controller.SallerProductController.add()','POST',1,'saller',NULL,'/system/saller_product','127.0.0.1','内网IP','{\"params\":{},\"productId\":15,\"userId\":102}','{\"msg\":\"操作成功\",\"code\":200}',0,NULL,'2025-04-27 08:09:48',14),(669,'商品',1,'com.ruoyi.system.controller.ProductController.add()','POST',1,'saller',NULL,'/system/product','127.0.0.1','内网IP','{\"categoryId\":1,\"description\":\"aa\",\"imageUrl\":\"http://localhost:8080/profile/upload/2025/04/27/hfs1_20250427164121A001.jpg\",\"name\":\"aa\",\"pStatus\":1,\"params\":{},\"price\":1,\"productId\":16,\"qualityLevel\":1,\"stock\":11}','{\"msg\":\"商品创建成功\",\"code\":200,\"data\":{\"productId\":16}}',0,NULL,'2025-04-27 08:41:22',33),(670,'销售员-产品关联',1,'com.ruoyi.system.controller.SallerProductController.add()','POST',1,'saller',NULL,'/system/saller_product','127.0.0.1','内网IP','{\"params\":{},\"productId\":16,\"userId\":102}','{\"msg\":\"操作成功\",\"code\":200}',0,NULL,'2025-04-27 08:41:22',16),(671,'商品',1,'com.ruoyi.system.controller.ProductController.add()','POST',1,'saller',NULL,'/system/product','127.0.0.1','内网IP','{\"categoryId\":1,\"description\":\"1\",\"imageUrl\":\"http://localhost:8080/profile/upload/2025/04/27/product-mini-5-146x132_20250427172008A001.png\",\"name\":\"12312321\",\"pStatus\":1,\"params\":{},\"price\":1,\"productId\":17,\"qualityLevel\":1,\"stock\":11}','{\"msg\":\"商品创建成功\",\"code\":200,\"data\":{\"productId\":17}}',0,NULL,'2025-04-27 09:20:08',54),(672,'销售员-产品关联',1,'com.ruoyi.system.controller.SallerProductController.add()','POST',1,'saller',NULL,'/system/saller_product','127.0.0.1','内网IP','{\"params\":{},\"productId\":17,\"userId\":102}','{\"msg\":\"操作成功\",\"code\":200}',0,NULL,'2025-04-27 09:20:08',22),(673,'商品',3,'com.ruoyi.system.controller.ProductController.remove()','DELETE',1,'saller',NULL,'/system/product/2,3,4,5,6,7,8,9,10,11','127.0.0.1','内网IP','[2,3,4,5,6,7,8,9,10,11]',NULL,1,'\n### Error updating database.  Cause: java.sql.SQLIntegrityConstraintViolationException: Cannot delete or update a parent row: a foreign key constraint fails (`hbps`.`cart`, CONSTRAINT `cart_ibfk_2` FOREIGN KEY (`product_id`) REFERENCES `product` (`product_id`))\n### The error may exist in URL [jar:file:/Users/lingluo/Documents/project/hxx3/RuoYi-Vue/ruoyi-admin/target/ruoyi-admin.jar!/BOOT-INF/lib/ruoyi-system-3.8.9.jar!/mapper/system/ProductMapper.xml]\n### The error may involve com.ruoyi.system.mapper.ProductMapper.deleteProductByProductIds-Inline\n### The error occurred while setting parameters\n### SQL: delete from product where product_id in           (               ?          ,              ?          ,              ?          ,              ?          ,              ?          ,              ?          ,              ?          ,              ?          ,              ?          ,              ?          )\n### Cause: java.sql.SQLIntegrityConstraintViolationException: Cannot delete or update a parent row: a foreign key constraint fails (`hbps`.`cart`, CONSTRAINT `cart_ibfk_2` FOREIGN KEY (`product_id`) REFERENCES `product` (`product_id`))\n; Cannot delete or update a parent row: a foreign key constraint fails (`hbps`.`cart`, CONSTRAINT `cart_ibfk_2` FOREIGN KEY (`product_id`) REFERENCES `product` (`product_id`)); nested exception is java.sql.SQLIntegrityConstraintViolationException: Cannot delete or update a parent row: a foreign key constraint fails (`hbps`.`cart`, CONSTRAINT `cart_ibfk_2` FOREIGN KEY (`product_id`) REFERENCES `product` (`product_id`))','2025-04-27 09:23:15',115),(674,'商品',3,'com.ruoyi.system.controller.ProductController.remove()','DELETE',1,'saller',NULL,'/system/product/2,3,4,5,6,7,8,9,10,11','127.0.0.1','内网IP','[2,3,4,5,6,7,8,9,10,11]',NULL,1,'\n### Error updating database.  Cause: java.sql.SQLIntegrityConstraintViolationException: Cannot delete or update a parent row: a foreign key constraint fails (`hbps`.`order_detail`, CONSTRAINT `order_detail_ibfk_2` FOREIGN KEY (`product_id`) REFERENCES `product` (`product_id`))\n### The error may exist in URL [jar:file:/Users/lingluo/Documents/project/hxx3/RuoYi-Vue/ruoyi-admin/target/ruoyi-admin.jar!/BOOT-INF/lib/ruoyi-system-3.8.9.jar!/mapper/system/ProductMapper.xml]\n### The error may involve com.ruoyi.system.mapper.ProductMapper.deleteProductByProductIds-Inline\n### The error occurred while setting parameters\n### SQL: delete from product where product_id in           (               ?          ,              ?          ,              ?          ,              ?          ,              ?          ,              ?          ,              ?          ,              ?          ,              ?          ,              ?          )\n### Cause: java.sql.SQLIntegrityConstraintViolationException: Cannot delete or update a parent row: a foreign key constraint fails (`hbps`.`order_detail`, CONSTRAINT `order_detail_ibfk_2` FOREIGN KEY (`product_id`) REFERENCES `product` (`product_id`))\n; Cannot delete or update a parent row: a foreign key constraint fails (`hbps`.`order_detail`, CONSTRAINT `order_detail_ibfk_2` FOREIGN KEY (`product_id`) REFERENCES `product` (`product_id`)); nested exception is java.sql.SQLIntegrityConstraintViolationException: Cannot delete or update a parent row: a foreign key constraint fails (`hbps`.`order_detail`, CONSTRAINT `order_detail_ibfk_2` FOREIGN KEY (`product_id`) REFERENCES `product` (`product_id`))','2025-04-27 09:23:58',14),(675,'订单详情',3,'com.ruoyi.system.controller.OrderDetailController.remove()','DELETE',1,'saller',NULL,'/system/detail/89,90,91','127.0.0.1','内网IP','[89,90,91]','{\"msg\":\"操作成功\",\"code\":200}',0,NULL,'2025-04-27 09:24:04',11),(676,'商品',3,'com.ruoyi.system.controller.ProductController.remove()','DELETE',1,'saller',NULL,'/system/product/2,3,4,5,6,7,8,9,10,11','127.0.0.1','内网IP','[2,3,4,5,6,7,8,9,10,11]',NULL,1,'\n### Error updating database.  Cause: java.sql.SQLIntegrityConstraintViolationException: Cannot delete or update a parent row: a foreign key constraint fails (`hbps`.`review`, CONSTRAINT `review_ibfk_2` FOREIGN KEY (`product_id`) REFERENCES `product` (`product_id`))\n### The error may exist in URL [jar:file:/Users/lingluo/Documents/project/hxx3/RuoYi-Vue/ruoyi-admin/target/ruoyi-admin.jar!/BOOT-INF/lib/ruoyi-system-3.8.9.jar!/mapper/system/ProductMapper.xml]\n### The error may involve com.ruoyi.system.mapper.ProductMapper.deleteProductByProductIds-Inline\n### The error occurred while setting parameters\n### SQL: delete from product where product_id in           (               ?          ,              ?          ,              ?          ,              ?          ,              ?          ,              ?          ,              ?          ,              ?          ,              ?          ,              ?          )\n### Cause: java.sql.SQLIntegrityConstraintViolationException: Cannot delete or update a parent row: a foreign key constraint fails (`hbps`.`review`, CONSTRAINT `review_ibfk_2` FOREIGN KEY (`product_id`) REFERENCES `product` (`product_id`))\n; Cannot delete or update a parent row: a foreign key constraint fails (`hbps`.`review`, CONSTRAINT `review_ibfk_2` FOREIGN KEY (`product_id`) REFERENCES `product` (`product_id`)); nested exception is java.sql.SQLIntegrityConstraintViolationException: Cannot delete or update a parent row: a foreign key constraint fails (`hbps`.`review`, CONSTRAINT `review_ibfk_2` FOREIGN KEY (`product_id`) REFERENCES `product` (`product_id`))','2025-04-27 09:24:11',16),(677,'评论详情',3,'com.ruoyi.system.controller.ViewProductReviewsController.remove()','DELETE',1,'saller',NULL,'/system/reviews/1,2,3,4,5,6,7,8,9,10','127.0.0.1','内网IP','[1,2,3,4,5,6,7,8,9,10]',NULL,1,'\n### Error updating database.  Cause: java.sql.SQLException: The target table view_product_reviews of the DELETE is not updatable\n### The error may exist in URL [jar:file:/Users/lingluo/Documents/project/hxx3/RuoYi-Vue/ruoyi-admin/target/ruoyi-admin.jar!/BOOT-INF/lib/ruoyi-system-3.8.9.jar!/mapper/system/ViewProductReviewsMapper.xml]\n### The error may involve com.ruoyi.system.mapper.ViewProductReviewsMapper.deleteViewProductReviewsByReviewIds-Inline\n### The error occurred while setting parameters\n### SQL: delete from view_product_reviews where review_id in           (               ?          ,              ?          ,              ?          ,              ?          ,              ?          ,              ?          ,              ?          ,              ?          ,              ?          ,              ?          )\n### Cause: java.sql.SQLException: The target table view_product_reviews of the DELETE is not updatable\n; uncategorized SQLException; SQL state [HY000]; error code [1288]; The target table view_product_reviews of the DELETE is not updatable; nested exception is java.sql.SQLException: The target table view_product_reviews of the DELETE is not updatable','2025-04-27 09:24:21',9),(678,'评论',3,'com.ruoyi.system.controller.ReviewController.remove()','DELETE',1,'saller',NULL,'/system/review/1,2,3,4,5,6,7,8,9,10','127.0.0.1','内网IP','[1,2,3,4,5,6,7,8,9,10]','{\"msg\":\"操作成功\",\"code\":200}',0,NULL,'2025-04-27 09:24:43',18),(679,'商品',3,'com.ruoyi.system.controller.ProductController.remove()','DELETE',1,'saller',NULL,'/system/product/2,3,4,5,6,7,8,9,10,11','127.0.0.1','内网IP','[2,3,4,5,6,7,8,9,10,11]','{\"msg\":\"操作成功\",\"code\":200}',0,NULL,'2025-04-27 09:24:57',11),(680,'商品',3,'com.ruoyi.system.controller.ProductController.remove()','DELETE',1,'saller',NULL,'/system/product/12,13,14,15,16,17','127.0.0.1','内网IP','[12,13,14,15,16,17]','{\"msg\":\"操作成功\",\"code\":200}',0,NULL,'2025-04-27 09:24:59',11),(681,'商品',1,'com.ruoyi.system.controller.ProductController.add()','POST',1,'saller',NULL,'/system/product','127.0.0.1','内网IP','{\"categoryId\":1,\"description\":\"1\",\"imageUrl\":\"http://localhost:8080/profile/upload/2025/04/27/product-2-191x132_20250427172530A002.png\",\"name\":\"a\",\"pStatus\":1,\"params\":{},\"price\":1,\"productId\":18,\"qualityLevel\":1,\"stock\":1}','{\"msg\":\"商品创建成功\",\"code\":200,\"data\":{\"productId\":18}}',0,NULL,'2025-04-27 09:25:31',38),(682,'销售员-产品关联',1,'com.ruoyi.system.controller.SallerProductController.add()','POST',1,'saller',NULL,'/system/saller_product','127.0.0.1','内网IP','{\"params\":{},\"productId\":18,\"userId\":102}','{\"msg\":\"操作成功\",\"code\":200}',0,NULL,'2025-04-27 09:25:31',9),(683,'用户管理',1,'com.ruoyi.web.controller.system.SysUserController.add()','POST',1,'admin','开发部门','/system/user','127.0.0.1','内网IP','{\"admin\":false,\"createBy\":\"admin\",\"nickName\":\"水果商家\",\"params\":{},\"postIds\":[],\"roleIds\":[100],\"status\":\"0\",\"userId\":107,\"userName\":\"saller2\"}','{\"msg\":\"操作成功\",\"code\":200}',0,NULL,'2025-04-27 09:26:55',135),(684,'用户管理',2,'com.ruoyi.web.controller.system.SysUserController.edit()','PUT',1,'admin','开发部门','/system/user','127.0.0.1','内网IP','{\"admin\":false,\"avatar\":\"\",\"createBy\":\"admin\",\"createTime\":\"2025-04-27 09:26:55\",\"delFlag\":\"0\",\"email\":\"\",\"loginDate\":\"2025-04-27 17:27:16\",\"loginIp\":\"127.0.0.1\",\"nickName\":\"水果商家\",\"params\":{},\"phonenumber\":\"\",\"postIds\":[],\"roleIds\":[100],\"roles\":[{\"admin\":false,\"dataScope\":\"2\",\"deptCheckStrictly\":false,\"flag\":false,\"menuCheckStrictly\":false,\"params\":{},\"roleId\":2,\"roleKey\":\"common\",\"roleName\":\"普通角色\",\"roleSort\":2,\"status\":\"0\"},{\"admin\":false,\"dataScope\":\"1\",\"deptCheckStrictly\":false,\"flag\":false,\"menuCheckStrictly\":false,\"params\":{},\"roleId\":100,\"roleKey\":\"saller\",\"roleName\":\"商家\",\"roleSort\":0,\"status\":\"0\"}],\"sex\":\"0\",\"status\":\"0\",\"updateBy\":\"admin\",\"userId\":107,\"userName\":\"saller2\"}','{\"msg\":\"操作成功\",\"code\":200}',0,NULL,'2025-04-27 09:28:22',43),(685,'用户管理',2,'com.ruoyi.web.controller.system.SysUserController.edit()','PUT',1,'admin','开发部门','/system/user','127.0.0.1','内网IP','{\"admin\":false,\"avatar\":\"\",\"createBy\":\"admin\",\"createTime\":\"2025-04-14 09:07:17\",\"delFlag\":\"0\",\"email\":\"\",\"loginDate\":\"2025-04-27 17:19:39\",\"loginIp\":\"127.0.0.1\",\"nickName\":\"商家\",\"params\":{},\"phonenumber\":\"\",\"postIds\":[],\"roleIds\":[100],\"roles\":[{\"admin\":false,\"dataScope\":\"1\",\"deptCheckStrictly\":false,\"flag\":false,\"menuCheckStrictly\":false,\"params\":{},\"roleId\":100,\"roleKey\":\"saller\",\"roleName\":\"商家\",\"roleSort\":0,\"status\":\"0\"}],\"sex\":\"0\",\"status\":\"0\",\"updateBy\":\"admin\",\"userId\":102,\"userName\":\"saller\"}','{\"msg\":\"操作成功\",\"code\":200}',0,NULL,'2025-04-27 09:28:28',41),(686,'商品',1,'com.ruoyi.system.controller.ProductController.add()','POST',1,'saller2',NULL,'/system/product','127.0.0.1','内网IP','{\"categoryId\":2,\"description\":\"1\",\"imageUrl\":\"http://localhost:8080/profile/upload/2025/04/27/single-product-2-530x480_20250427173216A003.jpg\",\"name\":\"12\",\"pStatus\":1,\"params\":{},\"price\":1,\"productId\":19,\"qualityLevel\":1,\"stock\":1}','{\"msg\":\"商品创建成功\",\"code\":200,\"data\":{\"productId\":19}}',0,NULL,'2025-04-27 09:32:17',30),(687,'销售员-产品关联',1,'com.ruoyi.system.controller.SallerProductController.add()','POST',1,'saller2',NULL,'/system/saller_product','127.0.0.1','内网IP','{\"params\":{},\"productId\":19,\"userId\":107}','{\"msg\":\"操作成功\",\"code\":200}',0,NULL,'2025-04-27 09:32:17',9),(688,'购物车',1,'com.ruoyi.system.controller.CartController.add()','POST',1,'admin','开发部门','/system/cart','127.0.0.1','内网IP','{\"cartId\":14,\"params\":{},\"productId\":18,\"quantity\":1,\"userId\":1}','{\"msg\":\"操作成功\",\"code\":200}',0,NULL,'2025-04-27 09:37:28',39),(689,'菜单管理',2,'com.ruoyi.web.controller.system.SysMenuController.edit()','PUT',1,'admin','开发部门','/system/menu','127.0.0.1','内网IP','{\"children\":[],\"component\":\"system/reviews/index\",\"createTime\":\"2025-04-13 14:17:25\",\"icon\":\"#\",\"isCache\":\"0\",\"isFrame\":\"1\",\"menuId\":2037,\"menuName\":\"评论详情\",\"menuType\":\"C\",\"orderNum\":1,\"params\":{},\"parentId\":2000,\"path\":\"reviews\",\"perms\":\"system:reviews:list\",\"routeName\":\"\",\"status\":\"0\",\"updateBy\":\"admin\",\"visible\":\"1\"}','{\"msg\":\"操作成功\",\"code\":200}',0,NULL,'2025-04-27 09:46:26',40),(690,'菜单管理',2,'com.ruoyi.web.controller.system.SysMenuController.edit()','PUT',1,'admin','开发部门','/system/menu','127.0.0.1','内网IP','{\"children\":[],\"component\":\"system/dict/index\",\"createTime\":\"2025-04-12 17:51:01\",\"icon\":\"dict\",\"isCache\":\"0\",\"isFrame\":\"1\",\"menuId\":105,\"menuName\":\"字典管理\",\"menuType\":\"C\",\"orderNum\":6,\"params\":{},\"parentId\":1,\"path\":\"dict\",\"perms\":\"system:dict:list\",\"query\":\"\",\"routeName\":\"\",\"status\":\"0\",\"updateBy\":\"admin\",\"visible\":\"1\"}','{\"msg\":\"操作成功\",\"code\":200}',0,NULL,'2025-04-27 09:46:47',23),(691,'代码生成',6,'com.ruoyi.generator.controller.GenController.importTableSave()','POST',1,'admin','开发部门','/tool/gen/importTable','127.0.0.1','内网IP','{\"tables\":\"vw_product_with_user\"}','{\"msg\":\"操作成功\",\"code\":200}',0,NULL,'2025-04-27 11:38:22',189),(692,'代码生成',2,'com.ruoyi.generator.controller.GenController.editSave()','PUT',1,'admin','开发部门','/tool/gen','127.0.0.1','内网IP','{\"businessName\":\"view_product_user\",\"className\":\"VwProductWithUser\",\"columns\":[{\"capJavaField\":\"ProductId\",\"columnComment\":\"商品ID\",\"columnId\":58,\"columnName\":\"product_id\",\"columnType\":\"int\",\"createBy\":\"admin\",\"createTime\":\"2025-04-27 11:38:22\",\"dictType\":\"\",\"edit\":true,\"htmlType\":\"input\",\"increment\":false,\"insert\":true,\"isEdit\":\"1\",\"isIncrement\":\"0\",\"isInsert\":\"1\",\"isList\":\"1\",\"isPk\":\"0\",\"isQuery\":\"1\",\"isRequired\":\"1\",\"javaField\":\"productId\",\"javaType\":\"Long\",\"list\":true,\"params\":{},\"pk\":false,\"query\":true,\"queryType\":\"EQ\",\"required\":true,\"sort\":1,\"superColumn\":false,\"tableId\":12,\"updateBy\":\"\",\"usableColumn\":false},{\"capJavaField\":\"CategoryId\",\"columnComment\":\"商品类别ID\",\"columnId\":59,\"columnName\":\"category_id\",\"columnType\":\"int\",\"createBy\":\"admin\",\"createTime\":\"2025-04-27 11:38:22\",\"dictType\":\"\",\"edit\":true,\"htmlType\":\"input\",\"increment\":false,\"insert\":true,\"isEdit\":\"1\",\"isIncrement\":\"0\",\"isInsert\":\"1\",\"isList\":\"1\",\"isPk\":\"0\",\"isQuery\":\"1\",\"isRequired\":\"1\",\"javaField\":\"categoryId\",\"javaType\":\"Long\",\"list\":true,\"params\":{},\"pk\":false,\"query\":true,\"queryType\":\"EQ\",\"required\":true,\"sort\":2,\"superColumn\":false,\"tableId\":12,\"updateBy\":\"\",\"usableColumn\":false},{\"capJavaField\":\"Name\",\"columnComment\":\"商品名称\",\"columnId\":60,\"columnName\":\"name\",\"columnType\":\"varchar(100)\",\"createBy\":\"admin\",\"createTime\":\"2025-04-27 11:38:22\",\"dictType\":\"\",\"edit\":true,\"htmlType\":\"input\",\"increment\":false,\"insert\":true,\"isEdit\":\"1\",\"isIncrement\":\"0\",\"isInsert\":\"1\",\"isList\":\"1\",\"isPk\":\"0\",\"isQuery\":\"1\",\"isRequired\":\"1\",\"javaField\":\"name\",\"javaType\":\"String\",\"list\":true,\"params\":{},\"pk\":false,\"query\":true,\"queryType\":\"LIKE\",\"required\":true,\"sort\":3,\"superColumn\":false,\"tableId\":12,\"updateBy\":\"\",\"usableColumn\":false},{\"capJavaField\":\"Description\",\"columnComment\":\"商品描述\",\"columnId\":61,\"columnName\":\"description\",\"columnType\":\"text\",\"createBy\":\"admin\",\"createTime\":\"2025-04-27 11:38:22\",\"dictType\":\"\",\"edit\":true,\"htmlType\":\"textarea\",\"increment\":false,\"insert\":true,\"isEdit\":\"1\",\"isIncrement\":\"0\",\"isInsert\":','{\"msg\":\"操作成功\",\"code\":200}',0,NULL,'2025-04-27 11:38:47',201),(693,'代码生成',8,'com.ruoyi.generator.controller.GenController.batchGenCode()','GET',1,'admin','开发部门','/tool/gen/batchGenCode','127.0.0.1','内网IP','{\"tables\":\"vw_product_with_user\"}',NULL,0,NULL,'2025-04-27 11:38:51',466),(694,'购物车',1,'com.ruoyi.system.controller.CartController.add()','POST',1,'admin','开发部门','/system/cart','127.0.0.1','内网IP','{\"cartId\":15,\"params\":{},\"productId\":19,\"quantity\":1,\"userId\":1}','{\"msg\":\"操作成功\",\"code\":200}',0,NULL,'2025-04-27 12:39:40',279),(695,'订单',1,'com.ruoyi.system.controller.OrderController.add()','POST',1,'admin','开发部门','/system/order','127.0.0.1','内网IP','{\"addressId\":2,\"orderId\":71,\"params\":{},\"totalAmount\":2,\"userId\":1}','{\"msg\":\"订单创建成功\",\"code\":200,\"data\":{\"orderId\":71}}',0,NULL,'2025-04-27 12:39:53',88),(696,'订单详情',1,'com.ruoyi.system.controller.OrderDetailController.add()','POST',1,'admin','开发部门','/system/detail','127.0.0.1','内网IP','{\"params\":{},\"price\":1,\"productId\":19,\"quantity\":1}',NULL,1,'\n### Error updating database.  Cause: java.sql.SQLException: Field \'order_id\' doesn\'t have a default value\n### The error may exist in URL [jar:file:/Users/lingluo/Documents/project/hxx3/RuoYi-Vue/ruoyi-admin/target/ruoyi-admin.jar!/BOOT-INF/lib/ruoyi-system-3.8.9.jar!/mapper/system/OrderDetailMapper.xml]\n### The error may involve com.ruoyi.system.mapper.OrderDetailMapper.insertOrderDetail-Inline\n### The error occurred while setting parameters\n### SQL: insert into order_detail          ( product_id,             quantity,             price )           values ( ?,             ?,             ? )\n### Cause: java.sql.SQLException: Field \'order_id\' doesn\'t have a default value\n; Field \'order_id\' doesn\'t have a default value; nested exception is java.sql.SQLException: Field \'order_id\' doesn\'t have a default value','2025-04-27 12:39:53',160),(697,'订单详情',1,'com.ruoyi.system.controller.OrderDetailController.add()','POST',1,'admin','开发部门','/system/detail','127.0.0.1','内网IP','{\"params\":{},\"price\":1,\"productId\":18,\"quantity\":1}',NULL,1,'\n### Error updating database.  Cause: java.sql.SQLException: Field \'order_id\' doesn\'t have a default value\n### The error may exist in URL [jar:file:/Users/lingluo/Documents/project/hxx3/RuoYi-Vue/ruoyi-admin/target/ruoyi-admin.jar!/BOOT-INF/lib/ruoyi-system-3.8.9.jar!/mapper/system/OrderDetailMapper.xml]\n### The error may involve com.ruoyi.system.mapper.OrderDetailMapper.insertOrderDetail-Inline\n### The error occurred while setting parameters\n### SQL: insert into order_detail          ( product_id,             quantity,             price )           values ( ?,             ?,             ? )\n### Cause: java.sql.SQLException: Field \'order_id\' doesn\'t have a default value\n; Field \'order_id\' doesn\'t have a default value; nested exception is java.sql.SQLException: Field \'order_id\' doesn\'t have a default value','2025-04-27 12:39:53',160),(698,'订单',1,'com.ruoyi.system.controller.OrderController.add()','POST',1,'admin','开发部门','/system/order','127.0.0.1','内网IP','{\"addressId\":2,\"orderId\":72,\"params\":{},\"totalAmount\":2,\"userId\":1}','{\"msg\":\"订单创建成功\",\"code\":200,\"data\":{\"orderId\":72}}',0,NULL,'2025-04-27 12:42:21',47),(699,'订单详情',1,'com.ruoyi.system.controller.OrderDetailController.add()','POST',1,'admin','开发部门','/system/detail','127.0.0.1','内网IP','{\"detailId\":92,\"orderId\":72,\"params\":{},\"price\":1,\"productId\":19,\"quantity\":1}','{\"msg\":\"操作成功\",\"code\":200}',0,NULL,'2025-04-27 12:42:21',23),(700,'订单详情',1,'com.ruoyi.system.controller.OrderDetailController.add()','POST',1,'admin','开发部门','/system/detail','127.0.0.1','内网IP','{\"detailId\":93,\"orderId\":72,\"params\":{},\"price\":1,\"productId\":18,\"quantity\":1}','{\"msg\":\"操作成功\",\"code\":200}',0,NULL,'2025-04-27 12:42:21',19),(701,'销售员-订单关联',1,'com.ruoyi.system.controller.SallerOrderController.add()','POST',1,'admin','开发部门','/system/saller_order','127.0.0.1','内网IP','{\"orderId\":72,\"params\":{},\"userId\":107}','{\"msg\":\"操作成功\",\"code\":200}',0,NULL,'2025-04-27 12:42:21',16),(702,'销售员-订单关联',1,'com.ruoyi.system.controller.SallerOrderController.add()','POST',1,'admin','开发部门','/system/saller_order','127.0.0.1','内网IP','{\"orderId\":72,\"params\":{},\"userId\":102}','{\"msg\":\"操作成功\",\"code\":200}',0,NULL,'2025-04-27 12:42:21',16),(703,'商品',2,'com.ruoyi.system.controller.ProductController.edit()','PUT',1,'saller',NULL,'/system/product','127.0.0.1','内网IP','{\"pStatus\":0,\"params\":{},\"productId\":18}','{\"msg\":\"操作成功\",\"code\":200}',0,NULL,'2025-04-27 13:24:56',66),(704,'商品',2,'com.ruoyi.system.controller.ProductController.edit()','PUT',1,'saller',NULL,'/system/product','127.0.0.1','内网IP','{\"pStatus\":1,\"params\":{},\"productId\":18}','{\"msg\":\"操作成功\",\"code\":200}',0,NULL,'2025-04-27 13:24:57',8),(705,'订单',2,'com.ruoyi.system.controller.OrderController.edit()','PUT',1,'saller',NULL,'/system/order','127.0.0.1','内网IP','{\"orderId\":72,\"params\":{},\"shippingStatus\":\"1\"}','{\"msg\":\"操作成功\",\"code\":200}',0,NULL,'2025-04-27 13:46:04',45),(706,'订单',2,'com.ruoyi.system.controller.OrderController.edit()','PUT',1,'admin','开发部门','/system/order','127.0.0.1','内网IP','{\"params\":{},\"status\":\"1\"}','{\"msg\":\"操作失败\",\"code\":500}',0,NULL,'2025-04-27 14:04:19',49),(707,'订单',1,'com.ruoyi.system.controller.OrderController.add()','POST',1,'admin','开发部门','/system/order','127.0.0.1','内网IP','{\"orderId\":73,\"params\":{},\"paymentStatus\":\"1\",\"userId\":1}','{\"msg\":\"订单创建成功\",\"code\":200,\"data\":{\"orderId\":73}}',0,NULL,'2025-04-27 14:06:27',53),(708,'订单',1,'com.ruoyi.system.controller.OrderController.add()','POST',1,'admin','开发部门','/system/order','127.0.0.1','内网IP','{\"orderId\":74,\"params\":{},\"paymentStatus\":\"1\",\"userId\":1}','{\"msg\":\"订单创建成功\",\"code\":200,\"data\":{\"orderId\":74}}',0,NULL,'2025-04-27 14:06:44',55),(709,'订单',3,'com.ruoyi.system.controller.OrderController.remove()','DELETE',1,'admin','开发部门','/system/order/68,69,70,71,72,73,74','127.0.0.1','内网IP','[68,69,70,71,72,73,74]',NULL,1,'\n### Error updating database.  Cause: java.sql.SQLIntegrityConstraintViolationException: Cannot delete or update a parent row: a foreign key constraint fails (`hbps`.`order_detail`, CONSTRAINT `order_detail_ibfk_1` FOREIGN KEY (`order_id`) REFERENCES `order` (`order_id`))\n### The error may exist in URL [jar:file:/Users/lingluo/Documents/project/hxx3/RuoYi-Vue/ruoyi-admin/target/ruoyi-admin.jar!/BOOT-INF/lib/ruoyi-system-3.8.9.jar!/mapper/system/OrderMapper.xml]\n### The error may involve com.ruoyi.system.mapper.OrderMapper.deleteOrderByOrderIds-Inline\n### The error occurred while setting parameters\n### SQL: delete from `order` where order_id in           (               ?          ,              ?          ,              ?          ,              ?          ,              ?          ,              ?          ,              ?          )\n### Cause: java.sql.SQLIntegrityConstraintViolationException: Cannot delete or update a parent row: a foreign key constraint fails (`hbps`.`order_detail`, CONSTRAINT `order_detail_ibfk_1` FOREIGN KEY (`order_id`) REFERENCES `order` (`order_id`))\n; Cannot delete or update a parent row: a foreign key constraint fails (`hbps`.`order_detail`, CONSTRAINT `order_detail_ibfk_1` FOREIGN KEY (`order_id`) REFERENCES `order` (`order_id`)); nested exception is java.sql.SQLIntegrityConstraintViolationException: Cannot delete or update a parent row: a foreign key constraint fails (`hbps`.`order_detail`, CONSTRAINT `order_detail_ibfk_1` FOREIGN KEY (`order_id`) REFERENCES `order` (`order_id`))','2025-04-27 14:07:18',49),(710,'订单详情',3,'com.ruoyi.system.controller.OrderDetailController.remove()','DELETE',1,'admin','开发部门','/system/detail/92,93','127.0.0.1','内网IP','[92,93]','{\"msg\":\"操作成功\",\"code\":200}',0,NULL,'2025-04-27 14:07:22',13),(711,'订单',5,'com.ruoyi.system.controller.OrderController.export()','POST',1,'admin','开发部门','/system/order/export','127.0.0.1','内网IP','{\"pageSize\":\"10\",\"pageNum\":\"1\"}',NULL,0,NULL,'2025-04-27 14:07:26',1109),(712,'订单',3,'com.ruoyi.system.controller.OrderController.remove()','DELETE',1,'admin','开发部门','/system/order/68,69,70,71,72,73,74','127.0.0.1','内网IP','[68,69,70,71,72,73,74]','{\"msg\":\"操作成功\",\"code\":200}',0,NULL,'2025-04-27 14:07:32',37),(713,'订单',1,'com.ruoyi.system.controller.OrderController.add()','POST',1,'admin','开发部门','/system/order','127.0.0.1','内网IP','{\"addressId\":2,\"orderId\":75,\"params\":{},\"totalAmount\":2,\"userId\":1}','{\"msg\":\"订单创建成功\",\"code\":200,\"data\":{\"orderId\":75}}',0,NULL,'2025-04-27 14:07:47',54),(714,'订单详情',1,'com.ruoyi.system.controller.OrderDetailController.add()','POST',1,'admin','开发部门','/system/detail','127.0.0.1','内网IP','{\"detailId\":94,\"orderId\":75,\"params\":{},\"price\":1,\"productId\":19,\"quantity\":1}','{\"msg\":\"操作成功\",\"code\":200}',0,NULL,'2025-04-27 14:07:47',50),(715,'订单详情',1,'com.ruoyi.system.controller.OrderDetailController.add()','POST',1,'admin','开发部门','/system/detail','127.0.0.1','内网IP','{\"detailId\":95,\"orderId\":75,\"params\":{},\"price\":1,\"productId\":18,\"quantity\":1}','{\"msg\":\"操作成功\",\"code\":200}',0,NULL,'2025-04-27 14:07:47',56),(716,'销售员-订单关联',1,'com.ruoyi.system.controller.SallerOrderController.add()','POST',1,'admin','开发部门','/system/saller_order','127.0.0.1','内网IP','{\"orderId\":75,\"params\":{},\"userId\":102}','{\"msg\":\"操作成功\",\"code\":200}',0,NULL,'2025-04-27 14:07:47',20),(717,'销售员-订单关联',1,'com.ruoyi.system.controller.SallerOrderController.add()','POST',1,'admin','开发部门','/system/saller_order','127.0.0.1','内网IP','{\"orderId\":75,\"params\":{},\"userId\":107}','{\"msg\":\"操作成功\",\"code\":200}',0,NULL,'2025-04-27 14:07:47',24),(718,'订单',1,'com.ruoyi.system.controller.OrderController.add()','POST',1,'admin','开发部门','/system/order','127.0.0.1','内网IP','{\"orderId\":76,\"params\":{},\"paymentStatus\":\"1\",\"userId\":1}','{\"msg\":\"订单创建成功\",\"code\":200,\"data\":{\"orderId\":76}}',0,NULL,'2025-04-27 14:08:05',42),(719,'订单',2,'com.ruoyi.system.controller.OrderController.edit()','PUT',1,'admin','开发部门','/system/order','127.0.0.1','内网IP','{\"orderId\":75,\"params\":{},\"paymentStatus\":\"1\"}','{\"msg\":\"操作成功\",\"code\":200}',0,NULL,'2025-04-27 14:08:58',41),(720,'订单',3,'com.ruoyi.system.controller.OrderController.remove()','DELETE',1,'admin','开发部门','/system/order/76','127.0.0.1','内网IP','[76]','{\"msg\":\"操作成功\",\"code\":200}',0,NULL,'2025-04-27 14:09:18',14),(721,'订单',2,'com.ruoyi.system.controller.OrderController.edit()','PUT',1,'admin','开发部门','/system/order','127.0.0.1','内网IP','{\"orderId\":75,\"params\":{},\"paymentStatus\":\"1\"}','{\"msg\":\"操作成功\",\"code\":200}',0,NULL,'2025-04-27 14:11:51',33),(722,'订单',2,'com.ruoyi.system.controller.OrderController.edit()','PUT',1,'admin','开发部门','/system/order','127.0.0.1','内网IP','{\"orderId\":75,\"params\":{},\"paymentStatus\":\"1\"}','{\"msg\":\"操作成功\",\"code\":200}',0,NULL,'2025-04-27 14:12:00',46),(723,'订单',2,'com.ruoyi.system.controller.OrderController.edit()','PUT',1,'admin','开发部门','/system/order','127.0.0.1','内网IP','{\"orderId\":75,\"params\":{},\"paymentStatus\":\"1\"}','{\"msg\":\"操作成功\",\"code\":200}',0,NULL,'2025-04-27 14:21:29',35),(724,'订单',2,'com.ruoyi.system.controller.OrderController.edit()','PUT',1,'admin','开发部门','/system/order','127.0.0.1','内网IP','{\"orderId\":75,\"params\":{},\"paymentStatus\":\"1\"}','{\"msg\":\"操作成功\",\"code\":200}',0,NULL,'2025-04-27 14:24:09',29),(725,'商品',2,'com.ruoyi.system.controller.ProductController.edit()','PUT',1,'saller',NULL,'/system/product','127.0.0.1','内网IP','{\"categoryId\":1,\"description\":\"1\",\"imageUrl\":\"http://localhost:8080/profile/upload/2025/04/27/product-2-191x132_20250427172530A002.png\",\"name\":\"a\",\"pStatus\":1,\"params\":{},\"price\":1,\"productId\":18,\"qualityLevel\":1,\"stock\":6}','{\"msg\":\"操作成功\",\"code\":200}',0,NULL,'2025-04-27 14:58:24',93),(726,'商品',3,'com.ruoyi.system.controller.ProductController.remove()','DELETE',1,'saller',NULL,'/system/product/18','127.0.0.1','内网IP','[18]',NULL,1,'\n### Error updating database.  Cause: java.sql.SQLIntegrityConstraintViolationException: Cannot delete or update a parent row: a foreign key constraint fails (`hbps`.`cart`, CONSTRAINT `cart_ibfk_2` FOREIGN KEY (`product_id`) REFERENCES `product` (`product_id`))\n### The error may exist in URL [jar:file:/Users/lingluo/Documents/project/hxx3/RuoYi-Vue/ruoyi-admin/target/ruoyi-admin.jar!/BOOT-INF/lib/ruoyi-system-3.8.9.jar!/mapper/system/ProductMapper.xml]\n### The error may involve com.ruoyi.system.mapper.ProductMapper.deleteProductByProductIds-Inline\n### The error occurred while setting parameters\n### SQL: delete from product where product_id in           (               ?          )\n### Cause: java.sql.SQLIntegrityConstraintViolationException: Cannot delete or update a parent row: a foreign key constraint fails (`hbps`.`cart`, CONSTRAINT `cart_ibfk_2` FOREIGN KEY (`product_id`) REFERENCES `product` (`product_id`))\n; Cannot delete or update a parent row: a foreign key constraint fails (`hbps`.`cart`, CONSTRAINT `cart_ibfk_2` FOREIGN KEY (`product_id`) REFERENCES `product` (`product_id`)); nested exception is java.sql.SQLIntegrityConstraintViolationException: Cannot delete or update a parent row: a foreign key constraint fails (`hbps`.`cart`, CONSTRAINT `cart_ibfk_2` FOREIGN KEY (`product_id`) REFERENCES `product` (`product_id`))','2025-04-27 14:58:37',82),(727,'商品',2,'com.ruoyi.system.controller.ProductController.edit()','PUT',1,'admin','开发部门','/system/product','127.0.0.1','内网IP','{\"categoryId\":1,\"createdAt\":\"2025-04-27\",\"description\":\"果园佳严选烟台原产地红富士苹果，果皮鲜红有光泽，果肉细腻爽脆，甜度适中并带有淡淡蜜香。每颗单果重 200–250 克，富含维生素 C、膳食纤维和抗氧化物质，可帮助提升免疫力、促进肠道蠕动。包装采用气泡膜单果保护，适合日常餐桌或送礼。\",\"imageUrl\":\"http://localhost:8080/profile/upload/2025/04/27/product-2-191x132_20250427172530A002.png\",\"name\":\"a\",\"pStatus\":1,\"params\":{},\"price\":1,\"productId\":18,\"qualityLevel\":1,\"stock\":6,\"updatedAt\":\"2025-04-27\"}','{\"msg\":\"操作成功\",\"code\":200}',0,NULL,'2025-04-27 15:00:23',55),(728,'商品',2,'com.ruoyi.system.controller.ProductController.edit()','PUT',1,'admin','开发部门','/system/product','127.0.0.1','内网IP','{\"categoryId\":1,\"createdAt\":\"2025-04-27\",\"description\":\"果园佳严选烟台原产地红富士苹果，果皮鲜红有光泽，果肉细腻爽脆，甜度适中并带有淡淡蜜香。每颗单果重 200–250 克，富含维生素 C、膳食纤维和抗氧化物质，可帮助提升免疫力、促进肠道蠕动。包装采用气泡膜单果保护，适合日常餐桌或送礼。\",\"imageUrl\":\"http://localhost:8080/profile/upload/2025/04/27/product-2-191x132_20250427172530A002.png\",\"name\":\"红富士\",\"pStatus\":1,\"params\":{},\"price\":1,\"productId\":18,\"qualityLevel\":1,\"stock\":6,\"updatedAt\":\"2025-04-27\"}','{\"msg\":\"操作成功\",\"code\":200}',0,NULL,'2025-04-27 15:04:07',69),(729,'购物车',3,'com.ruoyi.system.controller.CartController.remove()','DELETE',1,'admin','开发部门','/system/cart/14,15','127.0.0.1','内网IP','[14,15]','{\"msg\":\"操作成功\",\"code\":200}',0,NULL,'2025-04-27 15:07:35',30),(730,'订单',3,'com.ruoyi.system.controller.OrderController.remove()','DELETE',1,'admin','开发部门','/system/order/75','127.0.0.1','内网IP','[75]',NULL,1,'\n### Error updating database.  Cause: java.sql.SQLIntegrityConstraintViolationException: Cannot delete or update a parent row: a foreign key constraint fails (`hbps`.`order_detail`, CONSTRAINT `order_detail_ibfk_1` FOREIGN KEY (`order_id`) REFERENCES `order` (`order_id`))\n### The error may exist in URL [jar:file:/Users/lingluo/Documents/project/hxx3/RuoYi-Vue/ruoyi-admin/target/ruoyi-admin.jar!/BOOT-INF/lib/ruoyi-system-3.8.9.jar!/mapper/system/OrderMapper.xml]\n### The error may involve com.ruoyi.system.mapper.OrderMapper.deleteOrderByOrderIds-Inline\n### The error occurred while setting parameters\n### SQL: delete from `order` where order_id in           (               ?          )\n### Cause: java.sql.SQLIntegrityConstraintViolationException: Cannot delete or update a parent row: a foreign key constraint fails (`hbps`.`order_detail`, CONSTRAINT `order_detail_ibfk_1` FOREIGN KEY (`order_id`) REFERENCES `order` (`order_id`))\n; Cannot delete or update a parent row: a foreign key constraint fails (`hbps`.`order_detail`, CONSTRAINT `order_detail_ibfk_1` FOREIGN KEY (`order_id`) REFERENCES `order` (`order_id`)); nested exception is java.sql.SQLIntegrityConstraintViolationException: Cannot delete or update a parent row: a foreign key constraint fails (`hbps`.`order_detail`, CONSTRAINT `order_detail_ibfk_1` FOREIGN KEY (`order_id`) REFERENCES `order` (`order_id`))','2025-04-27 15:07:42',41),(731,'订单详情',3,'com.ruoyi.system.controller.OrderDetailController.remove()','DELETE',1,'admin','开发部门','/system/detail/94,95','127.0.0.1','内网IP','[94,95]','{\"msg\":\"操作成功\",\"code\":200}',0,NULL,'2025-04-27 15:07:48',15),(732,'订单',3,'com.ruoyi.system.controller.OrderController.remove()','DELETE',1,'admin','开发部门','/system/order/75','127.0.0.1','内网IP','[75]','{\"msg\":\"操作成功\",\"code\":200}',0,NULL,'2025-04-27 15:07:52',12),(733,'商品',3,'com.ruoyi.system.controller.ProductController.remove()','DELETE',1,'admin','开发部门','/system/product/18,19','127.0.0.1','内网IP','[18,19]','{\"msg\":\"操作成功\",\"code\":200}',0,NULL,'2025-04-27 15:08:07',27),(734,'用户管理',2,'com.ruoyi.web.controller.system.SysUserController.edit()','PUT',1,'admin','开发部门','/system/user','127.0.0.1','内网IP','{\"admin\":false,\"avatar\":\"\",\"createBy\":\"admin\",\"createTime\":\"2025-04-14 09:07:17\",\"delFlag\":\"0\",\"email\":\"\",\"loginDate\":\"2025-04-27 22:50:41\",\"loginIp\":\"127.0.0.1\",\"nickName\":\"河北平山果园佳\",\"params\":{},\"phonenumber\":\"\",\"postIds\":[],\"roleIds\":[100],\"roles\":[{\"admin\":false,\"dataScope\":\"1\",\"deptCheckStrictly\":false,\"flag\":false,\"menuCheckStrictly\":false,\"params\":{},\"roleId\":100,\"roleKey\":\"saller\",\"roleName\":\"商家\",\"roleSort\":0,\"status\":\"0\"}],\"sex\":\"0\",\"status\":\"0\",\"updateBy\":\"admin\",\"userId\":102,\"userName\":\"saller\"}','{\"msg\":\"操作成功\",\"code\":200}',0,NULL,'2025-04-27 15:09:37',107),(735,'用户管理',2,'com.ruoyi.web.controller.system.SysUserController.edit()','PUT',1,'admin','开发部门','/system/user','127.0.0.1','内网IP','{\"admin\":false,\"avatar\":\"\",\"createBy\":\"admin\",\"createTime\":\"2025-04-27 09:26:55\",\"delFlag\":\"0\",\"email\":\"\",\"loginDate\":\"2025-04-27 17:28:46\",\"loginIp\":\"127.0.0.1\",\"nickName\":\"河北平山森森木耳\",\"params\":{},\"phonenumber\":\"\",\"postIds\":[],\"roleIds\":[100],\"roles\":[{\"admin\":false,\"dataScope\":\"1\",\"deptCheckStrictly\":false,\"flag\":false,\"menuCheckStrictly\":false,\"params\":{},\"roleId\":100,\"roleKey\":\"saller\",\"roleName\":\"商家\",\"roleSort\":0,\"status\":\"0\"}],\"sex\":\"0\",\"status\":\"0\",\"updateBy\":\"admin\",\"userId\":107,\"userName\":\"saller2\"}','{\"msg\":\"操作成功\",\"code\":200}',0,NULL,'2025-04-27 15:09:50',58),(736,'用户管理',3,'com.ruoyi.web.controller.system.SysUserController.remove()','DELETE',1,'admin','开发部门','/system/user/106','127.0.0.1','内网IP','[106]','{\"msg\":\"操作成功\",\"code\":200}',0,NULL,'2025-04-27 15:09:55',24),(737,'用户管理',3,'com.ruoyi.web.controller.system.SysUserController.remove()','DELETE',1,'admin','开发部门','/system/user/105','127.0.0.1','内网IP','[105]','{\"msg\":\"操作成功\",\"code\":200}',0,NULL,'2025-04-27 15:09:56',21),(738,'用户管理',3,'com.ruoyi.web.controller.system.SysUserController.remove()','DELETE',1,'admin','开发部门','/system/user/104','127.0.0.1','内网IP','[104]','{\"msg\":\"操作成功\",\"code\":200}',0,NULL,'2025-04-27 15:09:58',21),(739,'用户管理',3,'com.ruoyi.web.controller.system.SysUserController.remove()','DELETE',1,'admin','开发部门','/system/user/103','127.0.0.1','内网IP','[103]','{\"msg\":\"操作成功\",\"code\":200}',0,NULL,'2025-04-27 15:09:59',21),(740,'用户管理',1,'com.ruoyi.web.controller.system.SysUserController.add()','POST',1,'admin','开发部门','/system/user','127.0.0.1','内网IP','{\"admin\":false,\"createBy\":\"admin\",\"nickName\":\"河北平山蕉乐园\",\"params\":{},\"postIds\":[],\"roleIds\":[100],\"status\":\"0\",\"userId\":108,\"userName\":\"saller3\"}','{\"msg\":\"操作成功\",\"code\":200}',0,NULL,'2025-04-27 15:10:20',128),(741,'用户管理',2,'com.ruoyi.web.controller.system.SysUserController.edit()','PUT',1,'admin','开发部门','/system/user','127.0.0.1','内网IP','{\"admin\":false,\"avatar\":\"\",\"createBy\":\"admin\",\"createTime\":\"2025-04-27 15:10:19\",\"delFlag\":\"0\",\"email\":\"\",\"loginIp\":\"\",\"nickName\":\"河北平山蕉乐园\",\"params\":{},\"phonenumber\":\"\",\"postIds\":[],\"roleIds\":[100],\"roles\":[{\"admin\":false,\"dataScope\":\"2\",\"deptCheckStrictly\":false,\"flag\":false,\"menuCheckStrictly\":false,\"params\":{},\"roleId\":2,\"roleKey\":\"common\",\"roleName\":\"普通角色\",\"roleSort\":2,\"status\":\"0\"},{\"admin\":false,\"dataScope\":\"1\",\"deptCheckStrictly\":false,\"flag\":false,\"menuCheckStrictly\":false,\"params\":{},\"roleId\":100,\"roleKey\":\"saller\",\"roleName\":\"商家\",\"roleSort\":0,\"status\":\"0\"}],\"sex\":\"0\",\"status\":\"0\",\"updateBy\":\"admin\",\"userId\":108,\"userName\":\"saller3\"}','{\"msg\":\"操作成功\",\"code\":200}',0,NULL,'2025-04-27 15:10:23',27),(742,'用户管理',2,'com.ruoyi.web.controller.system.SysUserController.edit()','PUT',1,'admin','开发部门','/system/user','127.0.0.1','内网IP','{\"admin\":false,\"avatar\":\"\",\"createBy\":\"admin\",\"createTime\":\"2025-04-27 15:10:19\",\"delFlag\":\"0\",\"email\":\"\",\"loginIp\":\"\",\"nickName\":\"河北平山杂货\",\"params\":{},\"phonenumber\":\"\",\"postIds\":[],\"roleIds\":[100],\"roles\":[{\"admin\":false,\"dataScope\":\"1\",\"deptCheckStrictly\":false,\"flag\":false,\"menuCheckStrictly\":false,\"params\":{},\"roleId\":100,\"roleKey\":\"saller\",\"roleName\":\"商家\",\"roleSort\":0,\"status\":\"0\"}],\"sex\":\"0\",\"status\":\"0\",\"updateBy\":\"admin\",\"userId\":108,\"userName\":\"saller3\"}','{\"msg\":\"操作成功\",\"code\":200}',0,NULL,'2025-04-27 15:11:06',65),(743,'商品',1,'com.ruoyi.system.controller.ProductController.add()','POST',1,'saller',NULL,'/system/product','127.0.0.1','内网IP','{\"categoryId\":1,\"description\":\"产地：平山高岭果园\\n\\n简介：果园佳位于平山南部的高海拔坡地，土壤疏松、昼夜温差大；这里生长的红富士苹果外皮鲜红透亮、果肉脆甜多汁。单果约 200–250 克，富含维生素 C 与矿物纤维，不仅口感优异，还能帮助促进消化和提高免疫力。果园采用滴灌+有机覆盖技术，杜绝农残，保证每一颗苹果安全可追溯。\",\"imageUrl\":\"http://localhost:8080/profile/upload/2025/04/27/product-big-7-344x250_20250427231313A001.png\",\"name\":\"平山红富士苹果\",\"pStatus\":1,\"params\":{},\"price\":12,\"productId\":20,\"qualityLevel\":1,\"stock\":1000}','{\"msg\":\"商品创建成功\",\"code\":200,\"data\":{\"productId\":20}}',0,NULL,'2025-04-27 15:13:16',21),(744,'销售员-产品关联',1,'com.ruoyi.system.controller.SallerProductController.add()','POST',1,'saller',NULL,'/system/saller_product','127.0.0.1','内网IP','{\"params\":{},\"productId\":20,\"userId\":102}','{\"msg\":\"操作成功\",\"code\":200}',0,NULL,'2025-04-27 15:13:16',20),(745,'商品',1,'com.ruoyi.system.controller.ProductController.add()','POST',1,'saller',NULL,'/system/product','127.0.0.1','内网IP','{\"categoryId\":2,\"description\":\"\\t平山当地温室香蕉，人工控温种植，外皮光滑金黄，肉质细腻香甜，天然熟成，无催熟剂处理，入口绵软回甘。\",\"imageUrl\":\"http://localhost:8080/profile/upload/2025/04/27/xj1_20250427231428A002.png\",\"name\":\"平山香蕉\",\"pStatus\":1,\"params\":{},\"price\":20,\"productId\":21,\"qualityLevel\":2,\"stock\":2000}','{\"msg\":\"商品创建成功\",\"code\":200,\"data\":{\"productId\":21}}',0,NULL,'2025-04-27 15:14:33',34),(746,'销售员-产品关联',1,'com.ruoyi.system.controller.SallerProductController.add()','POST',1,'saller',NULL,'/system/saller_product','127.0.0.1','内网IP','{\"params\":{},\"productId\":21,\"userId\":102}','{\"msg\":\"操作成功\",\"code\":200}',0,NULL,'2025-04-27 15:14:33',12),(747,'商品',1,'com.ruoyi.system.controller.ProductController.add()','POST',1,'saller',NULL,'/system/product','127.0.0.1','内网IP','{\"categoryId\":3,\"description\":\"平山精选温暖向阳地带栽培的橘子，外皮薄易剥，汁水充盈，甜味浓郁，富含维生素C，酸甜适中，清新爽口。\",\"imageUrl\":\"http://localhost:8080/profile/upload/2025/04/27/ju1_20250427231503A003.jpg\",\"name\":\"平山橘子\",\"pStatus\":1,\"params\":{},\"price\":30,\"productId\":22,\"qualityLevel\":3,\"stock\":1800}','{\"msg\":\"商品创建成功\",\"code\":200,\"data\":{\"productId\":22}}',0,NULL,'2025-04-27 15:15:04',24),(748,'销售员-产品关联',1,'com.ruoyi.system.controller.SallerProductController.add()','POST',1,'saller',NULL,'/system/saller_product','127.0.0.1','内网IP','{\"params\":{},\"productId\":22,\"userId\":102}','{\"msg\":\"操作成功\",\"code\":200}',0,NULL,'2025-04-27 15:15:04',8),(749,'商品类别',3,'com.ruoyi.system.controller.ProductCategoryController.remove()','DELETE',1,'saller2',NULL,'/system/category/4','127.0.0.1','内网IP','[4]','{\"msg\":\"操作成功\",\"code\":200}',0,NULL,'2025-04-27 15:16:00',21),(750,'商品类别',3,'com.ruoyi.system.controller.ProductCategoryController.remove()','DELETE',1,'saller2',NULL,'/system/category/5','127.0.0.1','内网IP','[5]','{\"msg\":\"操作成功\",\"code\":200}',0,NULL,'2025-04-27 15:16:01',10),(751,'商品类别',1,'com.ruoyi.system.controller.ProductCategoryController.add()','POST',1,'saller2',NULL,'/system/category','127.0.0.1','内网IP','{\"categoryId\":6,\"name\":\"木耳\",\"params\":{}}','{\"msg\":\"操作成功\",\"code\":200}',0,NULL,'2025-04-27 15:16:09',33),(752,'商品类别',1,'com.ruoyi.system.controller.ProductCategoryController.add()','POST',1,'saller2',NULL,'/system/category','127.0.0.1','内网IP','{\"categoryId\":7,\"name\":\"核桃\",\"params\":{}}','{\"msg\":\"操作成功\",\"code\":200}',0,NULL,'2025-04-27 15:16:17',26),(753,'商品类别',1,'com.ruoyi.system.controller.ProductCategoryController.add()','POST',1,'saller2',NULL,'/system/category','127.0.0.1','内网IP','{\"categoryId\":8,\"name\":\"花椒\",\"params\":{}}','{\"msg\":\"操作成功\",\"code\":200}',0,NULL,'2025-04-27 15:16:21',9),(754,'商品',1,'com.ruoyi.system.controller.ProductController.add()','POST',1,'saller2',NULL,'/system/product','127.0.0.1','内网IP','{\"categoryId\":6,\"description\":\"产地：平山大峡谷原始林\\n\\n简介：森森木耳深入平山大峡谷腹地，手工采撷原始林下生长的黑木耳。经传统寒风晾晒工艺，保持菌体完整和天然菌香。干木耳泡发后菌盖饱满、边缘卷曲、肉质厚实，口感爽滑有嚼劲。富含植物多糖与膳食纤维，具有润肠通便、降血脂和增强免疫的功效。\",\"imageUrl\":\"http://localhost:8080/profile/upload/2025/04/27/me2_20250427231843A004.jpg\",\"name\":\"平山野生黑木耳（干货）\",\"pStatus\":1,\"params\":{},\"price\":30,\"productId\":23,\"qualityLevel\":1,\"stock\":3000}','{\"msg\":\"商品创建成功\",\"code\":200,\"data\":{\"productId\":23}}',0,NULL,'2025-04-27 15:18:44',40),(755,'销售员-产品关联',1,'com.ruoyi.system.controller.SallerProductController.add()','POST',1,'saller2',NULL,'/system/saller_product','127.0.0.1','内网IP','{\"params\":{},\"productId\":23,\"userId\":107}','{\"msg\":\"操作成功\",\"code\":200}',0,NULL,'2025-04-27 15:18:44',8),(756,'商品',1,'com.ruoyi.system.controller.ProductController.add()','POST',1,'saller2',NULL,'/system/product','127.0.0.1','内网IP','{\"categoryId\":6,\"description\":\"产地：平山林下菌床\\n\\n简介：森森木耳在平山清洁林下菌床内采用无公害配方栽培，全程监控湿度与光照。鲜木耳菌盖扁平、黑润发亮，质地柔软如棉，口感嫩滑。可用于蒜蓉清炒、菌菇火锅或与猪肉同炖。富含维生素 B 群和多种矿物质，是家庭滋补和餐桌健康的上佳食材。\",\"imageUrl\":\"http://localhost:8080/profile/upload/2025/04/27/me1_20250427231908A005.jpeg\",\"name\":\"平山有机鲜木耳\",\"pStatus\":1,\"params\":{},\"price\":20,\"productId\":24,\"qualityLevel\":2,\"stock\":20000}','{\"msg\":\"商品创建成功\",\"code\":200,\"data\":{\"productId\":24}}',0,NULL,'2025-04-27 15:19:12',40),(757,'销售员-产品关联',1,'com.ruoyi.system.controller.SallerProductController.add()','POST',1,'saller2',NULL,'/system/saller_product','127.0.0.1','内网IP','{\"params\":{},\"productId\":24,\"userId\":107}','{\"msg\":\"操作成功\",\"code\":200}',0,NULL,'2025-04-27 15:19:12',7),(758,'商品',1,'com.ruoyi.system.controller.ProductController.add()','POST',1,'saller2',NULL,'/system/product','127.0.0.1','内网IP','{\"categoryId\":6,\"description\":\"产地：平山太行山脚\\n\\n简介：精选平山太行山脚优质鲜木耳，经高温杀菌、真空低温干燥并切丝包装，无需泡发，开袋即食。木耳丝色泽乌黑、纤维分明，口感清脆爽口。拌以香油、蒜泥和米醋，数分钟即可制成健康凉拌小菜。无添加防腐剂，方便携带，既可当日常零食，也适合外出旅行携带。\\n\\n\",\"imageUrl\":\"http://localhost:8080/profile/upload/2025/04/27/me3_20250427231938A006.jpeg\",\"name\":\"平山即食木耳丝\",\"pStatus\":1,\"params\":{},\"price\":16,\"productId\":25,\"qualityLevel\":3,\"stock\":20}','{\"msg\":\"商品创建成功\",\"code\":200,\"data\":{\"productId\":25}}',0,NULL,'2025-04-27 15:19:38',47),(759,'销售员-产品关联',1,'com.ruoyi.system.controller.SallerProductController.add()','POST',1,'saller2',NULL,'/system/saller_product','127.0.0.1','内网IP','{\"params\":{},\"productId\":25,\"userId\":107}','{\"msg\":\"操作成功\",\"code\":200}',0,NULL,'2025-04-27 15:19:38',14),(760,'商品',1,'com.ruoyi.system.controller.ProductController.add()','POST',1,'saller3',NULL,'/system/product','127.0.0.1','内网IP','{\"categoryId\":7,\"description\":\"来自平山本地老树核桃，人工剥壳精选，仁粒饱满，油香四溢。富含天然蛋白质和不饱和脂肪酸，是健康营养的零食之选。\",\"imageUrl\":\"http://localhost:8080/profile/upload/2025/04/27/ht1_20250427232227A007.jpeg\",\"name\":\"山核桃仁\",\"pStatus\":1,\"params\":{},\"price\":33,\"productId\":26,\"qualityLevel\":1,\"stock\":200}','{\"msg\":\"商品创建成功\",\"code\":200,\"data\":{\"productId\":26}}',0,NULL,'2025-04-27 15:22:27',52),(761,'销售员-产品关联',1,'com.ruoyi.system.controller.SallerProductController.add()','POST',1,'saller3',NULL,'/system/saller_product','127.0.0.1','内网IP','{\"params\":{},\"productId\":26,\"userId\":108}','{\"msg\":\"操作成功\",\"code\":200}',0,NULL,'2025-04-27 15:22:27',10),(762,'商品',1,'com.ruoyi.system.controller.ProductController.add()','POST',1,'saller3',NULL,'/system/product','127.0.0.1','内网IP','{\"categoryId\":8,\"description\":\"选用平山优质花椒，颗粒饱满，人工研磨，麻香四溢，一撮花椒面就能点燃菜肴的灵魂，适合炒菜、炖肉、凉拌多种用法。\",\"imageUrl\":\"http://localhost:8080/profile/upload/2025/04/27/hj_20250427232314A008.jpeg\",\"name\":\"平山花椒\",\"pStatus\":1,\"params\":{},\"price\":12,\"productId\":27,\"qualityLevel\":2,\"stock\":200}','{\"msg\":\"商品创建成功\",\"code\":200,\"data\":{\"productId\":27}}',0,NULL,'2025-04-27 15:23:22',49),(763,'销售员-产品关联',1,'com.ruoyi.system.controller.SallerProductController.add()','POST',1,'saller3',NULL,'/system/saller_product','127.0.0.1','内网IP','{\"params\":{},\"productId\":27,\"userId\":108}','{\"msg\":\"操作成功\",\"code\":200}',0,NULL,'2025-04-27 15:23:22',6);
/*!40000 ALTER TABLE `sys_oper_log` ENABLE KEYS */;
UNLOCK TABLES;

--
-- Table structure for table `sys_post`
--

DROP TABLE IF EXISTS `sys_post`;
/*!40101 SET @saved_cs_client     = @@character_set_client */;
/*!50503 SET character_set_client = utf8mb4 */;
CREATE TABLE `sys_post` (
  `post_id` bigint NOT NULL AUTO_INCREMENT COMMENT '岗位ID',
  `post_code` varchar(64) NOT NULL COMMENT '岗位编码',
  `post_name` varchar(50) NOT NULL COMMENT '岗位名称',
  `post_sort` int NOT NULL COMMENT '显示顺序',
  `status` char(1) NOT NULL COMMENT '状态（0正常 1停用）',
  `create_by` varchar(64) DEFAULT '' COMMENT '创建者',
  `create_time` datetime DEFAULT NULL COMMENT '创建时间',
  `update_by` varchar(64) DEFAULT '' COMMENT '更新者',
  `update_time` datetime DEFAULT NULL COMMENT '更新时间',
  `remark` varchar(500) DEFAULT NULL COMMENT '备注',
  PRIMARY KEY (`post_id`)
) ENGINE=InnoDB AUTO_INCREMENT=5 DEFAULT CHARSET=utf8mb4 COLLATE=utf8mb4_0900_ai_ci COMMENT='岗位信息表';
/*!40101 SET character_set_client = @saved_cs_client */;

--
-- Dumping data for table `sys_post`
--

LOCK TABLES `sys_post` WRITE;
/*!40000 ALTER TABLE `sys_post` DISABLE KEYS */;
INSERT INTO `sys_post` VALUES (1,'ceo','董事长',1,'0','admin','2025-04-12 17:51:01','',NULL,''),(2,'se','项目经理',2,'0','admin','2025-04-12 17:51:01','',NULL,''),(3,'hr','人力资源',3,'0','admin','2025-04-12 17:51:01','',NULL,''),(4,'user','普通员工',4,'0','admin','2025-04-12 17:51:01','',NULL,'');
/*!40000 ALTER TABLE `sys_post` ENABLE KEYS */;
UNLOCK TABLES;

--
-- Table structure for table `sys_role`
--

DROP TABLE IF EXISTS `sys_role`;
/*!40101 SET @saved_cs_client     = @@character_set_client */;
/*!50503 SET character_set_client = utf8mb4 */;
CREATE TABLE `sys_role` (
  `role_id` bigint NOT NULL AUTO_INCREMENT COMMENT '角色ID',
  `role_name` varchar(30) NOT NULL COMMENT '角色名称',
  `role_key` varchar(100) NOT NULL COMMENT '角色权限字符串',
  `role_sort` int NOT NULL COMMENT '显示顺序',
  `data_scope` char(1) DEFAULT '1' COMMENT '数据范围（1：全部数据权限 2：自定数据权限 3：本部门数据权限 4：本部门及以下数据权限）',
  `menu_check_strictly` tinyint(1) DEFAULT '1' COMMENT '菜单树选择项是否关联显示',
  `dept_check_strictly` tinyint(1) DEFAULT '1' COMMENT '部门树选择项是否关联显示',
  `status` char(1) NOT NULL COMMENT '角色状态（0正常 1停用）',
  `del_flag` char(1) DEFAULT '0' COMMENT '删除标志（0代表存在 2代表删除）',
  `create_by` varchar(64) DEFAULT '' COMMENT '创建者',
  `create_time` datetime DEFAULT NULL COMMENT '创建时间',
  `update_by` varchar(64) DEFAULT '' COMMENT '更新者',
  `update_time` datetime DEFAULT NULL COMMENT '更新时间',
  `remark` varchar(500) DEFAULT NULL COMMENT '备注',
  PRIMARY KEY (`role_id`)
) ENGINE=InnoDB AUTO_INCREMENT=101 DEFAULT CHARSET=utf8mb4 COLLATE=utf8mb4_0900_ai_ci COMMENT='角色信息表';
/*!40101 SET character_set_client = @saved_cs_client */;

--
-- Dumping data for table `sys_role`
--

LOCK TABLES `sys_role` WRITE;
/*!40000 ALTER TABLE `sys_role` DISABLE KEYS */;
INSERT INTO `sys_role` VALUES (1,'超级管理员','admin',1,'1',1,1,'0','0','admin','2025-04-12 17:51:01','',NULL,'超级管理员'),(2,'普通角色','common',2,'2',1,1,'0','0','admin','2025-04-12 17:51:01','admin','2025-04-14 15:41:08','普通角色'),(100,'商家','saller',0,'1',1,1,'0','0','admin','2025-04-14 09:05:46','admin','2025-04-27 08:04:21',NULL);
/*!40000 ALTER TABLE `sys_role` ENABLE KEYS */;
UNLOCK TABLES;

--
-- Table structure for table `sys_role_dept`
--

DROP TABLE IF EXISTS `sys_role_dept`;
/*!40101 SET @saved_cs_client     = @@character_set_client */;
/*!50503 SET character_set_client = utf8mb4 */;
CREATE TABLE `sys_role_dept` (
  `role_id` bigint NOT NULL COMMENT '角色ID',
  `dept_id` bigint NOT NULL COMMENT '部门ID',
  PRIMARY KEY (`role_id`,`dept_id`)
) ENGINE=InnoDB DEFAULT CHARSET=utf8mb4 COLLATE=utf8mb4_0900_ai_ci COMMENT='角色和部门关联表';
/*!40101 SET character_set_client = @saved_cs_client */;

--
-- Dumping data for table `sys_role_dept`
--

LOCK TABLES `sys_role_dept` WRITE;
/*!40000 ALTER TABLE `sys_role_dept` DISABLE KEYS */;
INSERT INTO `sys_role_dept` VALUES (2,100),(2,101),(2,105);
/*!40000 ALTER TABLE `sys_role_dept` ENABLE KEYS */;
UNLOCK TABLES;

--
-- Table structure for table `sys_role_menu`
--

DROP TABLE IF EXISTS `sys_role_menu`;
/*!40101 SET @saved_cs_client     = @@character_set_client */;
/*!50503 SET character_set_client = utf8mb4 */;
CREATE TABLE `sys_role_menu` (
  `role_id` bigint NOT NULL COMMENT '角色ID',
  `menu_id` bigint NOT NULL COMMENT '菜单ID',
  PRIMARY KEY (`role_id`,`menu_id`)
) ENGINE=InnoDB DEFAULT CHARSET=utf8mb4 COLLATE=utf8mb4_0900_ai_ci COMMENT='角色和菜单关联表';
/*!40101 SET character_set_client = @saved_cs_client */;

--
-- Dumping data for table `sys_role_menu`
--

LOCK TABLES `sys_role_menu` WRITE;
/*!40000 ALTER TABLE `sys_role_menu` DISABLE KEYS */;
INSERT INTO `sys_role_menu` VALUES (2,1),(2,2),(2,100),(2,101),(2,107),(2,108),(2,109),(2,110),(2,111),(2,112),(2,113),(2,114),(2,500),(2,501),(2,1000),(2,1001),(2,1002),(2,1003),(2,1004),(2,1005),(2,1006),(2,1007),(2,1008),(2,1009),(2,1010),(2,1011),(2,1035),(2,1036),(2,1037),(2,1038),(2,1039),(2,1040),(2,1041),(2,1042),(2,1043),(2,1044),(2,1045),(2,1046),(2,1047),(2,1048),(2,1049),(2,1050),(2,1051),(2,1052),(2,1053),(2,1054),(2,2000),(2,2001),(2,2002),(2,2003),(2,2004),(2,2005),(2,2006),(2,2007),(2,2008),(2,2009),(2,2010),(2,2011),(2,2012),(2,2013),(2,2014),(2,2015),(2,2016),(2,2017),(2,2018),(2,2019),(2,2020),(2,2021),(2,2022),(2,2023),(2,2024),(2,2025),(2,2026),(2,2027),(2,2028),(2,2029),(2,2030),(2,2031),(2,2032),(2,2033),(2,2034),(2,2035),(2,2036),(2,2037),(2,2038),(2,2039),(2,2040),(2,2041),(2,2042),(100,2000),(100,2001),(100,2002),(100,2003),(100,2004),(100,2005),(100,2006),(100,2007),(100,2008),(100,2009),(100,2010),(100,2011),(100,2012),(100,2013),(100,2014),(100,2015),(100,2016),(100,2017),(100,2018),(100,2025),(100,2026),(100,2027),(100,2028),(100,2029),(100,2030),(100,2031),(100,2032),(100,2033),(100,2034),(100,2035),(100,2036),(100,2037),(100,2038),(100,2039),(100,2040),(100,2041),(100,2042),(100,2043),(100,2044),(100,2045),(100,2046),(100,2047),(100,2048),(100,2049),(100,2050),(100,2051),(100,2052),(100,2053),(100,2054),(100,2056),(100,2057),(100,2058),(100,2059),(100,2060),(100,2061),(100,2062),(100,2063),(100,2064),(100,2065),(100,2066),(100,2067);
/*!40000 ALTER TABLE `sys_role_menu` ENABLE KEYS */;
UNLOCK TABLES;

--
-- Table structure for table `sys_user`
--

DROP TABLE IF EXISTS `sys_user`;
/*!40101 SET @saved_cs_client     = @@character_set_client */;
/*!50503 SET character_set_client = utf8mb4 */;
CREATE TABLE `sys_user` (
  `user_id` bigint NOT NULL AUTO_INCREMENT COMMENT '用户ID',
  `dept_id` bigint DEFAULT NULL COMMENT '部门ID',
  `user_name` varchar(30) NOT NULL COMMENT '用户账号',
  `nick_name` varchar(30) NOT NULL COMMENT '用户昵称',
  `user_type` varchar(2) DEFAULT '00' COMMENT '用户类型（00系统用户）',
  `email` varchar(50) DEFAULT '' COMMENT '用户邮箱',
  `phonenumber` varchar(11) DEFAULT '' COMMENT '手机号码',
  `sex` char(1) DEFAULT '0' COMMENT '用户性别（0男 1女 2未知）',
  `avatar` varchar(100) DEFAULT '' COMMENT '头像地址',
  `password` varchar(100) DEFAULT '' COMMENT '密码',
  `status` char(1) DEFAULT '0' COMMENT '帐号状态（0正常 1停用）',
  `del_flag` char(1) DEFAULT '0' COMMENT '删除标志（0代表存在 2代表删除）',
  `login_ip` varchar(128) DEFAULT '' COMMENT '最后登录IP',
  `login_date` datetime DEFAULT NULL COMMENT '最后登录时间',
  `create_by` varchar(64) DEFAULT '' COMMENT '创建者',
  `create_time` datetime DEFAULT NULL COMMENT '创建时间',
  `update_by` varchar(64) DEFAULT '' COMMENT '更新者',
  `update_time` datetime DEFAULT NULL COMMENT '更新时间',
  `remark` varchar(500) DEFAULT NULL COMMENT '备注',
  PRIMARY KEY (`user_id`)
) ENGINE=InnoDB AUTO_INCREMENT=109 DEFAULT CHARSET=utf8mb4 COLLATE=utf8mb4_0900_ai_ci COMMENT='用户信息表';
/*!40101 SET character_set_client = @saved_cs_client */;

--
-- Dumping data for table `sys_user`
--

LOCK TABLES `sys_user` WRITE;
/*!40000 ALTER TABLE `sys_user` DISABLE KEYS */;
INSERT INTO `sys_user` VALUES (1,103,'admin','若依','00','ry@163.com','18830221092','1','','$2a$10$7JB720yubVSZvUI0rEqK/.VqGOZTH.ulu33dHOiBE8ByOhJIrdAu2','0','0','127.0.0.1','2025-04-27 23:23:37','admin','2025-04-12 17:51:01','','2025-04-27 15:23:37','管理员'),(2,103,'ry','hxx','00','ry@qq.com','15666666666','1','','$2a$10$7JB720yubVSZvUI0rEqK/.VqGOZTH.ulu33dHOiBE8ByOhJIrdAu2','0','0','127.0.0.1','2025-04-14 10:14:27','admin','2025-04-12 17:51:01','admin','2025-04-25 07:57:33','测试员'),(100,NULL,'商家','saller','00','','','0','','$2a$10$k6o7jTFiWUZaTbtpW/n92uniMRuQ.//MuSIFXAs3cvjLq.xtM/ke.','0','2','',NULL,'admin','2025-04-14 09:04:57','admin','2025-04-14 09:06:21',NULL),(101,NULL,'商家','saller','00','','','0','','$2a$10$VTiqwymZgfZMos3tx1zvg.BEfW7eEo74VgcpznLf7HlDVQO3Z8tYe','0','2','',NULL,'admin','2025-04-14 09:06:45','',NULL,NULL),(102,NULL,'saller','河北平山果园佳','00','','','0','','$2a$10$MDvvcoQ6xzVjaYgoTl5yCuoq.ifg4Uxv01kSzjoeW0OH9J/j0ynUa','0','0','127.0.0.1','2025-04-27 23:12:15','admin','2025-04-14 09:07:17','admin','2025-04-27 15:12:15',NULL),(103,NULL,'123','123','00','','','0','','$2a$10$.NKWiCgR6bD.AxlKkd/xIeZ6IcboPm5fflEwFpEVJfl08V5Qziv6C','0','2','127.0.0.1','2025-04-25 15:56:55','','2025-04-25 07:56:46','admin','2025-04-25 07:57:26',NULL),(104,NULL,'11','11','00','','','0','','$2a$10$7rElckB.J67l9OqhUFyHzuIXmmLi0ZtA8P2goY3a9tLu3R6Cx7w6u','0','2','127.0.0.1','2025-04-25 16:05:17','','2025-04-25 08:04:56','','2025-04-25 08:05:16',NULL),(105,NULL,'22','22','00','','','0','','$2a$10$yaIq1PuszEPxMQy7Em8IYeGjcDKFi/rveeZ6gXLrMZYqeAR1Wlx5O','0','2','127.0.0.1','2025-04-26 00:55:47','','2025-04-25 16:55:28','','2025-04-25 16:55:46',NULL),(106,NULL,'44','44','00','','','0','','$2a$10$dDVJmi4mRR5de4fJlsRIW.g93C851sEw8TaVguFsSWsaCaRy8r7am','0','2','127.0.0.1','2025-04-26 01:21:02','','2025-04-25 17:20:42','','2025-04-25 17:21:02',NULL),(107,NULL,'saller2','河北平山森森木耳','00','','','0','','$2a$10$nPBC6s88qf5bXrk0VVIUv.yNembxRrrG6BEEUIlp1clzwmSsVkVpe','0','0','127.0.0.1','2025-04-27 23:15:35','admin','2025-04-27 09:26:55','admin','2025-04-27 15:15:35',NULL),(108,NULL,'saller3','河北平山杂货','00','','','0','','$2a$10$FOrln812qTbVwaXKDRMfju5wSIrWDfqAITdFRkCBFXlg8zFhvbSE.','0','0','127.0.0.1','2025-04-27 23:20:57','admin','2025-04-27 15:10:19','admin','2025-04-27 15:20:57',NULL);
/*!40000 ALTER TABLE `sys_user` ENABLE KEYS */;
UNLOCK TABLES;
/*!50003 SET @saved_cs_client      = @@character_set_client */ ;
/*!50003 SET @saved_cs_results     = @@character_set_results */ ;
/*!50003 SET @saved_col_connection = @@collation_connection */ ;
/*!50003 SET character_set_client  = utf8mb3 */ ;
/*!50003 SET character_set_results = utf8mb3 */ ;
/*!50003 SET collation_connection  = utf8mb3_general_ci */ ;
/*!50003 SET @saved_sql_mode       = @@sql_mode */ ;
/*!50003 SET sql_mode              = 'ONLY_FULL_GROUP_BY,STRICT_TRANS_TABLES,NO_ZERO_IN_DATE,NO_ZERO_DATE,ERROR_FOR_DIVISION_BY_ZERO,NO_ENGINE_SUBSTITUTION' */ ;
DELIMITER ;;
/*!50003 CREATE*/ /*!50017 DEFINER=`root`@`%`*/ /*!50003 TRIGGER `trg_after_insert_sys_user` AFTER INSERT ON `sys_user` FOR EACH ROW BEGIN
    -- 检查是否已经有对应的 user_id 在 sys_user_role 中
    IF NOT EXISTS (
        SELECT 1 FROM sys_user_role WHERE user_id = NEW.user_id
    ) THEN
        -- 如果没有，插入默认的 role_id 为 2 的记录
        INSERT INTO sys_user_role (user_id, role_id)
        VALUES (NEW.user_id, 2);
    END IF;
END */;;
DELIMITER ;
/*!50003 SET sql_mode              = @saved_sql_mode */ ;
/*!50003 SET character_set_client  = @saved_cs_client */ ;
/*!50003 SET character_set_results = @saved_cs_results */ ;
/*!50003 SET collation_connection  = @saved_col_connection */ ;

--
-- Table structure for table `sys_user_post`
--

DROP TABLE IF EXISTS `sys_user_post`;
/*!40101 SET @saved_cs_client     = @@character_set_client */;
/*!50503 SET character_set_client = utf8mb4 */;
CREATE TABLE `sys_user_post` (
  `user_id` bigint NOT NULL COMMENT '用户ID',
  `post_id` bigint NOT NULL COMMENT '岗位ID',
  PRIMARY KEY (`user_id`,`post_id`)
) ENGINE=InnoDB DEFAULT CHARSET=utf8mb4 COLLATE=utf8mb4_0900_ai_ci COMMENT='用户与岗位关联表';
/*!40101 SET character_set_client = @saved_cs_client */;

--
-- Dumping data for table `sys_user_post`
--

LOCK TABLES `sys_user_post` WRITE;
/*!40000 ALTER TABLE `sys_user_post` DISABLE KEYS */;
INSERT INTO `sys_user_post` VALUES (1,1);
/*!40000 ALTER TABLE `sys_user_post` ENABLE KEYS */;
UNLOCK TABLES;

--
-- Table structure for table `sys_user_role`
--

DROP TABLE IF EXISTS `sys_user_role`;
/*!40101 SET @saved_cs_client     = @@character_set_client */;
/*!50503 SET character_set_client = utf8mb4 */;
CREATE TABLE `sys_user_role` (
  `user_id` bigint NOT NULL COMMENT '用户ID',
  `role_id` bigint NOT NULL COMMENT '角色ID',
  PRIMARY KEY (`user_id`,`role_id`)
) ENGINE=InnoDB DEFAULT CHARSET=utf8mb4 COLLATE=utf8mb4_0900_ai_ci COMMENT='用户和角色关联表';
/*!40101 SET character_set_client = @saved_cs_client */;

--
-- Dumping data for table `sys_user_role`
--

LOCK TABLES `sys_user_role` WRITE;
/*!40000 ALTER TABLE `sys_user_role` DISABLE KEYS */;
INSERT INTO `sys_user_role` VALUES (1,1),(2,2),(102,100),(107,100),(108,100);
/*!40000 ALTER TABLE `sys_user_role` ENABLE KEYS */;
UNLOCK TABLES;

--
-- Table structure for table `user_address`
--

DROP TABLE IF EXISTS `user_address`;
/*!40101 SET @saved_cs_client     = @@character_set_client */;
/*!50503 SET character_set_client = utf8mb4 */;
CREATE TABLE `user_address` (
  `address_id` int NOT NULL AUTO_INCREMENT COMMENT '地址主键',
  `user_id` bigint NOT NULL COMMENT '关联用户ID',
  `address` varchar(255) NOT NULL COMMENT '详细地址',
  PRIMARY KEY (`address_id`),
  KEY `fk_user_address` (`user_id`),
  CONSTRAINT `fk_user_address` FOREIGN KEY (`user_id`) REFERENCES `sys_user` (`user_id`)
) ENGINE=InnoDB AUTO_INCREMENT=3 DEFAULT CHARSET=utf8mb4 COLLATE=utf8mb4_0900_ai_ci COMMENT='用户地址信息';
/*!40101 SET character_set_client = @saved_cs_client */;

--
-- Dumping data for table `user_address`
--

LOCK TABLES `user_address` WRITE;
/*!40000 ALTER TABLE `user_address` DISABLE KEYS */;
INSERT INTO `user_address` VALUES (2,1,'1111111111');
/*!40000 ALTER TABLE `user_address` ENABLE KEYS */;
UNLOCK TABLES;

--
-- Temporary view structure for view `view_product_reviews`
--

DROP TABLE IF EXISTS `view_product_reviews`;
/*!50001 DROP VIEW IF EXISTS `view_product_reviews`*/;
SET @saved_cs_client     = @@character_set_client;
/*!50503 SET character_set_client = utf8mb4 */;
/*!50001 CREATE VIEW `view_product_reviews` AS SELECT 
 1 AS `review_id`,
 1 AS `user_id`,
 1 AS `nick_name`,
 1 AS `product_id`,
 1 AS `rating`,
 1 AS `comment`,
 1 AS `created_at`*/;
SET character_set_client = @saved_cs_client;

--
-- Temporary view structure for view `vw_product_with_user`
--

DROP TABLE IF EXISTS `vw_product_with_user`;
/*!50001 DROP VIEW IF EXISTS `vw_product_with_user`*/;
SET @saved_cs_client     = @@character_set_client;
/*!50503 SET character_set_client = utf8mb4 */;
/*!50001 CREATE VIEW `vw_product_with_user` AS SELECT 
 1 AS `product_id`,
 1 AS `category_id`,
 1 AS `name`,
 1 AS `description`,
 1 AS `price`,
 1 AS `quality_level`,
 1 AS `stock`,
 1 AS `image_url`,
 1 AS `created_at`,
 1 AS `updated_at`,
 1 AS `p_status`,
 1 AS `user_id`,
 1 AS `nick_name`*/;
SET character_set_client = @saved_cs_client;

--
-- Final view structure for view `view_product_reviews`
--

/*!50001 DROP VIEW IF EXISTS `view_product_reviews`*/;
/*!50001 SET @saved_cs_client          = @@character_set_client */;
/*!50001 SET @saved_cs_results         = @@character_set_results */;
/*!50001 SET @saved_col_connection     = @@collation_connection */;
/*!50001 SET character_set_client      = utf8mb3 */;
/*!50001 SET character_set_results     = utf8mb3 */;
/*!50001 SET collation_connection      = utf8mb3_general_ci */;
/*!50001 CREATE ALGORITHM=UNDEFINED */
/*!50013 DEFINER=`root`@`%` SQL SECURITY DEFINER */
/*!50001 VIEW `view_product_reviews` AS select `r`.`review_id` AS `review_id`,`r`.`user_id` AS `user_id`,`u`.`nick_name` AS `nick_name`,`r`.`product_id` AS `product_id`,`r`.`rating` AS `rating`,`r`.`comment` AS `comment`,`r`.`created_at` AS `created_at` from (`review` `r` left join `sys_user` `u` on((`r`.`user_id` = `u`.`user_id`))) */;
/*!50001 SET character_set_client      = @saved_cs_client */;
/*!50001 SET character_set_results     = @saved_cs_results */;
/*!50001 SET collation_connection      = @saved_col_connection */;

--
-- Final view structure for view `vw_product_with_user`
--

/*!50001 DROP VIEW IF EXISTS `vw_product_with_user`*/;
/*!50001 SET @saved_cs_client          = @@character_set_client */;
/*!50001 SET @saved_cs_results         = @@character_set_results */;
/*!50001 SET @saved_col_connection     = @@collation_connection */;
/*!50001 SET character_set_client      = utf8mb3 */;
/*!50001 SET character_set_results     = utf8mb3 */;
/*!50001 SET collation_connection      = utf8mb3_general_ci */;
/*!50001 CREATE ALGORITHM=UNDEFINED */
/*!50013 DEFINER=`root`@`%` SQL SECURITY DEFINER */
/*!50001 VIEW `vw_product_with_user` AS select `p`.`product_id` AS `product_id`,`p`.`category_id` AS `category_id`,`p`.`name` AS `name`,`p`.`description` AS `description`,`p`.`price` AS `price`,`p`.`quality_level` AS `quality_level`,`p`.`stock` AS `stock`,`p`.`image_url` AS `image_url`,`p`.`created_at` AS `created_at`,`p`.`updated_at` AS `updated_at`,`p`.`p_status` AS `p_status`,`sp`.`user_id` AS `user_id`,`u`.`nick_name` AS `nick_name` from ((`product` `p` left join `saller_product` `sp` on((`p`.`product_id` = `sp`.`product_id`))) left join `sys_user` `u` on((`sp`.`user_id` = `u`.`user_id`))) */;
/*!50001 SET character_set_client      = @saved_cs_client */;
/*!50001 SET character_set_results     = @saved_cs_results */;
/*!50001 SET collation_connection      = @saved_col_connection */;
/*!40103 SET TIME_ZONE=@OLD_TIME_ZONE */;

/*!40101 SET SQL_MODE=@OLD_SQL_MODE */;
/*!40014 SET FOREIGN_KEY_CHECKS=@OLD_FOREIGN_KEY_CHECKS */;
/*!40014 SET UNIQUE_CHECKS=@OLD_UNIQUE_CHECKS */;
/*!40101 SET CHARACTER_SET_CLIENT=@OLD_CHARACTER_SET_CLIENT */;
/*!40101 SET CHARACTER_SET_RESULTS=@OLD_CHARACTER_SET_RESULTS */;
/*!40101 SET COLLATION_CONNECTION=@OLD_COLLATION_CONNECTION */;
/*!40111 SET SQL_NOTES=@OLD_SQL_NOTES */;

-- Dump completed on 2025-04-27 23:29:58
