<?xml version="1.0" encoding="UTF-8" ?>
<!DOCTYPE mapper
PUBLIC "-//mybatis.org//DTD Mapper 3.0//EN"
"http://mybatis.org/dtd/mybatis-3-mapper.dtd">
<mapper namespace="com.ruoyi.system.mapper.ProductMapper">
    
    <resultMap type="Product" id="ProductResult">
        <result property="productId"    column="product_id"    />
        <result property="categoryId"    column="category_id"    />
        <result property="name"    column="name"    />
        <result property="description"    column="description"    />
        <result property="price"    column="price"    />
        <result property="qualityLevel"    column="quality_level"    />
        <result property="stock"    column="stock"    />
        <result property="imageUrl"    column="image_url"    />
        <result property="createdAt"    column="created_at"    />
        <result property="updatedAt"    column="updated_at"    />
        <result property="pStatus"    column="p_status"    />
    </resultMap>

    <sql id="selectProductVo">
        select product_id, category_id, name, description, price, quality_level, stock, image_url, created_at, updated_at, p_status from product
    </sql>

    <select id="selectProductList" parameterType="Product" resultMap="ProductResult">
        <include refid="selectProductVo"/>
        <where>  
            <if test="categoryId != null "> and category_id = #{categoryId}</if>
            <if test="name != null  and name != ''"> and name like concat('%', #{name}, '%')</if>
            <if test="description != null  and description != ''"> and description = #{description}</if>
            <if test="price != null "> and price = #{price}</if>
            <if test="qualityLevel != null "> and quality_level = #{qualityLevel}</if>
            <if test="stock != null "> and stock = #{stock}</if>
            <if test="imageUrl != null  and imageUrl != ''"> and image_url = #{imageUrl}</if>
            <if test="createdAt != null "> and created_at = #{createdAt}</if>
            <if test="updatedAt != null "> and updated_at = #{updatedAt}</if>
            <if test="pStatus != null "> and p_status = #{pStatus}</if>
        </where>
    </select>
    
    <select id="selectProductByProductId" parameterType="Long" resultMap="ProductResult">
        <include refid="selectProductVo"/>
        where product_id = #{productId}
    </select>

    <insert id="insertProduct" parameterType="Product" useGeneratedKeys="true" keyProperty="productId">
        insert into product
        <trim prefix="(" suffix=")" suffixOverrides=",">
            <if test="categoryId != null">category_id,</if>
            <if test="name != null and name != ''">name,</if>
            <if test="description != null">description,</if>
            <if test="price != null">price,</if>
            <if test="qualityLevel != null">quality_level,</if>
            <if test="stock != null">stock,</if>
            <if test="imageUrl != null">image_url,</if>
            <if test="createdAt != null">created_at,</if>
            <if test="updatedAt != null">updated_at,</if>
            <if test="pStatus != null">p_status,</if>
         </trim>
        <trim prefix="values (" suffix=")" suffixOverrides=",">
            <if test="categoryId != null">#{categoryId},</if>
            <if test="name != null and name != ''">#{name},</if>
            <if test="description != null">#{description},</if>
            <if test="price != null">#{price},</if>
            <if test="qualityLevel != null">#{qualityLevel},</if>
            <if test="stock != null">#{stock},</if>
            <if test="imageUrl != null">#{imageUrl},</if>
            <if test="createdAt != null">#{createdAt},</if>
            <if test="updatedAt != null">#{updatedAt},</if>
            <if test="pStatus != null">#{pStatus},</if>
         </trim>
    </insert>

    <update id="updateProduct" parameterType="Product">
        update product
        <trim prefix="SET" suffixOverrides=",">
            <if test="categoryId != null">category_id = #{categoryId},</if>
            <if test="name != null and name != ''">name = #{name},</if>
            <if test="description != null">description = #{description},</if>
            <if test="price != null">price = #{price},</if>
            <if test="qualityLevel != null">quality_level = #{qualityLevel},</if>
            <if test="stock != null">stock = #{stock},</if>
            <if test="imageUrl != null">image_url = #{imageUrl},</if>
            <if test="createdAt != null">created_at = #{createdAt},</if>
            <if test="updatedAt != null">updated_at = #{updatedAt},</if>
            <if test="pStatus != null">p_status = #{pStatus},</if>
        </trim>
        where product_id = #{productId}
    </update>

    <delete id="deleteProductByProductId" parameterType="Long">
        delete from product where product_id = #{productId}
    </delete>

    <delete id="deleteProductByProductIds" parameterType="String">
        delete from product where product_id in 
        <foreach item="productId" collection="array" open="(" separator="," close=")">
            #{productId}
        </foreach>
    </delete>
</mapper>